[
   {
      "name": "Angul",
      "countryCode": "IN",
      "stateCode": "OR"
   },
   {
      "name": "Angul District",
      "countryCode": "IN",
      "stateCode": "OR"
   },
   {
      "name": "Asika",
      "countryCode": "IN",
      "stateCode": "OR"
   },
   {
      "name": "Athagarh",
      "countryCode": "IN",
      "stateCode": "OR"
   },
   {
      "name": "Bada Barabil",
      "countryCode": "IN",
      "stateCode": "OR"
   },
   {
      "name": "Balangir",
      "countryCode": "IN",
      "stateCode": "OR"
   },
   {
      "name": "Balasore",
      "countryCode": "IN",
      "stateCode": "OR"
   },
   {
      "name": "Baleshwar",
      "countryCode": "IN",
      "stateCode": "OR"
   },
   {
      "name": "Balimila",
      "countryCode": "IN",
      "stateCode": "OR"
   },
   {
      "name": "Balugaon",
      "countryCode": "IN",
      "stateCode": "OR"
   },
   {
      "name": "Banapur",
      "countryCode": "IN",
      "stateCode": "OR"
   },
   {
      "name": "Banki",
      "countryCode": "IN",
      "stateCode": "OR"
   },
   {
      "name": "Banposh",
      "countryCode": "IN",
      "stateCode": "OR"
   },
   {
      "name": "Baragarh",
      "countryCode": "IN",
      "stateCode": "OR"
   },
   {
      "name": "Barbil",
      "countryCode": "IN",
      "stateCode": "OR"
   },
   {
      "name": "Bargarh",
      "countryCode": "IN",
      "stateCode": "OR"
   },
   {
      "name": "Barpali",
      "countryCode": "IN",
      "stateCode": "OR"
   },
   {
      "name": "Basudebpur",
      "countryCode": "IN",
      "stateCode": "OR"
   },
   {
      "name": "Baud",
      "countryCode": "IN",
      "stateCode": "OR"
   },
   {
      "name": "Baudh",
      "countryCode": "IN",
      "stateCode": "OR"
   },
   {
      "name": "Belaguntha",
      "countryCode": "IN",
      "stateCode": "OR"
   },
   {
      "name": "Bhadrak",
      "countryCode": "IN",
      "stateCode": "OR"
   },
   {
      "name": "Bhadrakh",
      "countryCode": "IN",
      "stateCode": "OR"
   },
   {
      "name": "Bhanjanagar",
      "countryCode": "IN",
      "stateCode": "OR"
   },
   {
      "name": "Bhawanipatna",
      "countryCode": "IN",
      "stateCode": "OR"
   },
   {
      "name": "Bhuban",
      "countryCode": "IN",
      "stateCode": "OR"
   },
   {
      "name": "Bhubaneshwar",
      "countryCode": "IN",
      "stateCode": "OR"
   },
   {
      "name": "Binka",
      "countryCode": "IN",
      "stateCode": "OR"
   },
   {
      "name": "Birmitrapur",
      "countryCode": "IN",
      "stateCode": "OR"
   },
   {
      "name": "Bolanikhodan",
      "countryCode": "IN",
      "stateCode": "OR"
   },
   {
      "name": "Brahmapur",
      "countryCode": "IN",
      "stateCode": "OR"
   },
   {
      "name": "Brajarajnagar",
      "countryCode": "IN",
      "stateCode": "OR"
   },
   {
      "name": "Buguda",
      "countryCode": "IN",
      "stateCode": "OR"
   },
   {
      "name": "Burla",
      "countryCode": "IN",
      "stateCode": "OR"
   },
   {
      "name": "Champua",
      "countryCode": "IN",
      "stateCode": "OR"
   },
   {
      "name": "Chandbali",
      "countryCode": "IN",
      "stateCode": "OR"
   },
   {
      "name": "Chatrapur",
      "countryCode": "IN",
      "stateCode": "OR"
   },
   {
      "name": "Chikitigarh",
      "countryCode": "IN",
      "stateCode": "OR"
   },
   {
      "name": "Chittarkonda",
      "countryCode": "IN",
      "stateCode": "OR"
   },
   {
      "name": "Cuttack",
      "countryCode": "IN",
      "stateCode": "OR"
   },
   {
      "name": "Daitari",
      "countryCode": "IN",
      "stateCode": "OR"
   },
   {
      "name": "Deogarh",
      "countryCode": "IN",
      "stateCode": "OR"
   },
   {
      "name": "Dhenkanal",
      "countryCode": "IN",
      "stateCode": "OR"
   },
   {
      "name": "Digapahandi",
      "countryCode": "IN",
      "stateCode": "OR"
   },
   {
      "name": "Gajapati",
      "countryCode": "IN",
      "stateCode": "OR"
   },
   {
      "name": "Ganjam",
      "countryCode": "IN",
      "stateCode": "OR"
   },
   {
      "name": "Gopalpur",
      "countryCode": "IN",
      "stateCode": "OR"
   },
   {
      "name": "Gudari",
      "countryCode": "IN",
      "stateCode": "OR"
   },
   {
      "name": "Gunupur",
      "countryCode": "IN",
      "stateCode": "OR"
   },
   {
      "name": "Hinjilikatu",
      "countryCode": "IN",
      "stateCode": "OR"
   },
   {
      "name": "Hirakud",
      "countryCode": "IN",
      "stateCode": "OR"
   },
   {
      "name": "Jagatsinghapur",
      "countryCode": "IN",
      "stateCode": "OR"
   },
   {
      "name": "Jagatsinghpur",
      "countryCode": "IN",
      "stateCode": "OR"
   },
   {
      "name": "Jajpur",
      "countryCode": "IN",
      "stateCode": "OR"
   },
   {
      "name": "Jaleshwar",
      "countryCode": "IN",
      "stateCode": "OR"
   },
   {
      "name": "Jatani",
      "countryCode": "IN",
      "stateCode": "OR"
   },
   {
      "name": "Jeypore",
      "countryCode": "IN",
      "stateCode": "OR"
   },
   {
      "name": "Jharsuguda",
      "countryCode": "IN",
      "stateCode": "OR"
   },
   {
      "name": "Jharsuguda District",
      "countryCode": "IN",
      "stateCode": "OR"
   },
   {
      "name": "Kaintragarh",
      "countryCode": "IN",
      "stateCode": "OR"
   },
   {
      "name": "Kalahandi",
      "countryCode": "IN",
      "stateCode": "OR"
   },
   {
      "name": "Kamakhyanagar",
      "countryCode": "IN",
      "stateCode": "OR"
   },
   {
      "name": "Kandhamal",
      "countryCode": "IN",
      "stateCode": "OR"
   },
   {
      "name": "Kantabanji",
      "countryCode": "IN",
      "stateCode": "OR"
   },
   {
      "name": "Kantilo",
      "countryCode": "IN",
      "stateCode": "OR"
   },
   {
      "name": "Kendrapara",
      "countryCode": "IN",
      "stateCode": "OR"
   },
   {
      "name": "Kendraparha",
      "countryCode": "IN",
      "stateCode": "OR"
   },
   {
      "name": "Kendujhar",
      "countryCode": "IN",
      "stateCode": "OR"
   },
   {
      "name": "Kesinga",
      "countryCode": "IN",
      "stateCode": "OR"
   },
   {
      "name": "Khallikot",
      "countryCode": "IN",
      "stateCode": "OR"
   },
   {
      "name": "Kharhial",
      "countryCode": "IN",
      "stateCode": "OR"
   },
   {
      "name": "Khordha",
      "countryCode": "IN",
      "stateCode": "OR"
   },
   {
      "name": "Khurda",
      "countryCode": "IN",
      "stateCode": "OR"
   },
   {
      "name": "Kiri Buru",
      "countryCode": "IN",
      "stateCode": "OR"
   },
   {
      "name": "Kodala",
      "countryCode": "IN",
      "stateCode": "OR"
   },
   {
      "name": "Konarka",
      "countryCode": "IN",
      "stateCode": "OR"
   },
   {
      "name": "Koraput",
      "countryCode": "IN",
      "stateCode": "OR"
   },
   {
      "name": "Kuchaiburi",
      "countryCode": "IN",
      "stateCode": "OR"
   },
   {
      "name": "Kuchinda",
      "countryCode": "IN",
      "stateCode": "OR"
   },
   {
      "name": "Malakanagiri",
      "countryCode": "IN",
      "stateCode": "OR"
   },
   {
      "name": "Malkangiri",
      "countryCode": "IN",
      "stateCode": "OR"
   },
   {
      "name": "Mayurbhanj",
      "countryCode": "IN",
      "stateCode": "OR"
   },
   {
      "name": "Nabarangpur",
      "countryCode": "IN",
      "stateCode": "OR"
   },
   {
      "name": "Nayagarh",
      "countryCode": "IN",
      "stateCode": "OR"
   },
   {
      "name": "Nayagarh District",
      "countryCode": "IN",
      "stateCode": "OR"
   },
   {
      "name": "Nilgiri",
      "countryCode": "IN",
      "stateCode": "OR"
   },
   {
      "name": "Nimaparha",
      "countryCode": "IN",
      "stateCode": "OR"
   },
   {
      "name": "Nowrangapur",
      "countryCode": "IN",
      "stateCode": "OR"
   },
   {
      "name": "Nuapada",
      "countryCode": "IN",
      "stateCode": "OR"
   },
   {
      "name": "Padampur",
      "countryCode": "IN",
      "stateCode": "OR"
   },
   {
      "name": "Paradip Garh",
      "countryCode": "IN",
      "stateCode": "OR"
   },
   {
      "name": "Patamundai",
      "countryCode": "IN",
      "stateCode": "OR"
   },
   {
      "name": "Patnagarh",
      "countryCode": "IN",
      "stateCode": "OR"
   },
   {
      "name": "Phulbani",
      "countryCode": "IN",
      "stateCode": "OR"
   },
   {
      "name": "Pipili",
      "countryCode": "IN",
      "stateCode": "OR"
   },
   {
      "name": "Polasara",
      "countryCode": "IN",
      "stateCode": "OR"
   },
   {
      "name": "Puri",
      "countryCode": "IN",
      "stateCode": "OR"
   },
   {
      "name": "Purushottampur",
      "countryCode": "IN",
      "stateCode": "OR"
   },
   {
      "name": "Rambha",
      "countryCode": "IN",
      "stateCode": "OR"
   },
   {
      "name": "Raurkela",
      "countryCode": "IN",
      "stateCode": "OR"
   },
   {
      "name": "Rayagada",
      "countryCode": "IN",
      "stateCode": "OR"
   },
   {
      "name": "Remuna",
      "countryCode": "IN",
      "stateCode": "OR"
   },
   {
      "name": "Rengali",
      "countryCode": "IN",
      "stateCode": "OR"
   },
   {
      "name": "Sambalpur",
      "countryCode": "IN",
      "stateCode": "OR"
   },
   {
      "name": "Sonepur",
      "countryCode": "IN",
      "stateCode": "OR"
   },
   {
      "name": "Sorada",
      "countryCode": "IN",
      "stateCode": "OR"
   },
   {
      "name": "Soro",
      "countryCode": "IN",
      "stateCode": "OR"
   },
   {
      "name": "Subarnapur",
      "countryCode": "IN",
      "stateCode": "OR"
   },
   {
      "name": "Sundargarh",
      "countryCode": "IN",
      "stateCode": "OR"
   },
   {
      "name": "Talcher",
      "countryCode": "IN",
      "stateCode": "OR"
   },
   {
      "name": "Tarabha",
      "countryCode": "IN",
      "stateCode": "OR"
   },
   {
      "name": "Titlagarh",
      "countryCode": "IN",
      "stateCode": "OR"
   },
   {
      "name": "Udayagiri",
      "countryCode": "IN",
      "stateCode": "OR"
   }
]