[
   {
      "name": "Abuyog",
      "countryCode": "PH",
      "stateCode": "BTN"
   },
   {
      "name": "Alangalang",
      "countryCode": "PH",
      "stateCode": "BTN"
   },
   {
      "name": "Albuera",
      "countryCode": "PH",
      "stateCode": "BTN"
   },
   {
      "name": "Alegria",
      "countryCode": "PH",
      "stateCode": "BTN"
   },
   {
      "name": "Allen",
      "countryCode": "PH",
      "stateCode": "BTN"
   },
   {
      "name": "Almagro",
      "countryCode": "PH",
      "stateCode": "BTN"
   },
   {
      "name": "Almeria",
      "countryCode": "PH",
      "stateCode": "BTN"
   },
   {
      "name": "Alugan",
      "countryCode": "PH",
      "stateCode": "BTN"
   },
   {
      "name": "Anahawan",
      "countryCode": "PH",
      "stateCode": "BTN"
   },
   {
      "name": "Anito",
      "countryCode": "PH",
      "stateCode": "BTN"
   },
   {
      "name": "Arteche",
      "countryCode": "PH",
      "stateCode": "BTN"
   },
   {
      "name": "Babatngon",
      "countryCode": "PH",
      "stateCode": "BTN"
   },
   {
      "name": "Balagtas",
      "countryCode": "PH",
      "stateCode": "BTN"
   },
   {
      "name": "Balagui",
      "countryCode": "PH",
      "stateCode": "BTN"
   },
   {
      "name": "Balangiga",
      "countryCode": "PH",
      "stateCode": "BTN"
   },
   {
      "name": "Balangkayan",
      "countryCode": "PH",
      "stateCode": "BTN"
   },
   {
      "name": "Balinsacayao",
      "countryCode": "PH",
      "stateCode": "BTN"
   },
   {
      "name": "Balocawehay",
      "countryCode": "PH",
      "stateCode": "BTN"
   },
   {
      "name": "Balogo",
      "countryCode": "PH",
      "stateCode": "BTN"
   },
   {
      "name": "Balud",
      "countryCode": "PH",
      "stateCode": "BTN"
   },
   {
      "name": "Bantayan",
      "countryCode": "PH",
      "stateCode": "BTN"
   },
   {
      "name": "Bantiqui",
      "countryCode": "PH",
      "stateCode": "BTN"
   },
   {
      "name": "Baras",
      "countryCode": "PH",
      "stateCode": "BTN"
   },
   {
      "name": "Barugo",
      "countryCode": "PH",
      "stateCode": "BTN"
   },
   {
      "name": "Basey",
      "countryCode": "PH",
      "stateCode": "BTN"
   },
   {
      "name": "Basud",
      "countryCode": "PH",
      "stateCode": "BTN"
   },
   {
      "name": "Bato",
      "countryCode": "PH",
      "stateCode": "BTN"
   },
   {
      "name": "Baybay",
      "countryCode": "PH",
      "stateCode": "BTN"
   },
   {
      "name": "Biliran",
      "countryCode": "PH",
      "stateCode": "BTN"
   },
   {
      "name": "Bilwang",
      "countryCode": "PH",
      "stateCode": "BTN"
   },
   {
      "name": "Biri",
      "countryCode": "PH",
      "stateCode": "BTN"
   },
   {
      "name": "Bislig",
      "countryCode": "PH",
      "stateCode": "BTN"
   },
   {
      "name": "Bitanjuan",
      "countryCode": "PH",
      "stateCode": "BTN"
   },
   {
      "name": "Bobon",
      "countryCode": "PH",
      "stateCode": "BTN"
   },
   {
      "name": "Bontoc",
      "countryCode": "PH",
      "stateCode": "BTN"
   },
   {
      "name": "Borongan",
      "countryCode": "PH",
      "stateCode": "BTN"
   },
   {
      "name": "Bugho",
      "countryCode": "PH",
      "stateCode": "BTN"
   },
   {
      "name": "Bugko",
      "countryCode": "PH",
      "stateCode": "BTN"
   },
   {
      "name": "Bunga",
      "countryCode": "PH",
      "stateCode": "BTN"
   },
   {
      "name": "Burauen",
      "countryCode": "PH",
      "stateCode": "BTN"
   },
   {
      "name": "Butazon",
      "countryCode": "PH",
      "stateCode": "BTN"
   },
   {
      "name": "Cabacu単gan",
      "countryCode": "PH",
      "stateCode": "BTN"
   },
   {
      "name": "Cabatuan",
      "countryCode": "PH",
      "stateCode": "BTN"
   },
   {
      "name": "Cabay",
      "countryCode": "PH",
      "stateCode": "BTN"
   },
   {
      "name": "Cabodiongan",
      "countryCode": "PH",
      "stateCode": "BTN"
   },
   {
      "name": "Cabucgayan",
      "countryCode": "PH",
      "stateCode": "BTN"
   },
   {
      "name": "Cagamotan",
      "countryCode": "PH",
      "stateCode": "BTN"
   },
   {
      "name": "Caibiran",
      "countryCode": "PH",
      "stateCode": "BTN"
   },
   {
      "name": "Calape",
      "countryCode": "PH",
      "stateCode": "BTN"
   },
   {
      "name": "Calbayog City",
      "countryCode": "PH",
      "stateCode": "BTN"
   },
   {
      "name": "Calbiga",
      "countryCode": "PH",
      "stateCode": "BTN"
   },
   {
      "name": "Calubian",
      "countryCode": "PH",
      "stateCode": "BTN"
   },
   {
      "name": "Can-Avid",
      "countryCode": "PH",
      "stateCode": "BTN"
   },
   {
      "name": "Canhandugan",
      "countryCode": "PH",
      "stateCode": "BTN"
   },
   {
      "name": "Capoocan",
      "countryCode": "PH",
      "stateCode": "BTN"
   },
   {
      "name": "Capul",
      "countryCode": "PH",
      "stateCode": "BTN"
   },
   {
      "name": "Caraycaray",
      "countryCode": "PH",
      "stateCode": "BTN"
   },
   {
      "name": "Caridad",
      "countryCode": "PH",
      "stateCode": "BTN"
   },
   {
      "name": "Carigara",
      "countryCode": "PH",
      "stateCode": "BTN"
   },
   {
      "name": "Catarman",
      "countryCode": "PH",
      "stateCode": "BTN"
   },
   {
      "name": "Catbalogan",
      "countryCode": "PH",
      "stateCode": "BTN"
   },
   {
      "name": "Catmon",
      "countryCode": "PH",
      "stateCode": "BTN"
   },
   {
      "name": "Catubig",
      "countryCode": "PH",
      "stateCode": "BTN"
   },
   {
      "name": "Cervantes",
      "countryCode": "PH",
      "stateCode": "BTN"
   },
   {
      "name": "Concepcion",
      "countryCode": "PH",
      "stateCode": "BTN"
   },
   {
      "name": "Consuegra",
      "countryCode": "PH",
      "stateCode": "BTN"
   },
   {
      "name": "Culaba",
      "countryCode": "PH",
      "stateCode": "BTN"
   },
   {
      "name": "Culasian",
      "countryCode": "PH",
      "stateCode": "BTN"
   },
   {
      "name": "Dagami",
      "countryCode": "PH",
      "stateCode": "BTN"
   },
   {
      "name": "Dao",
      "countryCode": "PH",
      "stateCode": "BTN"
   },
   {
      "name": "Dapdap",
      "countryCode": "PH",
      "stateCode": "BTN"
   },
   {
      "name": "Daram",
      "countryCode": "PH",
      "stateCode": "BTN"
   },
   {
      "name": "Dolores",
      "countryCode": "PH",
      "stateCode": "BTN"
   },
   {
      "name": "Doos",
      "countryCode": "PH",
      "stateCode": "BTN"
   },
   {
      "name": "Dulag",
      "countryCode": "PH",
      "stateCode": "BTN"
   },
   {
      "name": "Erenas",
      "countryCode": "PH",
      "stateCode": "BTN"
   },
   {
      "name": "Gabas",
      "countryCode": "PH",
      "stateCode": "BTN"
   },
   {
      "name": "Gamay",
      "countryCode": "PH",
      "stateCode": "BTN"
   },
   {
      "name": "Gandara",
      "countryCode": "PH",
      "stateCode": "BTN"
   },
   {
      "name": "General MacArthur",
      "countryCode": "PH",
      "stateCode": "BTN"
   },
   {
      "name": "Ginabuyan",
      "countryCode": "PH",
      "stateCode": "BTN"
   },
   {
      "name": "Giporlos",
      "countryCode": "PH",
      "stateCode": "BTN"
   },
   {
      "name": "Guindapunan",
      "countryCode": "PH",
      "stateCode": "BTN"
   },
   {
      "name": "Guirang",
      "countryCode": "PH",
      "stateCode": "BTN"
   },
   {
      "name": "Guiuan",
      "countryCode": "PH",
      "stateCode": "BTN"
   },
   {
      "name": "Hernani",
      "countryCode": "PH",
      "stateCode": "BTN"
   },
   {
      "name": "Hilongos",
      "countryCode": "PH",
      "stateCode": "BTN"
   },
   {
      "name": "Hindang",
      "countryCode": "PH",
      "stateCode": "BTN"
   },
   {
      "name": "Hingatungan",
      "countryCode": "PH",
      "stateCode": "BTN"
   },
   {
      "name": "Hinunangan",
      "countryCode": "PH",
      "stateCode": "BTN"
   },
   {
      "name": "Hinundayan",
      "countryCode": "PH",
      "stateCode": "BTN"
   },
   {
      "name": "Hipadpad",
      "countryCode": "PH",
      "stateCode": "BTN"
   },
   {
      "name": "Hipasngo",
      "countryCode": "PH",
      "stateCode": "BTN"
   },
   {
      "name": "Ibarra",
      "countryCode": "PH",
      "stateCode": "BTN"
   },
   {
      "name": "Ichon",
      "countryCode": "PH",
      "stateCode": "BTN"
   },
   {
      "name": "Inangatan",
      "countryCode": "PH",
      "stateCode": "BTN"
   },
   {
      "name": "Ipil",
      "countryCode": "PH",
      "stateCode": "BTN"
   },
   {
      "name": "Isabel",
      "countryCode": "PH",
      "stateCode": "BTN"
   },
   {
      "name": "Jaro",
      "countryCode": "PH",
      "stateCode": "BTN"
   },
   {
      "name": "Jiabong",
      "countryCode": "PH",
      "stateCode": "BTN"
   },
   {
      "name": "Jubasan",
      "countryCode": "PH",
      "stateCode": "BTN"
   },
   {
      "name": "Julita",
      "countryCode": "PH",
      "stateCode": "BTN"
   },
   {
      "name": "Kabuynan",
      "countryCode": "PH",
      "stateCode": "BTN"
   },
   {
      "name": "Kampokpok",
      "countryCode": "PH",
      "stateCode": "BTN"
   },
   {
      "name": "Kananya",
      "countryCode": "PH",
      "stateCode": "BTN"
   },
   {
      "name": "Kilim",
      "countryCode": "PH",
      "stateCode": "BTN"
   },
   {
      "name": "La Paz",
      "countryCode": "PH",
      "stateCode": "BTN"
   },
   {
      "name": "Lalauigan",
      "countryCode": "PH",
      "stateCode": "BTN"
   },
   {
      "name": "Lamak",
      "countryCode": "PH",
      "stateCode": "BTN"
   },
   {
      "name": "Lao",
      "countryCode": "PH",
      "stateCode": "BTN"
   },
   {
      "name": "Laoang",
      "countryCode": "PH",
      "stateCode": "BTN"
   },
   {
      "name": "Lapinig",
      "countryCode": "PH",
      "stateCode": "BTN"
   },
   {
      "name": "Las Navas",
      "countryCode": "PH",
      "stateCode": "BTN"
   },
   {
      "name": "Lavezares",
      "countryCode": "PH",
      "stateCode": "BTN"
   },
   {
      "name": "Leyte",
      "countryCode": "PH",
      "stateCode": "BTN"
   },
   {
      "name": "Libagon",
      "countryCode": "PH",
      "stateCode": "BTN"
   },
   {
      "name": "Libas",
      "countryCode": "PH",
      "stateCode": "BTN"
   },
   {
      "name": "Libertad",
      "countryCode": "PH",
      "stateCode": "BTN"
   },
   {
      "name": "Liberty",
      "countryCode": "PH",
      "stateCode": "BTN"
   },
   {
      "name": "Liloan",
      "countryCode": "PH",
      "stateCode": "BTN"
   },
   {
      "name": "Lim-oo",
      "countryCode": "PH",
      "stateCode": "BTN"
   },
   {
      "name": "Limon",
      "countryCode": "PH",
      "stateCode": "BTN"
   },
   {
      "name": "Llorente",
      "countryCode": "PH",
      "stateCode": "BTN"
   },
   {
      "name": "Looc",
      "countryCode": "PH",
      "stateCode": "BTN"
   },
   {
      "name": "Lope de Vega",
      "countryCode": "PH",
      "stateCode": "BTN"
   },
   {
      "name": "Maasin",
      "countryCode": "PH",
      "stateCode": "BTN"
   },
   {
      "name": "Mabini",
      "countryCode": "PH",
      "stateCode": "BTN"
   },
   {
      "name": "MacArthur",
      "countryCode": "PH",
      "stateCode": "BTN"
   },
   {
      "name": "Macrohon",
      "countryCode": "PH",
      "stateCode": "BTN"
   },
   {
      "name": "Mahaplag",
      "countryCode": "PH",
      "stateCode": "BTN"
   },
   {
      "name": "Makiwalo",
      "countryCode": "PH",
      "stateCode": "BTN"
   },
   {
      "name": "Malaga",
      "countryCode": "PH",
      "stateCode": "BTN"
   },
   {
      "name": "Malajog",
      "countryCode": "PH",
      "stateCode": "BTN"
   },
   {
      "name": "Malilinao",
      "countryCode": "PH",
      "stateCode": "BTN"
   },
   {
      "name": "Malitbog",
      "countryCode": "PH",
      "stateCode": "BTN"
   },
   {
      "name": "Mantang",
      "countryCode": "PH",
      "stateCode": "BTN"
   },
   {
      "name": "Mapanas",
      "countryCode": "PH",
      "stateCode": "BTN"
   },
   {
      "name": "Margen",
      "countryCode": "PH",
      "stateCode": "BTN"
   },
   {
      "name": "Maripipi",
      "countryCode": "PH",
      "stateCode": "BTN"
   },
   {
      "name": "Masarayao",
      "countryCode": "PH",
      "stateCode": "BTN"
   },
   {
      "name": "Maslog",
      "countryCode": "PH",
      "stateCode": "BTN"
   },
   {
      "name": "Matalom",
      "countryCode": "PH",
      "stateCode": "BTN"
   },
   {
      "name": "Matlang",
      "countryCode": "PH",
      "stateCode": "BTN"
   },
   {
      "name": "Maydolong",
      "countryCode": "PH",
      "stateCode": "BTN"
   },
   {
      "name": "Mayorga",
      "countryCode": "PH",
      "stateCode": "BTN"
   },
   {
      "name": "Maypangdan",
      "countryCode": "PH",
      "stateCode": "BTN"
   },
   {
      "name": "Merida",
      "countryCode": "PH",
      "stateCode": "BTN"
   },
   {
      "name": "Mondragon",
      "countryCode": "PH",
      "stateCode": "BTN"
   },
   {
      "name": "Motiong",
      "countryCode": "PH",
      "stateCode": "BTN"
   },
   {
      "name": "Naghalin",
      "countryCode": "PH",
      "stateCode": "BTN"
   },
   {
      "name": "Napuro",
      "countryCode": "PH",
      "stateCode": "BTN"
   },
   {
      "name": "Naval",
      "countryCode": "PH",
      "stateCode": "BTN"
   },
   {
      "name": "Nena",
      "countryCode": "PH",
      "stateCode": "BTN"
   },
   {
      "name": "Nenita",
      "countryCode": "PH",
      "stateCode": "BTN"
   },
   {
      "name": "Oras",
      "countryCode": "PH",
      "stateCode": "BTN"
   },
   {
      "name": "Ormoc",
      "countryCode": "PH",
      "stateCode": "BTN"
   },
   {
      "name": "Padre Burgos",
      "countryCode": "PH",
      "stateCode": "BTN"
   },
   {
      "name": "Pagsanghan",
      "countryCode": "PH",
      "stateCode": "BTN"
   },
   {
      "name": "Palanit",
      "countryCode": "PH",
      "stateCode": "BTN"
   },
   {
      "name": "Palapag",
      "countryCode": "PH",
      "stateCode": "BTN"
   },
   {
      "name": "Palaroo",
      "countryCode": "PH",
      "stateCode": "BTN"
   },
   {
      "name": "Palhi",
      "countryCode": "PH",
      "stateCode": "BTN"
   },
   {
      "name": "Palo",
      "countryCode": "PH",
      "stateCode": "BTN"
   },
   {
      "name": "Palompon",
      "countryCode": "PH",
      "stateCode": "BTN"
   },
   {
      "name": "Pambujan",
      "countryCode": "PH",
      "stateCode": "BTN"
   },
   {
      "name": "Panalanoy",
      "countryCode": "PH",
      "stateCode": "BTN"
   },
   {
      "name": "Pangdan",
      "countryCode": "PH",
      "stateCode": "BTN"
   },
   {
      "name": "Pangpang",
      "countryCode": "PH",
      "stateCode": "BTN"
   },
   {
      "name": "Pastrana",
      "countryCode": "PH",
      "stateCode": "BTN"
   },
   {
      "name": "Patong",
      "countryCode": "PH",
      "stateCode": "BTN"
   },
   {
      "name": "Pawing",
      "countryCode": "PH",
      "stateCode": "BTN"
   },
   {
      "name": "Pinamopoan",
      "countryCode": "PH",
      "stateCode": "BTN"
   },
   {
      "name": "Pintuyan",
      "countryCode": "PH",
      "stateCode": "BTN"
   },
   {
      "name": "Pi単a",
      "countryCode": "PH",
      "stateCode": "BTN"
   },
   {
      "name": "Plaridel",
      "countryCode": "PH",
      "stateCode": "BTN"
   },
   {
      "name": "Polahongon",
      "countryCode": "PH",
      "stateCode": "BTN"
   },
   {
      "name": "Pola単ge",
      "countryCode": "PH",
      "stateCode": "BTN"
   },
   {
      "name": "Province of Eastern Samar",
      "countryCode": "PH",
      "stateCode": "BTN"
   },
   {
      "name": "Province of Leyte",
      "countryCode": "PH",
      "stateCode": "BTN"
   },
   {
      "name": "Province of Northern Samar",
      "countryCode": "PH",
      "stateCode": "BTN"
   },
   {
      "name": "Province of Samar",
      "countryCode": "PH",
      "stateCode": "BTN"
   },
   {
      "name": "Province of Southern Leyte",
      "countryCode": "PH",
      "stateCode": "BTN"
   },
   {
      "name": "Puerto Bello",
      "countryCode": "PH",
      "stateCode": "BTN"
   },
   {
      "name": "Quinapundan",
      "countryCode": "PH",
      "stateCode": "BTN"
   },
   {
      "name": "Rizal",
      "countryCode": "PH",
      "stateCode": "BTN"
   },
   {
      "name": "Rosario",
      "countryCode": "PH",
      "stateCode": "BTN"
   },
   {
      "name": "Sabang",
      "countryCode": "PH",
      "stateCode": "BTN"
   },
   {
      "name": "Saint Bernard",
      "countryCode": "PH",
      "stateCode": "BTN"
   },
   {
      "name": "Salcedo",
      "countryCode": "PH",
      "stateCode": "BTN"
   },
   {
      "name": "Salvacion",
      "countryCode": "PH",
      "stateCode": "BTN"
   },
   {
      "name": "San Antonio",
      "countryCode": "PH",
      "stateCode": "BTN"
   },
   {
      "name": "San Eduardo",
      "countryCode": "PH",
      "stateCode": "BTN"
   },
   {
      "name": "San Francisco",
      "countryCode": "PH",
      "stateCode": "BTN"
   },
   {
      "name": "San Isidro",
      "countryCode": "PH",
      "stateCode": "BTN"
   },
   {
      "name": "San Joaquin",
      "countryCode": "PH",
      "stateCode": "BTN"
   },
   {
      "name": "San Jorge",
      "countryCode": "PH",
      "stateCode": "BTN"
   },
   {
      "name": "San Jose",
      "countryCode": "PH",
      "stateCode": "BTN"
   },
   {
      "name": "San Jose de Buan",
      "countryCode": "PH",
      "stateCode": "BTN"
   },
   {
      "name": "San Juan",
      "countryCode": "PH",
      "stateCode": "BTN"
   },
   {
      "name": "San Julian",
      "countryCode": "PH",
      "stateCode": "BTN"
   },
   {
      "name": "San Miguel",
      "countryCode": "PH",
      "stateCode": "BTN"
   },
   {
      "name": "San Pedro",
      "countryCode": "PH",
      "stateCode": "BTN"
   },
   {
      "name": "San Policarpio",
      "countryCode": "PH",
      "stateCode": "BTN"
   },
   {
      "name": "San Policarpo",
      "countryCode": "PH",
      "stateCode": "BTN"
   },
   {
      "name": "San Ricardo",
      "countryCode": "PH",
      "stateCode": "BTN"
   },
   {
      "name": "San Roque",
      "countryCode": "PH",
      "stateCode": "BTN"
   },
   {
      "name": "San Sebastian",
      "countryCode": "PH",
      "stateCode": "BTN"
   },
   {
      "name": "San Vicente",
      "countryCode": "PH",
      "stateCode": "BTN"
   },
   {
      "name": "Santa Fe",
      "countryCode": "PH",
      "stateCode": "BTN"
   },
   {
      "name": "Santa Margarita",
      "countryCode": "PH",
      "stateCode": "BTN"
   },
   {
      "name": "Santa Paz",
      "countryCode": "PH",
      "stateCode": "BTN"
   },
   {
      "name": "Santa Rita",
      "countryCode": "PH",
      "stateCode": "BTN"
   },
   {
      "name": "Santo Ni単o",
      "countryCode": "PH",
      "stateCode": "BTN"
   },
   {
      "name": "Siguinon",
      "countryCode": "PH",
      "stateCode": "BTN"
   },
   {
      "name": "Silago",
      "countryCode": "PH",
      "stateCode": "BTN"
   },
   {
      "name": "Silanga",
      "countryCode": "PH",
      "stateCode": "BTN"
   },
   {
      "name": "Silvino Lobos",
      "countryCode": "PH",
      "stateCode": "BTN"
   },
   {
      "name": "Sogod",
      "countryCode": "PH",
      "stateCode": "BTN"
   },
   {
      "name": "Sulangan",
      "countryCode": "PH",
      "stateCode": "BTN"
   },
   {
      "name": "Sulat",
      "countryCode": "PH",
      "stateCode": "BTN"
   },
   {
      "name": "Tabango",
      "countryCode": "PH",
      "stateCode": "BTN"
   },
   {
      "name": "Tabing",
      "countryCode": "PH",
      "stateCode": "BTN"
   },
   {
      "name": "Tabonoc",
      "countryCode": "PH",
      "stateCode": "BTN"
   },
   {
      "name": "Tabontabon",
      "countryCode": "PH",
      "stateCode": "BTN"
   },
   {
      "name": "Tacloban",
      "countryCode": "PH",
      "stateCode": "BTN"
   },
   {
      "name": "Taft",
      "countryCode": "PH",
      "stateCode": "BTN"
   },
   {
      "name": "Tagapul-an",
      "countryCode": "PH",
      "stateCode": "BTN"
   },
   {
      "name": "Tagbubungang Diot",
      "countryCode": "PH",
      "stateCode": "BTN"
   },
   {
      "name": "Talalora",
      "countryCode": "PH",
      "stateCode": "BTN"
   },
   {
      "name": "Talisayan",
      "countryCode": "PH",
      "stateCode": "BTN"
   },
   {
      "name": "Tanauan",
      "countryCode": "PH",
      "stateCode": "BTN"
   },
   {
      "name": "Tarangnan",
      "countryCode": "PH",
      "stateCode": "BTN"
   },
   {
      "name": "Tinambacan",
      "countryCode": "PH",
      "stateCode": "BTN"
   },
   {
      "name": "Tolosa",
      "countryCode": "PH",
      "stateCode": "BTN"
   },
   {
      "name": "Tomas Oppus",
      "countryCode": "PH",
      "stateCode": "BTN"
   },
   {
      "name": "Tucdao",
      "countryCode": "PH",
      "stateCode": "BTN"
   },
   {
      "name": "Tugbong",
      "countryCode": "PH",
      "stateCode": "BTN"
   },
   {
      "name": "Tunga",
      "countryCode": "PH",
      "stateCode": "BTN"
   },
   {
      "name": "Tutubigan",
      "countryCode": "PH",
      "stateCode": "BTN"
   },
   {
      "name": "Umaganhan",
      "countryCode": "PH",
      "stateCode": "BTN"
   },
   {
      "name": "Valencia",
      "countryCode": "PH",
      "stateCode": "BTN"
   },
   {
      "name": "Victoria",
      "countryCode": "PH",
      "stateCode": "BTN"
   },
   {
      "name": "Viga",
      "countryCode": "PH",
      "stateCode": "BTN"
   },
   {
      "name": "Villaba",
      "countryCode": "PH",
      "stateCode": "BTN"
   },
   {
      "name": "Villareal",
      "countryCode": "PH",
      "stateCode": "BTN"
   },
   {
      "name": "Viriato",
      "countryCode": "PH",
      "stateCode": "BTN"
   },
   {
      "name": "Wright",
      "countryCode": "PH",
      "stateCode": "BTN"
   },
   {
      "name": "Zumarraga",
      "countryCode": "PH",
      "stateCode": "BTN"
   }
]