[
   {
      "name": "Iberia",
      "countryCode": "PE",
      "stateCode": "MDD",
      "latitude": "-11.35000000",
      "longitude": "-69.58333000"
   },
   {
      "name": "Provincia de Manú",
      "countryCode": "PE",
      "stateCode": "MDD",
      "latitude": "-12.25000000",
      "longitude": "-71.00000000"
   },
   {
      "name": "Provincia de Tahuamanú",
      "countryCode": "PE",
      "stateCode": "MDD",
      "latitude": "-11.25000000",
      "longitude": "-70.50000000"
   },
   {
      "name": "Provincia de Tambopata",
      "countryCode": "PE",
      "stateCode": "MDD",
      "latitude": "-12.19948000",
      "longitude": "-70.05006000"
   },
   {
      "name": "Puerto Maldonado",
      "countryCode": "PE",
      "stateCode": "MDD",
      "latitude": "-12.59331000",
      "longitude": "-69.18913000"
   },
   {
      "name": "Salvación",
      "countryCode": "PE",
      "stateCode": "MDD",
      "latitude": "-12.83605000",
      "longitude": "-71.36490000"
   },
   {
      "name": "Tambopata",
      "countryCode": "PE",
      "stateCode": "MDD",
      "latitude": "-12.67191000",
      "longitude": "-69.35547000"
   }
]