[
   {
      "name": "Adilabad",
      "countryCode": "IN",
      "stateCode": "TG",
      "latitude": "19.50000000",
      "longitude": "78.50000000"
   },
   {
      "name": "Alampur",
      "countryCode": "IN",
      "stateCode": "TG",
      "latitude": "15.87987000",
      "longitude": "78.13352000"
   },
   {
      "name": "Andol",
      "countryCode": "IN",
      "stateCode": "TG",
      "latitude": "17.81458000",
      "longitude": "78.07713000"
   },
   {
      "name": "Asifabad",
      "countryCode": "IN",
      "stateCode": "TG",
      "latitude": "19.35851000",
      "longitude": "79.28415000"
   },
   {
      "name": "Balapur",
      "countryCode": "IN",
      "stateCode": "TG",
      "latitude": "17.31018000",
      "longitude": "78.49969000"
   },
   {
      "name": "Banswada",
      "countryCode": "IN",
      "stateCode": "TG",
      "latitude": "18.37725000",
      "longitude": "77.88007000"
   },
   {
      "name": "Bellampalli",
      "countryCode": "IN",
      "stateCode": "TG",
      "latitude": "19.05577000",
      "longitude": "79.49300000"
   },
   {
      "name": "Bhadrachalam",
      "countryCode": "IN",
      "stateCode": "TG",
      "latitude": "17.66846000",
      "longitude": "80.88887000"
   },
   {
      "name": "Bhadradri Kothagudem",
      "countryCode": "IN",
      "stateCode": "TG",
      "latitude": "17.55460000",
      "longitude": "80.61976000"
   },
   {
      "name": "Bhaisa",
      "countryCode": "IN",
      "stateCode": "TG",
      "latitude": "19.11285000",
      "longitude": "77.96336000"
   },
   {
      "name": "Bhongir",
      "countryCode": "IN",
      "stateCode": "TG",
      "latitude": "17.51544000",
      "longitude": "78.88563000"
   },
   {
      "name": "Bodhan",
      "countryCode": "IN",
      "stateCode": "TG",
      "latitude": "18.66208000",
      "longitude": "77.88581000"
   },
   {
      "name": "Chandur",
      "countryCode": "IN",
      "stateCode": "TG",
      "latitude": "17.87455000",
      "longitude": "78.10017000"
   },
   {
      "name": "Chatakonda",
      "countryCode": "IN",
      "stateCode": "TG",
      "latitude": "17.55303000",
      "longitude": "80.64770000"
   },
   {
      "name": "Dasnapur",
      "countryCode": "IN",
      "stateCode": "TG",
      "latitude": "19.65399000",
      "longitude": "78.51213000"
   },
   {
      "name": "Devarkonda",
      "countryCode": "IN",
      "stateCode": "TG",
      "latitude": "16.69186000",
      "longitude": "78.92073000"
   },
   {
      "name": "Dornakal",
      "countryCode": "IN",
      "stateCode": "TG",
      "latitude": "17.44475000",
      "longitude": "80.14905000"
   },
   {
      "name": "Farrukhnagar",
      "countryCode": "IN",
      "stateCode": "TG",
      "latitude": "17.07787000",
      "longitude": "78.20339000"
   },
   {
      "name": "Gaddi Annaram",
      "countryCode": "IN",
      "stateCode": "TG",
      "latitude": "17.36687000",
      "longitude": "78.52420000"
   },
   {
      "name": "Gadwal",
      "countryCode": "IN",
      "stateCode": "TG",
      "latitude": "16.23504000",
      "longitude": "77.79556000"
   },
   {
      "name": "Ghatkesar",
      "countryCode": "IN",
      "stateCode": "TG",
      "latitude": "17.45081000",
      "longitude": "78.68366000"
   },
   {
      "name": "Gopalur",
      "countryCode": "IN",
      "stateCode": "TG",
      "latitude": "16.61220000",
      "longitude": "77.80728000"
   },
   {
      "name": "Gudur",
      "countryCode": "IN",
      "stateCode": "TG",
      "latitude": "17.49174000",
      "longitude": "78.82302000"
   },
   {
      "name": "Hyderabad",
      "countryCode": "IN",
      "stateCode": "TG",
      "latitude": "17.38405000",
      "longitude": "78.45636000"
   },
   {
      "name": "Jagtial",
      "countryCode": "IN",
      "stateCode": "TG",
      "latitude": "18.79473000",
      "longitude": "78.91661000"
   },
   {
      "name": "Jangaon",
      "countryCode": "IN",
      "stateCode": "TG",
      "latitude": "17.72602000",
      "longitude": "79.15236000"
   },
   {
      "name": "Jangoan",
      "countryCode": "IN",
      "stateCode": "TG",
      "latitude": "17.72943000",
      "longitude": "79.16096000"
   },
   {
      "name": "Jayashankar Bhupalapally",
      "countryCode": "IN",
      "stateCode": "TG",
      "latitude": "18.19678000",
      "longitude": "79.93976000"
   },
   {
      "name": "Jogulamba Gadwal",
      "countryCode": "IN",
      "stateCode": "TG",
      "latitude": "16.23401000",
      "longitude": "77.80564000"
   },
   {
      "name": "Kagaznagar",
      "countryCode": "IN",
      "stateCode": "TG",
      "latitude": "19.33159000",
      "longitude": "79.46605000"
   },
   {
      "name": "Kamareddi",
      "countryCode": "IN",
      "stateCode": "TG",
      "latitude": "18.32001000",
      "longitude": "78.34177000"
   },
   {
      "name": "Kamareddy",
      "countryCode": "IN",
      "stateCode": "TG",
      "latitude": "18.32567000",
      "longitude": "78.33416000"
   },
   {
      "name": "Karimnagar",
      "countryCode": "IN",
      "stateCode": "TG",
      "latitude": "18.33844000",
      "longitude": "79.22938000"
   },
   {
      "name": "Khammam",
      "countryCode": "IN",
      "stateCode": "TG",
      "latitude": "17.50000000",
      "longitude": "80.33333000"
   },
   {
      "name": "Kodar",
      "countryCode": "IN",
      "stateCode": "TG",
      "latitude": "16.99850000",
      "longitude": "79.96560000"
   },
   {
      "name": "Koratla",
      "countryCode": "IN",
      "stateCode": "TG",
      "latitude": "18.82154000",
      "longitude": "78.71186000"
   },
   {
      "name": "Kothapet",
      "countryCode": "IN",
      "stateCode": "TG",
      "latitude": "19.35176000",
      "longitude": "79.48323000"
   },
   {
      "name": "Kottagudem",
      "countryCode": "IN",
      "stateCode": "TG",
      "latitude": "17.55106000",
      "longitude": "80.61779000"
   },
   {
      "name": "Kottapalli",
      "countryCode": "IN",
      "stateCode": "TG",
      "latitude": "18.49543000",
      "longitude": "79.09430000"
   },
   {
      "name": "Kukatpalli",
      "countryCode": "IN",
      "stateCode": "TG",
      "latitude": "17.48486000",
      "longitude": "78.41376000"
   },
   {
      "name": "Kyathampalle",
      "countryCode": "IN",
      "stateCode": "TG",
      "latitude": "19.66781000",
      "longitude": "78.52890000"
   },
   {
      "name": "Lakshettipet",
      "countryCode": "IN",
      "stateCode": "TG",
      "latitude": "18.86667000",
      "longitude": "79.21667000"
   },
   {
      "name": "Lal Bahadur Nagar",
      "countryCode": "IN",
      "stateCode": "TG",
      "latitude": "17.34769000",
      "longitude": "78.55757000"
   },
   {
      "name": "Mahabubabad",
      "countryCode": "IN",
      "stateCode": "TG",
      "latitude": "17.60040000",
      "longitude": "80.00543000"
   },
   {
      "name": "Mahbubnagar",
      "countryCode": "IN",
      "stateCode": "TG",
      "latitude": "16.63171000",
      "longitude": "77.75556000"
   },
   {
      "name": "Malkajgiri",
      "countryCode": "IN",
      "stateCode": "TG",
      "latitude": "17.44781000",
      "longitude": "78.52633000"
   },
   {
      "name": "Mancheral",
      "countryCode": "IN",
      "stateCode": "TG",
      "latitude": "18.87074000",
      "longitude": "79.42863000"
   },
   {
      "name": "Mandamarri",
      "countryCode": "IN",
      "stateCode": "TG",
      "latitude": "18.96506000",
      "longitude": "79.47475000"
   },
   {
      "name": "Manthani",
      "countryCode": "IN",
      "stateCode": "TG",
      "latitude": "18.65087000",
      "longitude": "79.66501000"
   },
   {
      "name": "Manuguru",
      "countryCode": "IN",
      "stateCode": "TG",
      "latitude": "17.98102000",
      "longitude": "80.75470000"
   },
   {
      "name": "Medak",
      "countryCode": "IN",
      "stateCode": "TG",
      "latitude": "17.75000000",
      "longitude": "78.25000000"
   },
   {
      "name": "Medchal",
      "countryCode": "IN",
      "stateCode": "TG",
      "latitude": "17.62972000",
      "longitude": "78.48139000"
   },
   {
      "name": "Medchal Malkajgiri",
      "countryCode": "IN",
      "stateCode": "TG",
      "latitude": "17.60644000",
      "longitude": "78.54007000"
   },
   {
      "name": "Mirialguda",
      "countryCode": "IN",
      "stateCode": "TG",
      "latitude": "16.87220000",
      "longitude": "79.56247000"
   },
   {
      "name": "Nagar Karnul",
      "countryCode": "IN",
      "stateCode": "TG",
      "latitude": "16.48210000",
      "longitude": "78.32471000"
   },
   {
      "name": "Nalgonda",
      "countryCode": "IN",
      "stateCode": "TG",
      "latitude": "17.16667000",
      "longitude": "79.50000000"
   },
   {
      "name": "Narayanpet",
      "countryCode": "IN",
      "stateCode": "TG",
      "latitude": "16.74799000",
      "longitude": "77.49540000"
   },
   {
      "name": "Narsingi",
      "countryCode": "IN",
      "stateCode": "TG",
      "latitude": "18.04468000",
      "longitude": "78.42516000"
   },
   {
      "name": "Naspur",
      "countryCode": "IN",
      "stateCode": "TG",
      "latitude": "18.84577000",
      "longitude": "79.46165000"
   },
   {
      "name": "Nirmal",
      "countryCode": "IN",
      "stateCode": "TG",
      "latitude": "19.09685000",
      "longitude": "78.34407000"
   },
   {
      "name": "Nizamabad",
      "countryCode": "IN",
      "stateCode": "TG",
      "latitude": "18.75000000",
      "longitude": "78.25000000"
   },
   {
      "name": "Paloncha",
      "countryCode": "IN",
      "stateCode": "TG",
      "latitude": "17.60184000",
      "longitude": "80.70509000"
   },
   {
      "name": "Palwancha",
      "countryCode": "IN",
      "stateCode": "TG",
      "latitude": "17.58152000",
      "longitude": "80.67651000"
   },
   {
      "name": "Patancheru",
      "countryCode": "IN",
      "stateCode": "TG",
      "latitude": "17.53334000",
      "longitude": "78.26450000"
   },
   {
      "name": "Peddapalli",
      "countryCode": "IN",
      "stateCode": "TG",
      "latitude": "18.61357000",
      "longitude": "79.37442000"
   },
   {
      "name": "Quthbullapur",
      "countryCode": "IN",
      "stateCode": "TG",
      "latitude": "17.50107000",
      "longitude": "78.45818000"
   },
   {
      "name": "Rajanna Sircilla",
      "countryCode": "IN",
      "stateCode": "TG",
      "latitude": "18.38629000",
      "longitude": "78.81560000"
   },
   {
      "name": "Ramagundam",
      "countryCode": "IN",
      "stateCode": "TG",
      "latitude": "18.75500000",
      "longitude": "79.47400000"
   },
   {
      "name": "Ramgundam",
      "countryCode": "IN",
      "stateCode": "TG",
      "latitude": "18.80084000",
      "longitude": "79.45206000"
   },
   {
      "name": "Rangareddi",
      "countryCode": "IN",
      "stateCode": "TG",
      "latitude": "17.27883000",
      "longitude": "78.16844000"
   },
   {
      "name": "Sadaseopet",
      "countryCode": "IN",
      "stateCode": "TG",
      "latitude": "17.61925000",
      "longitude": "77.95263000"
   },
   {
      "name": "Sangareddi",
      "countryCode": "IN",
      "stateCode": "TG",
      "latitude": "17.62477000",
      "longitude": "78.08669000"
   },
   {
      "name": "Sathupalli",
      "countryCode": "IN",
      "stateCode": "TG",
      "latitude": "17.24968000",
      "longitude": "80.86899000"
   },
   {
      "name": "Secunderabad",
      "countryCode": "IN",
      "stateCode": "TG",
      "latitude": "17.50427000",
      "longitude": "78.54263000"
   },
   {
      "name": "Serilingampalle",
      "countryCode": "IN",
      "stateCode": "TG",
      "latitude": "17.49313000",
      "longitude": "78.30196000"
   },
   {
      "name": "Siddipet",
      "countryCode": "IN",
      "stateCode": "TG",
      "latitude": "18.10483000",
      "longitude": "78.84858000"
   },
   {
      "name": "Singapur",
      "countryCode": "IN",
      "stateCode": "TG",
      "latitude": "17.46982000",
      "longitude": "78.12574000"
   },
   {
      "name": "Sirpur",
      "countryCode": "IN",
      "stateCode": "TG",
      "latitude": "19.47953000",
      "longitude": "79.57558000"
   },
   {
      "name": "Sirsilla",
      "countryCode": "IN",
      "stateCode": "TG",
      "latitude": "18.38865000",
      "longitude": "78.81048000"
   },
   {
      "name": "Sriramnagar",
      "countryCode": "IN",
      "stateCode": "TG",
      "latitude": "17.26652000",
      "longitude": "78.25544000"
   },
   {
      "name": "Suriapet",
      "countryCode": "IN",
      "stateCode": "TG",
      "latitude": "17.14054000",
      "longitude": "79.62045000"
   },
   {
      "name": "Tandur",
      "countryCode": "IN",
      "stateCode": "TG",
      "latitude": "17.24849000",
      "longitude": "77.57698000"
   },
   {
      "name": "Uppal Kalan",
      "countryCode": "IN",
      "stateCode": "TG",
      "latitude": "17.40577000",
      "longitude": "78.55911000"
   },
   {
      "name": "Vemalwada",
      "countryCode": "IN",
      "stateCode": "TG",
      "latitude": "18.46523000",
      "longitude": "78.86894000"
   },
   {
      "name": "Vikarabad",
      "countryCode": "IN",
      "stateCode": "TG",
      "latitude": "17.33810000",
      "longitude": "77.90441000"
   },
   {
      "name": "Wanparti",
      "countryCode": "IN",
      "stateCode": "TG",
      "latitude": "16.36738000",
      "longitude": "78.06889000"
   },
   {
      "name": "Warangal",
      "countryCode": "IN",
      "stateCode": "TG",
      "latitude": "18.00000000",
      "longitude": "79.83333000"
   },
   {
      "name": "Yellandu",
      "countryCode": "IN",
      "stateCode": "TG",
      "latitude": "17.59064000",
      "longitude": "80.32146000"
   },
   {
      "name": "Zahirabad",
      "countryCode": "IN",
      "stateCode": "TG",
      "latitude": "17.68138000",
      "longitude": "77.60743000"
   }
]