[
   {
      "name": "Alijó",
      "countryCode": "PT",
      "stateCode": "17",
      "latitude": "41.28447000",
      "longitude": "-7.48545000"
   },
   {
      "name": "Boticas",
      "countryCode": "PT",
      "stateCode": "17",
      "latitude": "41.68939000",
      "longitude": "-7.66914000"
   },
   {
      "name": "Chaves",
      "countryCode": "PT",
      "stateCode": "17",
      "latitude": "41.73961000",
      "longitude": "-7.45030000"
   },
   {
      "name": "Favaios",
      "countryCode": "PT",
      "stateCode": "17",
      "latitude": "41.26876000",
      "longitude": "-7.50465000"
   },
   {
      "name": "Godim",
      "countryCode": "PT",
      "stateCode": "17",
      "latitude": "41.17104000",
      "longitude": "-7.80303000"
   },
   {
      "name": "Mesão Frio",
      "countryCode": "PT",
      "stateCode": "17",
      "latitude": "41.16190000",
      "longitude": "-7.87284000"
   },
   {
      "name": "Mondim de Basto",
      "countryCode": "PT",
      "stateCode": "17",
      "latitude": "41.41347000",
      "longitude": "-7.95479000"
   },
   {
      "name": "Montalegre",
      "countryCode": "PT",
      "stateCode": "17",
      "latitude": "41.83180000",
      "longitude": "-7.78999000"
   },
   {
      "name": "Murça",
      "countryCode": "PT",
      "stateCode": "17",
      "latitude": "41.41825000",
      "longitude": "-7.45121000"
   },
   {
      "name": "Peso da Régua",
      "countryCode": "PT",
      "stateCode": "17",
      "latitude": "41.19157000",
      "longitude": "-7.83668000"
   },
   {
      "name": "Ribeira de Pena",
      "countryCode": "PT",
      "stateCode": "17",
      "latitude": "41.51021000",
      "longitude": "-7.79673000"
   },
   {
      "name": "Sabrosa",
      "countryCode": "PT",
      "stateCode": "17",
      "latitude": "41.26702000",
      "longitude": "-7.57601000"
   },
   {
      "name": "Santa Cruz",
      "countryCode": "PT",
      "stateCode": "17",
      "latitude": "41.76007000",
      "longitude": "-7.46834000"
   },
   {
      "name": "Santa Marta de Penaguião",
      "countryCode": "PT",
      "stateCode": "17",
      "latitude": "41.20991000",
      "longitude": "-7.78386000"
   },
   {
      "name": "Sobreira",
      "countryCode": "PT",
      "stateCode": "17",
      "latitude": "41.52371000",
      "longitude": "-7.80234000"
   },
   {
      "name": "Valpaços",
      "countryCode": "PT",
      "stateCode": "17",
      "latitude": "41.62082000",
      "longitude": "-7.33607000"
   },
   {
      "name": "Vila Pouca de Aguiar",
      "countryCode": "PT",
      "stateCode": "17",
      "latitude": "41.52079000",
      "longitude": "-7.63671000"
   },
   {
      "name": "Vila Real",
      "countryCode": "PT",
      "stateCode": "17",
      "latitude": "41.30021000",
      "longitude": "-7.73985000"
   },
   {
      "name": "Vilela",
      "countryCode": "PT",
      "stateCode": "17",
      "latitude": "41.22511000",
      "longitude": "-7.60338000"
   }
]