[
   {
      "name": "Acerno",
      "countryCode": "IT",
      "stateCode": "72"
   },
   {
      "name": "Acerra",
      "countryCode": "IT",
      "stateCode": "72"
   },
   {
      "name": "Afragola",
      "countryCode": "IT",
      "stateCode": "72"
   },
   {
      "name": "Agerola",
      "countryCode": "IT",
      "stateCode": "72"
   },
   {
      "name": "Agropoli",
      "countryCode": "IT",
      "stateCode": "72"
   },
   {
      "name": "Aiello del Sabato",
      "countryCode": "IT",
      "stateCode": "72"
   },
   {
      "name": "Ailano",
      "countryCode": "IT",
      "stateCode": "72"
   },
   {
      "name": "Airola",
      "countryCode": "IT",
      "stateCode": "72"
   },
   {
      "name": "Albanella",
      "countryCode": "IT",
      "stateCode": "72"
   },
   {
      "name": "Alfano",
      "countryCode": "IT",
      "stateCode": "72"
   },
   {
      "name": "Alife",
      "countryCode": "IT",
      "stateCode": "72"
   },
   {
      "name": "Altavilla Irpina",
      "countryCode": "IT",
      "stateCode": "72"
   },
   {
      "name": "Altavilla Silentina",
      "countryCode": "IT",
      "stateCode": "72"
   },
   {
      "name": "Alvignano",
      "countryCode": "IT",
      "stateCode": "72"
   },
   {
      "name": "Amalfi",
      "countryCode": "IT",
      "stateCode": "72"
   },
   {
      "name": "Amodio-Massariola",
      "countryCode": "IT",
      "stateCode": "72"
   },
   {
      "name": "Amorosi",
      "countryCode": "IT",
      "stateCode": "72"
   },
   {
      "name": "Anacapri",
      "countryCode": "IT",
      "stateCode": "72"
   },
   {
      "name": "Andretta-Mattinella",
      "countryCode": "IT",
      "stateCode": "72"
   },
   {
      "name": "Angri",
      "countryCode": "IT",
      "stateCode": "72"
   },
   {
      "name": "Annunziata",
      "countryCode": "IT",
      "stateCode": "72"
   },
   {
      "name": "Antessano",
      "countryCode": "IT",
      "stateCode": "72"
   },
   {
      "name": "Apice Vecchio",
      "countryCode": "IT",
      "stateCode": "72"
   },
   {
      "name": "Apollosa",
      "countryCode": "IT",
      "stateCode": "72"
   },
   {
      "name": "Aquara",
      "countryCode": "IT",
      "stateCode": "72"
   },
   {
      "name": "Aquilonia",
      "countryCode": "IT",
      "stateCode": "72"
   },
   {
      "name": "Arenella",
      "countryCode": "IT",
      "stateCode": "72"
   },
   {
      "name": "Ariano",
      "countryCode": "IT",
      "stateCode": "72"
   },
   {
      "name": "Ariano Irpino-Martiri",
      "countryCode": "IT",
      "stateCode": "72"
   },
   {
      "name": "Arienzo",
      "countryCode": "IT",
      "stateCode": "72"
   },
   {
      "name": "Ariola",
      "countryCode": "IT",
      "stateCode": "72"
   },
   {
      "name": "Arola-Preazzano",
      "countryCode": "IT",
      "stateCode": "72"
   },
   {
      "name": "Arpaia",
      "countryCode": "IT",
      "stateCode": "72"
   },
   {
      "name": "Arpaise",
      "countryCode": "IT",
      "stateCode": "72"
   },
   {
      "name": "Arpino",
      "countryCode": "IT",
      "stateCode": "72"
   },
   {
      "name": "Arzano",
      "countryCode": "IT",
      "stateCode": "72"
   },
   {
      "name": "Ascea",
      "countryCode": "IT",
      "stateCode": "72"
   },
   {
      "name": "Atena Lucana",
      "countryCode": "IT",
      "stateCode": "72"
   },
   {
      "name": "Atrani",
      "countryCode": "IT",
      "stateCode": "72"
   },
   {
      "name": "Atripalda",
      "countryCode": "IT",
      "stateCode": "72"
   },
   {
      "name": "Auletta",
      "countryCode": "IT",
      "stateCode": "72"
   },
   {
      "name": "Avella",
      "countryCode": "IT",
      "stateCode": "72"
   },
   {
      "name": "Avellino",
      "countryCode": "IT",
      "stateCode": "72"
   },
   {
      "name": "Aversa",
      "countryCode": "IT",
      "stateCode": "72"
   },
   {
      "name": "Avvocata",
      "countryCode": "IT",
      "stateCode": "72"
   },
   {
      "name": "Bacoli",
      "countryCode": "IT",
      "stateCode": "72"
   },
   {
      "name": "Bagnoli",
      "countryCode": "IT",
      "stateCode": "72"
   },
   {
      "name": "Bagnoli Irpino",
      "countryCode": "IT",
      "stateCode": "72"
   },
   {
      "name": "Baia",
      "countryCode": "IT",
      "stateCode": "72"
   },
   {
      "name": "Baiano",
      "countryCode": "IT",
      "stateCode": "72"
   },
   {
      "name": "Banzano",
      "countryCode": "IT",
      "stateCode": "72"
   },
   {
      "name": "Barano d'Ischia",
      "countryCode": "IT",
      "stateCode": "72"
   },
   {
      "name": "Baronissi",
      "countryCode": "IT",
      "stateCode": "72"
   },
   {
      "name": "Barra",
      "countryCode": "IT",
      "stateCode": "72"
   },
   {
      "name": "Baselice",
      "countryCode": "IT",
      "stateCode": "72"
   },
   {
      "name": "Battipaglia",
      "countryCode": "IT",
      "stateCode": "72"
   },
   {
      "name": "Bellizzi",
      "countryCode": "IT",
      "stateCode": "72"
   },
   {
      "name": "Bellona",
      "countryCode": "IT",
      "stateCode": "72"
   },
   {
      "name": "Bellosguardo",
      "countryCode": "IT",
      "stateCode": "72"
   },
   {
      "name": "Beltiglio-San Giovanni",
      "countryCode": "IT",
      "stateCode": "72"
   },
   {
      "name": "Benevento",
      "countryCode": "IT",
      "stateCode": "72"
   },
   {
      "name": "Bisaccia",
      "countryCode": "IT",
      "stateCode": "72"
   },
   {
      "name": "Bisaccia Nuova",
      "countryCode": "IT",
      "stateCode": "72"
   },
   {
      "name": "Bivio Mortola",
      "countryCode": "IT",
      "stateCode": "72"
   },
   {
      "name": "Bivio Santa Cecilia",
      "countryCode": "IT",
      "stateCode": "72"
   },
   {
      "name": "Bonea",
      "countryCode": "IT",
      "stateCode": "72"
   },
   {
      "name": "Bonito",
      "countryCode": "IT",
      "stateCode": "72"
   },
   {
      "name": "Borgo",
      "countryCode": "IT",
      "stateCode": "72"
   },
   {
      "name": "Boscoreale",
      "countryCode": "IT",
      "stateCode": "72"
   },
   {
      "name": "Boscotrecase",
      "countryCode": "IT",
      "stateCode": "72"
   },
   {
      "name": "Bracigliano",
      "countryCode": "IT",
      "stateCode": "72"
   },
   {
      "name": "Brezza",
      "countryCode": "IT",
      "stateCode": "72"
   },
   {
      "name": "Brusciano",
      "countryCode": "IT",
      "stateCode": "72"
   },
   {
      "name": "Bucciano",
      "countryCode": "IT",
      "stateCode": "72"
   },
   {
      "name": "Buccino",
      "countryCode": "IT",
      "stateCode": "72"
   },
   {
      "name": "Buonabitacolo",
      "countryCode": "IT",
      "stateCode": "72"
   },
   {
      "name": "Buonalbergo",
      "countryCode": "IT",
      "stateCode": "72"
   },
   {
      "name": "Caggiano",
      "countryCode": "IT",
      "stateCode": "72"
   },
   {
      "name": "Caianello",
      "countryCode": "IT",
      "stateCode": "72"
   },
   {
      "name": "Caiazzo",
      "countryCode": "IT",
      "stateCode": "72"
   },
   {
      "name": "Cairano",
      "countryCode": "IT",
      "stateCode": "72"
   },
   {
      "name": "Caivano",
      "countryCode": "IT",
      "stateCode": "72"
   },
   {
      "name": "Calabritto",
      "countryCode": "IT",
      "stateCode": "72"
   },
   {
      "name": "Calitri",
      "countryCode": "IT",
      "stateCode": "72"
   },
   {
      "name": "Calvanico",
      "countryCode": "IT",
      "stateCode": "72"
   },
   {
      "name": "Calvi",
      "countryCode": "IT",
      "stateCode": "72"
   },
   {
      "name": "Calvi Risorta",
      "countryCode": "IT",
      "stateCode": "72"
   },
   {
      "name": "Calvizzano",
      "countryCode": "IT",
      "stateCode": "72"
   },
   {
      "name": "Camerota",
      "countryCode": "IT",
      "stateCode": "72"
   },
   {
      "name": "Camigliano",
      "countryCode": "IT",
      "stateCode": "72"
   },
   {
      "name": "Campagna",
      "countryCode": "IT",
      "stateCode": "72"
   },
   {
      "name": "Campanarello",
      "countryCode": "IT",
      "stateCode": "72"
   },
   {
      "name": "Campolattaro",
      "countryCode": "IT",
      "stateCode": "72"
   },
   {
      "name": "Campoli del Monte Taburno",
      "countryCode": "IT",
      "stateCode": "72"
   },
   {
      "name": "Campora",
      "countryCode": "IT",
      "stateCode": "72"
   },
   {
      "name": "Camposano",
      "countryCode": "IT",
      "stateCode": "72"
   },
   {
      "name": "Cancello-Arnone",
      "countryCode": "IT",
      "stateCode": "72"
   },
   {
      "name": "Candida",
      "countryCode": "IT",
      "stateCode": "72"
   },
   {
      "name": "Cannalonga",
      "countryCode": "IT",
      "stateCode": "72"
   },
   {
      "name": "Capaccio",
      "countryCode": "IT",
      "stateCode": "72"
   },
   {
      "name": "Capaccio Scalo",
      "countryCode": "IT",
      "stateCode": "72"
   },
   {
      "name": "Capezzano Inferiore",
      "countryCode": "IT",
      "stateCode": "72"
   },
   {
      "name": "Capezzano-Cologna",
      "countryCode": "IT",
      "stateCode": "72"
   },
   {
      "name": "Capitignano",
      "countryCode": "IT",
      "stateCode": "72"
   },
   {
      "name": "Capodrise",
      "countryCode": "IT",
      "stateCode": "72"
   },
   {
      "name": "Caposele",
      "countryCode": "IT",
      "stateCode": "72"
   },
   {
      "name": "Capri",
      "countryCode": "IT",
      "stateCode": "72"
   },
   {
      "name": "Capriati A Volturno",
      "countryCode": "IT",
      "stateCode": "72"
   },
   {
      "name": "Capriglia",
      "countryCode": "IT",
      "stateCode": "72"
   },
   {
      "name": "Capriglia Irpina",
      "countryCode": "IT",
      "stateCode": "72"
   },
   {
      "name": "Capua",
      "countryCode": "IT",
      "stateCode": "72"
   },
   {
      "name": "Carano",
      "countryCode": "IT",
      "stateCode": "72"
   },
   {
      "name": "Carbonara di Nola",
      "countryCode": "IT",
      "stateCode": "72"
   },
   {
      "name": "Cardito",
      "countryCode": "IT",
      "stateCode": "72"
   },
   {
      "name": "Carife",
      "countryCode": "IT",
      "stateCode": "72"
   },
   {
      "name": "Carifi-Torello-Priscoli",
      "countryCode": "IT",
      "stateCode": "72"
   },
   {
      "name": "Carinaro",
      "countryCode": "IT",
      "stateCode": "72"
   },
   {
      "name": "Carinola",
      "countryCode": "IT",
      "stateCode": "72"
   },
   {
      "name": "Casagiove",
      "countryCode": "IT",
      "stateCode": "72"
   },
   {
      "name": "Casal Velino",
      "countryCode": "IT",
      "stateCode": "72"
   },
   {
      "name": "Casal di Principe",
      "countryCode": "IT",
      "stateCode": "72"
   },
   {
      "name": "Casalbore",
      "countryCode": "IT",
      "stateCode": "72"
   },
   {
      "name": "Casalbuono",
      "countryCode": "IT",
      "stateCode": "72"
   },
   {
      "name": "Casalduni",
      "countryCode": "IT",
      "stateCode": "72"
   },
   {
      "name": "Casale",
      "countryCode": "IT",
      "stateCode": "72"
   },
   {
      "name": "Casaletto Spartano",
      "countryCode": "IT",
      "stateCode": "72"
   },
   {
      "name": "Casali-San Potito",
      "countryCode": "IT",
      "stateCode": "72"
   },
   {
      "name": "Casalnuovo di Napoli",
      "countryCode": "IT",
      "stateCode": "72"
   },
   {
      "name": "Casaluce",
      "countryCode": "IT",
      "stateCode": "72"
   },
   {
      "name": "Casamarciano",
      "countryCode": "IT",
      "stateCode": "72"
   },
   {
      "name": "Casamicciola Terme",
      "countryCode": "IT",
      "stateCode": "72"
   },
   {
      "name": "Casandrino",
      "countryCode": "IT",
      "stateCode": "72"
   },
   {
      "name": "Casanova",
      "countryCode": "IT",
      "stateCode": "72"
   },
   {
      "name": "Casapesenna",
      "countryCode": "IT",
      "stateCode": "72"
   },
   {
      "name": "Casapulla",
      "countryCode": "IT",
      "stateCode": "72"
   },
   {
      "name": "Casarea",
      "countryCode": "IT",
      "stateCode": "72"
   },
   {
      "name": "Casavatore",
      "countryCode": "IT",
      "stateCode": "72"
   },
   {
      "name": "Cascano",
      "countryCode": "IT",
      "stateCode": "72"
   },
   {
      "name": "Caselle in Pittari",
      "countryCode": "IT",
      "stateCode": "72"
   },
   {
      "name": "Caserta",
      "countryCode": "IT",
      "stateCode": "72"
   },
   {
      "name": "Casola",
      "countryCode": "IT",
      "stateCode": "72"
   },
   {
      "name": "Casola di Napoli",
      "countryCode": "IT",
      "stateCode": "72"
   },
   {
      "name": "Casoria",
      "countryCode": "IT",
      "stateCode": "72"
   },
   {
      "name": "Cassano Irpino",
      "countryCode": "IT",
      "stateCode": "72"
   },
   {
      "name": "Castel Baronia",
      "countryCode": "IT",
      "stateCode": "72"
   },
   {
      "name": "Castel Campagnano",
      "countryCode": "IT",
      "stateCode": "72"
   },
   {
      "name": "Castel Morrone",
      "countryCode": "IT",
      "stateCode": "72"
   },
   {
      "name": "Castel San Giorgio",
      "countryCode": "IT",
      "stateCode": "72"
   },
   {
      "name": "Castel San Lorenzo",
      "countryCode": "IT",
      "stateCode": "72"
   },
   {
      "name": "Castel Volturno",
      "countryCode": "IT",
      "stateCode": "72"
   },
   {
      "name": "Castel di Sasso",
      "countryCode": "IT",
      "stateCode": "72"
   },
   {
      "name": "Castelcivita",
      "countryCode": "IT",
      "stateCode": "72"
   },
   {
      "name": "Castelfranci",
      "countryCode": "IT",
      "stateCode": "72"
   },
   {
      "name": "Castelfranco in Miscano",
      "countryCode": "IT",
      "stateCode": "72"
   },
   {
      "name": "Castellammare di Stabia",
      "countryCode": "IT",
      "stateCode": "72"
   },
   {
      "name": "Castello del Matese",
      "countryCode": "IT",
      "stateCode": "72"
   },
   {
      "name": "Castello di Cisterna",
      "countryCode": "IT",
      "stateCode": "72"
   },
   {
      "name": "Castelnuovo Cilento",
      "countryCode": "IT",
      "stateCode": "72"
   },
   {
      "name": "Castelnuovo di Conza",
      "countryCode": "IT",
      "stateCode": "72"
   },
   {
      "name": "Castelpagano",
      "countryCode": "IT",
      "stateCode": "72"
   },
   {
      "name": "Castelpoto",
      "countryCode": "IT",
      "stateCode": "72"
   },
   {
      "name": "Castelvenere",
      "countryCode": "IT",
      "stateCode": "72"
   },
   {
      "name": "Castelvetere in Val Fortore",
      "countryCode": "IT",
      "stateCode": "72"
   },
   {
      "name": "Castelvetere sul Calore",
      "countryCode": "IT",
      "stateCode": "72"
   },
   {
      "name": "Castiglione del Genovesi",
      "countryCode": "IT",
      "stateCode": "72"
   },
   {
      "name": "Cautano",
      "countryCode": "IT",
      "stateCode": "72"
   },
   {
      "name": "Cava Dè Tirreni",
      "countryCode": "IT",
      "stateCode": "72"
   },
   {
      "name": "Celle di Bulgheria",
      "countryCode": "IT",
      "stateCode": "72"
   },
   {
      "name": "Cellole",
      "countryCode": "IT",
      "stateCode": "72"
   },
   {
      "name": "Centola",
      "countryCode": "IT",
      "stateCode": "72"
   },
   {
      "name": "Centro Urbano",
      "countryCode": "IT",
      "stateCode": "72"
   },
   {
      "name": "Ceppaloni",
      "countryCode": "IT",
      "stateCode": "72"
   },
   {
      "name": "Ceraso",
      "countryCode": "IT",
      "stateCode": "72"
   },
   {
      "name": "Cercola",
      "countryCode": "IT",
      "stateCode": "72"
   },
   {
      "name": "Cerreto Sannita",
      "countryCode": "IT",
      "stateCode": "72"
   },
   {
      "name": "Cervinara",
      "countryCode": "IT",
      "stateCode": "72"
   },
   {
      "name": "Cervino",
      "countryCode": "IT",
      "stateCode": "72"
   },
   {
      "name": "Cesa",
      "countryCode": "IT",
      "stateCode": "72"
   },
   {
      "name": "Cesinali",
      "countryCode": "IT",
      "stateCode": "72"
   },
   {
      "name": "Cetara",
      "countryCode": "IT",
      "stateCode": "72"
   },
   {
      "name": "Chiaia",
      "countryCode": "IT",
      "stateCode": "72"
   },
   {
      "name": "Chiaiano",
      "countryCode": "IT",
      "stateCode": "72"
   },
   {
      "name": "Chianche",
      "countryCode": "IT",
      "stateCode": "72"
   },
   {
      "name": "Chiusano di San Domenico",
      "countryCode": "IT",
      "stateCode": "72"
   },
   {
      "name": "Cicciano",
      "countryCode": "IT",
      "stateCode": "72"
   },
   {
      "name": "Cicerale",
      "countryCode": "IT",
      "stateCode": "72"
   },
   {
      "name": "Cimitile",
      "countryCode": "IT",
      "stateCode": "72"
   },
   {
      "name": "Ciorlano",
      "countryCode": "IT",
      "stateCode": "72"
   },
   {
      "name": "Circello",
      "countryCode": "IT",
      "stateCode": "72"
   },
   {
      "name": "Colle Sannita",
      "countryCode": "IT",
      "stateCode": "72"
   },
   {
      "name": "Colliano",
      "countryCode": "IT",
      "stateCode": "72"
   },
   {
      "name": "Comiziano",
      "countryCode": "IT",
      "stateCode": "72"
   },
   {
      "name": "Conca dei Marini",
      "countryCode": "IT",
      "stateCode": "72"
   },
   {
      "name": "Conca della Campania",
      "countryCode": "IT",
      "stateCode": "72"
   },
   {
      "name": "Contrada",
      "countryCode": "IT",
      "stateCode": "72"
   },
   {
      "name": "Controne",
      "countryCode": "IT",
      "stateCode": "72"
   },
   {
      "name": "Contursi Terme",
      "countryCode": "IT",
      "stateCode": "72"
   },
   {
      "name": "Coperchia",
      "countryCode": "IT",
      "stateCode": "72"
   },
   {
      "name": "Corbara",
      "countryCode": "IT",
      "stateCode": "72"
   },
   {
      "name": "Corleto Monforte",
      "countryCode": "IT",
      "stateCode": "72"
   },
   {
      "name": "Country Park",
      "countryCode": "IT",
      "stateCode": "72"
   },
   {
      "name": "Crispano",
      "countryCode": "IT",
      "stateCode": "72"
   },
   {
      "name": "Cuccaro Vetere",
      "countryCode": "IT",
      "stateCode": "72"
   },
   {
      "name": "Curti",
      "countryCode": "IT",
      "stateCode": "72"
   },
   {
      "name": "Cusano Mutri",
      "countryCode": "IT",
      "stateCode": "72"
   },
   {
      "name": "Domicella",
      "countryCode": "IT",
      "stateCode": "72"
   },
   {
      "name": "Dragonea",
      "countryCode": "IT",
      "stateCode": "72"
   },
   {
      "name": "Dragoni",
      "countryCode": "IT",
      "stateCode": "72"
   },
   {
      "name": "Dugenta",
      "countryCode": "IT",
      "stateCode": "72"
   },
   {
      "name": "Durazzano",
      "countryCode": "IT",
      "stateCode": "72"
   },
   {
      "name": "Eboli",
      "countryCode": "IT",
      "stateCode": "72"
   },
   {
      "name": "Ercolano",
      "countryCode": "IT",
      "stateCode": "72"
   },
   {
      "name": "Faiano",
      "countryCode": "IT",
      "stateCode": "72"
   },
   {
      "name": "Faicchio",
      "countryCode": "IT",
      "stateCode": "72"
   },
   {
      "name": "Falciano del Massico",
      "countryCode": "IT",
      "stateCode": "72"
   },
   {
      "name": "Faraldo-Nocelleto",
      "countryCode": "IT",
      "stateCode": "72"
   },
   {
      "name": "Felitto",
      "countryCode": "IT",
      "stateCode": "72"
   },
   {
      "name": "Fisciano",
      "countryCode": "IT",
      "stateCode": "72"
   },
   {
      "name": "Flumeri",
      "countryCode": "IT",
      "stateCode": "72"
   },
   {
      "name": "Foglianise",
      "countryCode": "IT",
      "stateCode": "72"
   },
   {
      "name": "Foiano di Val Fortore",
      "countryCode": "IT",
      "stateCode": "72"
   },
   {
      "name": "Fontanarosa",
      "countryCode": "IT",
      "stateCode": "72"
   },
   {
      "name": "Fontegreca",
      "countryCode": "IT",
      "stateCode": "72"
   },
   {
      "name": "Forchia",
      "countryCode": "IT",
      "stateCode": "72"
   },
   {
      "name": "Forino",
      "countryCode": "IT",
      "stateCode": "72"
   },
   {
      "name": "Forio",
      "countryCode": "IT",
      "stateCode": "72"
   },
   {
      "name": "Formicola",
      "countryCode": "IT",
      "stateCode": "72"
   },
   {
      "name": "Fragneto L'Abate",
      "countryCode": "IT",
      "stateCode": "72"
   },
   {
      "name": "Fragneto Monforte",
      "countryCode": "IT",
      "stateCode": "72"
   },
   {
      "name": "Franche",
      "countryCode": "IT",
      "stateCode": "72"
   },
   {
      "name": "Francolise",
      "countryCode": "IT",
      "stateCode": "72"
   },
   {
      "name": "Frasso Telesino",
      "countryCode": "IT",
      "stateCode": "72"
   },
   {
      "name": "Frattamaggiore",
      "countryCode": "IT",
      "stateCode": "72"
   },
   {
      "name": "Frattaminore",
      "countryCode": "IT",
      "stateCode": "72"
   },
   {
      "name": "Frigento",
      "countryCode": "IT",
      "stateCode": "72"
   },
   {
      "name": "Frignano",
      "countryCode": "IT",
      "stateCode": "72"
   },
   {
      "name": "Fuorigrotta",
      "countryCode": "IT",
      "stateCode": "72"
   },
   {
      "name": "Fuorni",
      "countryCode": "IT",
      "stateCode": "72"
   },
   {
      "name": "Furore",
      "countryCode": "IT",
      "stateCode": "72"
   },
   {
      "name": "Futani",
      "countryCode": "IT",
      "stateCode": "72"
   },
   {
      "name": "Gallo",
      "countryCode": "IT",
      "stateCode": "72"
   },
   {
      "name": "Gallo Matese",
      "countryCode": "IT",
      "stateCode": "72"
   },
   {
      "name": "Galluccio",
      "countryCode": "IT",
      "stateCode": "72"
   },
   {
      "name": "Gesualdo",
      "countryCode": "IT",
      "stateCode": "72"
   },
   {
      "name": "Giano Vetusto",
      "countryCode": "IT",
      "stateCode": "72"
   },
   {
      "name": "Giffoni Valle Piana",
      "countryCode": "IT",
      "stateCode": "72"
   },
   {
      "name": "Ginestra degli Schiavoni",
      "countryCode": "IT",
      "stateCode": "72"
   },
   {
      "name": "Gioi",
      "countryCode": "IT",
      "stateCode": "72"
   },
   {
      "name": "Gioia Sannitica",
      "countryCode": "IT",
      "stateCode": "72"
   },
   {
      "name": "Giugliano in Campania",
      "countryCode": "IT",
      "stateCode": "72"
   },
   {
      "name": "Giungano",
      "countryCode": "IT",
      "stateCode": "72"
   },
   {
      "name": "Gragnano",
      "countryCode": "IT",
      "stateCode": "72"
   },
   {
      "name": "Grazzanise",
      "countryCode": "IT",
      "stateCode": "72"
   },
   {
      "name": "Greci",
      "countryCode": "IT",
      "stateCode": "72"
   },
   {
      "name": "Gricignano di Aversa",
      "countryCode": "IT",
      "stateCode": "72"
   },
   {
      "name": "Grottaminarda",
      "countryCode": "IT",
      "stateCode": "72"
   },
   {
      "name": "Grottola",
      "countryCode": "IT",
      "stateCode": "72"
   },
   {
      "name": "Grottolella",
      "countryCode": "IT",
      "stateCode": "72"
   },
   {
      "name": "Grumo Nevano",
      "countryCode": "IT",
      "stateCode": "72"
   },
   {
      "name": "Guardia Lombardi",
      "countryCode": "IT",
      "stateCode": "72"
   },
   {
      "name": "Guardia Sanframondi",
      "countryCode": "IT",
      "stateCode": "72"
   },
   {
      "name": "Ischia",
      "countryCode": "IT",
      "stateCode": "72"
   },
   {
      "name": "Ischia Porto",
      "countryCode": "IT",
      "stateCode": "72"
   },
   {
      "name": "Ispani",
      "countryCode": "IT",
      "stateCode": "72"
   },
   {
      "name": "Lacco Ameno",
      "countryCode": "IT",
      "stateCode": "72"
   },
   {
      "name": "Lacedonia",
      "countryCode": "IT",
      "stateCode": "72"
   },
   {
      "name": "Lancusi-Penta-Bolano",
      "countryCode": "IT",
      "stateCode": "72"
   },
   {
      "name": "Lanzara",
      "countryCode": "IT",
      "stateCode": "72"
   },
   {
      "name": "Lapio",
      "countryCode": "IT",
      "stateCode": "72"
   },
   {
      "name": "Laura",
      "countryCode": "IT",
      "stateCode": "72"
   },
   {
      "name": "Laureana Cilento",
      "countryCode": "IT",
      "stateCode": "72"
   },
   {
      "name": "Laurino",
      "countryCode": "IT",
      "stateCode": "72"
   },
   {
      "name": "Laurito",
      "countryCode": "IT",
      "stateCode": "72"
   },
   {
      "name": "Lauro",
      "countryCode": "IT",
      "stateCode": "72"
   },
   {
      "name": "Laviano",
      "countryCode": "IT",
      "stateCode": "72"
   },
   {
      "name": "Letino",
      "countryCode": "IT",
      "stateCode": "72"
   },
   {
      "name": "Lettere",
      "countryCode": "IT",
      "stateCode": "72"
   },
   {
      "name": "Liberi",
      "countryCode": "IT",
      "stateCode": "72"
   },
   {
      "name": "Licinella-Torre di Paestum",
      "countryCode": "IT",
      "stateCode": "72"
   },
   {
      "name": "Licusati",
      "countryCode": "IT",
      "stateCode": "72"
   },
   {
      "name": "Limatola",
      "countryCode": "IT",
      "stateCode": "72"
   },
   {
      "name": "Lioni",
      "countryCode": "IT",
      "stateCode": "72"
   },
   {
      "name": "Liveri",
      "countryCode": "IT",
      "stateCode": "72"
   },
   {
      "name": "Luogosano",
      "countryCode": "IT",
      "stateCode": "72"
   },
   {
      "name": "Lusciano",
      "countryCode": "IT",
      "stateCode": "72"
   },
   {
      "name": "Lustra",
      "countryCode": "IT",
      "stateCode": "72"
   },
   {
      "name": "Luzzano",
      "countryCode": "IT",
      "stateCode": "72"
   },
   {
      "name": "Macchia",
      "countryCode": "IT",
      "stateCode": "72"
   },
   {
      "name": "Maccoli-Perrillo",
      "countryCode": "IT",
      "stateCode": "72"
   },
   {
      "name": "Macerata Campania",
      "countryCode": "IT",
      "stateCode": "72"
   },
   {
      "name": "Maddaloni",
      "countryCode": "IT",
      "stateCode": "72"
   },
   {
      "name": "Magliano Vetere",
      "countryCode": "IT",
      "stateCode": "72"
   },
   {
      "name": "Maiori",
      "countryCode": "IT",
      "stateCode": "72"
   },
   {
      "name": "Malche-Santa Croce-Serroni",
      "countryCode": "IT",
      "stateCode": "72"
   },
   {
      "name": "Manocalzati",
      "countryCode": "IT",
      "stateCode": "72"
   },
   {
      "name": "Marano di Napoli",
      "countryCode": "IT",
      "stateCode": "72"
   },
   {
      "name": "Marcianise",
      "countryCode": "IT",
      "stateCode": "72"
   },
   {
      "name": "Mariglianella",
      "countryCode": "IT",
      "stateCode": "72"
   },
   {
      "name": "Marigliano",
      "countryCode": "IT",
      "stateCode": "72"
   },
   {
      "name": "Marina di Camerota",
      "countryCode": "IT",
      "stateCode": "72"
   },
   {
      "name": "Marina di Casal Velino",
      "countryCode": "IT",
      "stateCode": "72"
   },
   {
      "name": "Marzanello",
      "countryCode": "IT",
      "stateCode": "72"
   },
   {
      "name": "Marzano Appio",
      "countryCode": "IT",
      "stateCode": "72"
   },
   {
      "name": "Marzano di Nola",
      "countryCode": "IT",
      "stateCode": "72"
   },
   {
      "name": "Massa Lubrense",
      "countryCode": "IT",
      "stateCode": "72"
   },
   {
      "name": "Massa di Somma",
      "countryCode": "IT",
      "stateCode": "72"
   },
   {
      "name": "Masseria Vecchia Ovest",
      "countryCode": "IT",
      "stateCode": "72"
   },
   {
      "name": "Matinella",
      "countryCode": "IT",
      "stateCode": "72"
   },
   {
      "name": "Melito Irpino",
      "countryCode": "IT",
      "stateCode": "72"
   },
   {
      "name": "Melito di Napoli",
      "countryCode": "IT",
      "stateCode": "72"
   },
   {
      "name": "Melizzano",
      "countryCode": "IT",
      "stateCode": "72"
   },
   {
      "name": "Mercato",
      "countryCode": "IT",
      "stateCode": "72"
   },
   {
      "name": "Mercato San Severino",
      "countryCode": "IT",
      "stateCode": "72"
   },
   {
      "name": "Mercogliano",
      "countryCode": "IT",
      "stateCode": "72"
   },
   {
      "name": "Meta",
      "countryCode": "IT",
      "stateCode": "72"
   },
   {
      "name": "Miano",
      "countryCode": "IT",
      "stateCode": "72"
   },
   {
      "name": "Mignano Monte Lungo",
      "countryCode": "IT",
      "stateCode": "72"
   },
   {
      "name": "Minori",
      "countryCode": "IT",
      "stateCode": "72"
   },
   {
      "name": "Mirabella Eclano",
      "countryCode": "IT",
      "stateCode": "72"
   },
   {
      "name": "Moiano",
      "countryCode": "IT",
      "stateCode": "72"
   },
   {
      "name": "Moio della Civitella-Pellare",
      "countryCode": "IT",
      "stateCode": "72"
   },
   {
      "name": "Molinara",
      "countryCode": "IT",
      "stateCode": "72"
   },
   {
      "name": "Mondragone",
      "countryCode": "IT",
      "stateCode": "72"
   },
   {
      "name": "Montaguto",
      "countryCode": "IT",
      "stateCode": "72"
   },
   {
      "name": "Montano Antilia",
      "countryCode": "IT",
      "stateCode": "72"
   },
   {
      "name": "Monte San Giacomo",
      "countryCode": "IT",
      "stateCode": "72"
   },
   {
      "name": "Monte di Procida",
      "countryCode": "IT",
      "stateCode": "72"
   },
   {
      "name": "Montecalvario",
      "countryCode": "IT",
      "stateCode": "72"
   },
   {
      "name": "Montecalvo Irpino",
      "countryCode": "IT",
      "stateCode": "72"
   },
   {
      "name": "Montecorice",
      "countryCode": "IT",
      "stateCode": "72"
   },
   {
      "name": "Montecorvino Pugliano",
      "countryCode": "IT",
      "stateCode": "72"
   },
   {
      "name": "Montecorvino Rovella",
      "countryCode": "IT",
      "stateCode": "72"
   },
   {
      "name": "Montedecoro",
      "countryCode": "IT",
      "stateCode": "72"
   },
   {
      "name": "Montefalcione",
      "countryCode": "IT",
      "stateCode": "72"
   },
   {
      "name": "Montefalcone di Val Fortore",
      "countryCode": "IT",
      "stateCode": "72"
   },
   {
      "name": "Monteforte Cilento",
      "countryCode": "IT",
      "stateCode": "72"
   },
   {
      "name": "Monteforte Irpino",
      "countryCode": "IT",
      "stateCode": "72"
   },
   {
      "name": "Montefredane",
      "countryCode": "IT",
      "stateCode": "72"
   },
   {
      "name": "Montefusco",
      "countryCode": "IT",
      "stateCode": "72"
   },
   {
      "name": "Montella",
      "countryCode": "IT",
      "stateCode": "72"
   },
   {
      "name": "Montemarano",
      "countryCode": "IT",
      "stateCode": "72"
   },
   {
      "name": "Montemiletto",
      "countryCode": "IT",
      "stateCode": "72"
   },
   {
      "name": "Monterusciello",
      "countryCode": "IT",
      "stateCode": "72"
   },
   {
      "name": "Montesano sulla Marcellana",
      "countryCode": "IT",
      "stateCode": "72"
   },
   {
      "name": "Montesarchio",
      "countryCode": "IT",
      "stateCode": "72"
   },
   {
      "name": "Monteverde",
      "countryCode": "IT",
      "stateCode": "72"
   },
   {
      "name": "Monticelli",
      "countryCode": "IT",
      "stateCode": "72"
   },
   {
      "name": "Montoro Superiore",
      "countryCode": "IT",
      "stateCode": "72"
   },
   {
      "name": "Morcone",
      "countryCode": "IT",
      "stateCode": "72"
   },
   {
      "name": "Morigerati",
      "countryCode": "IT",
      "stateCode": "72"
   },
   {
      "name": "Morra de Sanctis",
      "countryCode": "IT",
      "stateCode": "72"
   },
   {
      "name": "Moschiano",
      "countryCode": "IT",
      "stateCode": "72"
   },
   {
      "name": "Mugnano del Cardinale",
      "countryCode": "IT",
      "stateCode": "72"
   },
   {
      "name": "Mugnano di Napoli",
      "countryCode": "IT",
      "stateCode": "72"
   },
   {
      "name": "Musci",
      "countryCode": "IT",
      "stateCode": "72"
   },
   {
      "name": "Naples",
      "countryCode": "IT",
      "stateCode": "72"
   },
   {
      "name": "Napoli",
      "countryCode": "IT",
      "stateCode": "72"
   },
   {
      "name": "Nocelleto",
      "countryCode": "IT",
      "stateCode": "72"
   },
   {
      "name": "Nocera Inferiore",
      "countryCode": "IT",
      "stateCode": "72"
   },
   {
      "name": "Nocera Superiore",
      "countryCode": "IT",
      "stateCode": "72"
   },
   {
      "name": "Nola",
      "countryCode": "IT",
      "stateCode": "72"
   },
   {
      "name": "Novi Velia",
      "countryCode": "IT",
      "stateCode": "72"
   },
   {
      "name": "Nuova Conza della Campania",
      "countryCode": "IT",
      "stateCode": "72"
   },
   {
      "name": "Nusco",
      "countryCode": "IT",
      "stateCode": "72"
   },
   {
      "name": "Ogliastro Cilento",
      "countryCode": "IT",
      "stateCode": "72"
   },
   {
      "name": "Olevano sul Tusciano",
      "countryCode": "IT",
      "stateCode": "72"
   },
   {
      "name": "Oliveto Citra",
      "countryCode": "IT",
      "stateCode": "72"
   },
   {
      "name": "Omignano",
      "countryCode": "IT",
      "stateCode": "72"
   },
   {
      "name": "Orria",
      "countryCode": "IT",
      "stateCode": "72"
   },
   {
      "name": "Orta di Atella",
      "countryCode": "IT",
      "stateCode": "72"
   },
   {
      "name": "Ospedaletto d'Alpinolo",
      "countryCode": "IT",
      "stateCode": "72"
   },
   {
      "name": "Ottati",
      "countryCode": "IT",
      "stateCode": "72"
   },
   {
      "name": "Ottaviano",
      "countryCode": "IT",
      "stateCode": "72"
   },
   {
      "name": "Padula",
      "countryCode": "IT",
      "stateCode": "72"
   },
   {
      "name": "Paduli",
      "countryCode": "IT",
      "stateCode": "72"
   },
   {
      "name": "Pagani",
      "countryCode": "IT",
      "stateCode": "72"
   },
   {
      "name": "Pagliarone",
      "countryCode": "IT",
      "stateCode": "72"
   },
   {
      "name": "Pago Veiano",
      "countryCode": "IT",
      "stateCode": "72"
   },
   {
      "name": "Pago del Vallo di Lauro",
      "countryCode": "IT",
      "stateCode": "72"
   },
   {
      "name": "Palinuro",
      "countryCode": "IT",
      "stateCode": "72"
   },
   {
      "name": "Palma Campania",
      "countryCode": "IT",
      "stateCode": "72"
   },
   {
      "name": "Palomonte",
      "countryCode": "IT",
      "stateCode": "72"
   },
   {
      "name": "Pannarano",
      "countryCode": "IT",
      "stateCode": "72"
   },
   {
      "name": "Paolisi",
      "countryCode": "IT",
      "stateCode": "72"
   },
   {
      "name": "Parete",
      "countryCode": "IT",
      "stateCode": "72"
   },
   {
      "name": "Parolise",
      "countryCode": "IT",
      "stateCode": "72"
   },
   {
      "name": "Pascarola",
      "countryCode": "IT",
      "stateCode": "72"
   },
   {
      "name": "Passo di Mirabella-Pianopantano",
      "countryCode": "IT",
      "stateCode": "72"
   },
   {
      "name": "Pastorano",
      "countryCode": "IT",
      "stateCode": "72"
   },
   {
      "name": "Paternopoli",
      "countryCode": "IT",
      "stateCode": "72"
   },
   {
      "name": "Paupisi",
      "countryCode": "IT",
      "stateCode": "72"
   },
   {
      "name": "Pellezzano",
      "countryCode": "IT",
      "stateCode": "72"
   },
   {
      "name": "Pendino",
      "countryCode": "IT",
      "stateCode": "72"
   },
   {
      "name": "Perdifumo",
      "countryCode": "IT",
      "stateCode": "72"
   },
   {
      "name": "Perito",
      "countryCode": "IT",
      "stateCode": "72"
   },
   {
      "name": "Pertosa",
      "countryCode": "IT",
      "stateCode": "72"
   },
   {
      "name": "Pesco Sannita",
      "countryCode": "IT",
      "stateCode": "72"
   },
   {
      "name": "Petina",
      "countryCode": "IT",
      "stateCode": "72"
   },
   {
      "name": "Petruro Irpino",
      "countryCode": "IT",
      "stateCode": "72"
   },
   {
      "name": "Pezzano-Filetta",
      "countryCode": "IT",
      "stateCode": "72"
   },
   {
      "name": "Piaggine",
      "countryCode": "IT",
      "stateCode": "72"
   },
   {
      "name": "Piana di Monte Verna",
      "countryCode": "IT",
      "stateCode": "72"
   },
   {
      "name": "Pianillo",
      "countryCode": "IT",
      "stateCode": "72"
   },
   {
      "name": "Piano",
      "countryCode": "IT",
      "stateCode": "72"
   },
   {
      "name": "Piano di Sorrento",
      "countryCode": "IT",
      "stateCode": "72"
   },
   {
      "name": "Pianura",
      "countryCode": "IT",
      "stateCode": "72"
   },
   {
      "name": "Piazza Roma",
      "countryCode": "IT",
      "stateCode": "72"
   },
   {
      "name": "Piazza del Galdo-Sant'Angelo",
      "countryCode": "IT",
      "stateCode": "72"
   },
   {
      "name": "Piazza di Pandola",
      "countryCode": "IT",
      "stateCode": "72"
   },
   {
      "name": "Piazza-Tralia-Pendolo",
      "countryCode": "IT",
      "stateCode": "72"
   },
   {
      "name": "Piazzola",
      "countryCode": "IT",
      "stateCode": "72"
   },
   {
      "name": "Piazzolla",
      "countryCode": "IT",
      "stateCode": "72"
   },
   {
      "name": "Piedimonte",
      "countryCode": "IT",
      "stateCode": "72"
   },
   {
      "name": "Piedimonte Matese",
      "countryCode": "IT",
      "stateCode": "72"
   },
   {
      "name": "Piegolelle-San Bartolomeo",
      "countryCode": "IT",
      "stateCode": "72"
   },
   {
      "name": "Pietradefusi",
      "countryCode": "IT",
      "stateCode": "72"
   },
   {
      "name": "Pietramelara",
      "countryCode": "IT",
      "stateCode": "72"
   },
   {
      "name": "Pietraroja",
      "countryCode": "IT",
      "stateCode": "72"
   },
   {
      "name": "Pietrastornina",
      "countryCode": "IT",
      "stateCode": "72"
   },
   {
      "name": "Pietravairano",
      "countryCode": "IT",
      "stateCode": "72"
   },
   {
      "name": "Pietre",
      "countryCode": "IT",
      "stateCode": "72"
   },
   {
      "name": "Pietrelcina",
      "countryCode": "IT",
      "stateCode": "72"
   },
   {
      "name": "Pignataro Maggiore",
      "countryCode": "IT",
      "stateCode": "72"
   },
   {
      "name": "Pimonte",
      "countryCode": "IT",
      "stateCode": "72"
   },
   {
      "name": "Piscinola",
      "countryCode": "IT",
      "stateCode": "72"
   },
   {
      "name": "Pisciotta",
      "countryCode": "IT",
      "stateCode": "72"
   },
   {
      "name": "Poggiomarino",
      "countryCode": "IT",
      "stateCode": "72"
   },
   {
      "name": "Poggioreale",
      "countryCode": "IT",
      "stateCode": "72"
   },
   {
      "name": "Policastro Bussentino",
      "countryCode": "IT",
      "stateCode": "72"
   },
   {
      "name": "Polla",
      "countryCode": "IT",
      "stateCode": "72"
   },
   {
      "name": "Pollena Trocchia",
      "countryCode": "IT",
      "stateCode": "72"
   },
   {
      "name": "Pollica",
      "countryCode": "IT",
      "stateCode": "72"
   },
   {
      "name": "Polvica",
      "countryCode": "IT",
      "stateCode": "72"
   },
   {
      "name": "Pomigliano d'Arco",
      "countryCode": "IT",
      "stateCode": "72"
   },
   {
      "name": "Pompei",
      "countryCode": "IT",
      "stateCode": "72"
   },
   {
      "name": "Ponte",
      "countryCode": "IT",
      "stateCode": "72"
   },
   {
      "name": "Pontecagnano",
      "countryCode": "IT",
      "stateCode": "72"
   },
   {
      "name": "Pontelandolfo",
      "countryCode": "IT",
      "stateCode": "72"
   },
   {
      "name": "Pontelatone",
      "countryCode": "IT",
      "stateCode": "72"
   },
   {
      "name": "Ponticelli",
      "countryCode": "IT",
      "stateCode": "72"
   },
   {
      "name": "Portici",
      "countryCode": "IT",
      "stateCode": "72"
   },
   {
      "name": "Portico di Caserta",
      "countryCode": "IT",
      "stateCode": "72"
   },
   {
      "name": "Porto",
      "countryCode": "IT",
      "stateCode": "72"
   },
   {
      "name": "Posillipo",
      "countryCode": "IT",
      "stateCode": "72"
   },
   {
      "name": "Positano",
      "countryCode": "IT",
      "stateCode": "72"
   },
   {
      "name": "Postiglione",
      "countryCode": "IT",
      "stateCode": "72"
   },
   {
      "name": "Pozzillo",
      "countryCode": "IT",
      "stateCode": "72"
   },
   {
      "name": "Pozzuoli",
      "countryCode": "IT",
      "stateCode": "72"
   },
   {
      "name": "Praiano",
      "countryCode": "IT",
      "stateCode": "72"
   },
   {
      "name": "Prata Sannita Centro",
      "countryCode": "IT",
      "stateCode": "72"
   },
   {
      "name": "Prata di Principato Ultra",
      "countryCode": "IT",
      "stateCode": "72"
   },
   {
      "name": "Pratella",
      "countryCode": "IT",
      "stateCode": "72"
   },
   {
      "name": "Prato Perillo",
      "countryCode": "IT",
      "stateCode": "72"
   },
   {
      "name": "Pratola Serra",
      "countryCode": "IT",
      "stateCode": "72"
   },
   {
      "name": "Pratole",
      "countryCode": "IT",
      "stateCode": "72"
   },
   {
      "name": "Prepezzano",
      "countryCode": "IT",
      "stateCode": "72"
   },
   {
      "name": "Presenzano",
      "countryCode": "IT",
      "stateCode": "72"
   },
   {
      "name": "Prignano Cilento",
      "countryCode": "IT",
      "stateCode": "72"
   },
   {
      "name": "Procida",
      "countryCode": "IT",
      "stateCode": "72"
   },
   {
      "name": "Provincia di Avellino",
      "countryCode": "IT",
      "stateCode": "72"
   },
   {
      "name": "Provincia di Benevento",
      "countryCode": "IT",
      "stateCode": "72"
   },
   {
      "name": "Provincia di Caserta",
      "countryCode": "IT",
      "stateCode": "72"
   },
   {
      "name": "Provincia di Salerno",
      "countryCode": "IT",
      "stateCode": "72"
   },
   {
      "name": "Puglianello",
      "countryCode": "IT",
      "stateCode": "72"
   },
   {
      "name": "Pugliano",
      "countryCode": "IT",
      "stateCode": "72"
   },
   {
      "name": "Quadrelle",
      "countryCode": "IT",
      "stateCode": "72"
   },
   {
      "name": "Quadrivio",
      "countryCode": "IT",
      "stateCode": "72"
   },
   {
      "name": "Qualiano",
      "countryCode": "IT",
      "stateCode": "72"
   },
   {
      "name": "Quarto",
      "countryCode": "IT",
      "stateCode": "72"
   },
   {
      "name": "Quindici",
      "countryCode": "IT",
      "stateCode": "72"
   },
   {
      "name": "Ravello",
      "countryCode": "IT",
      "stateCode": "72"
   },
   {
      "name": "Raviscanina",
      "countryCode": "IT",
      "stateCode": "72"
   },
   {
      "name": "Recale",
      "countryCode": "IT",
      "stateCode": "72"
   },
   {
      "name": "Reino",
      "countryCode": "IT",
      "stateCode": "72"
   },
   {
      "name": "Rettifilo-Vannullo",
      "countryCode": "IT",
      "stateCode": "72"
   },
   {
      "name": "Riardo",
      "countryCode": "IT",
      "stateCode": "72"
   },
   {
      "name": "Ricigliano",
      "countryCode": "IT",
      "stateCode": "72"
   },
   {
      "name": "Rocca San Felice",
      "countryCode": "IT",
      "stateCode": "72"
   },
   {
      "name": "Roccabascerana",
      "countryCode": "IT",
      "stateCode": "72"
   },
   {
      "name": "Roccadaspide",
      "countryCode": "IT",
      "stateCode": "72"
   },
   {
      "name": "Roccagloriosa",
      "countryCode": "IT",
      "stateCode": "72"
   },
   {
      "name": "Roccamonfina",
      "countryCode": "IT",
      "stateCode": "72"
   },
   {
      "name": "Roccapiemonte",
      "countryCode": "IT",
      "stateCode": "72"
   },
   {
      "name": "Roccarainola",
      "countryCode": "IT",
      "stateCode": "72"
   },
   {
      "name": "Roccaromana",
      "countryCode": "IT",
      "stateCode": "72"
   },
   {
      "name": "Rocchetta",
      "countryCode": "IT",
      "stateCode": "72"
   },
   {
      "name": "Rofrano",
      "countryCode": "IT",
      "stateCode": "72"
   },
   {
      "name": "Roscigno",
      "countryCode": "IT",
      "stateCode": "72"
   },
   {
      "name": "Rotondi",
      "countryCode": "IT",
      "stateCode": "72"
   },
   {
      "name": "Rutino",
      "countryCode": "IT",
      "stateCode": "72"
   },
   {
      "name": "Ruviano",
      "countryCode": "IT",
      "stateCode": "72"
   },
   {
      "name": "Sacco",
      "countryCode": "IT",
      "stateCode": "72"
   },
   {
      "name": "Sala",
      "countryCode": "IT",
      "stateCode": "72"
   },
   {
      "name": "Sala Consilina",
      "countryCode": "IT",
      "stateCode": "72"
   },
   {
      "name": "Salento",
      "countryCode": "IT",
      "stateCode": "72"
   },
   {
      "name": "Salerno",
      "countryCode": "IT",
      "stateCode": "72"
   },
   {
      "name": "Salitto-Valle",
      "countryCode": "IT",
      "stateCode": "72"
   },
   {
      "name": "Salvitelle",
      "countryCode": "IT",
      "stateCode": "72"
   },
   {
      "name": "Salza Irpina",
      "countryCode": "IT",
      "stateCode": "72"
   },
   {
      "name": "San Bartolomeo in Galdo",
      "countryCode": "IT",
      "stateCode": "72"
   },
   {
      "name": "San Carlo All'Arena",
      "countryCode": "IT",
      "stateCode": "72"
   },
   {
      "name": "San Castrese",
      "countryCode": "IT",
      "stateCode": "72"
   },
   {
      "name": "San Cipriano Picentino",
      "countryCode": "IT",
      "stateCode": "72"
   },
   {
      "name": "San Cipriano d'Aversa",
      "countryCode": "IT",
      "stateCode": "72"
   },
   {
      "name": "San Clemente",
      "countryCode": "IT",
      "stateCode": "72"
   },
   {
      "name": "San Felice A Cancello",
      "countryCode": "IT",
      "stateCode": "72"
   },
   {
      "name": "San Ferdinando",
      "countryCode": "IT",
      "stateCode": "72"
   },
   {
      "name": "San Gennaro Vesuviano",
      "countryCode": "IT",
      "stateCode": "72"
   },
   {
      "name": "San Giorgio",
      "countryCode": "IT",
      "stateCode": "72"
   },
   {
      "name": "San Giorgio a Cremano",
      "countryCode": "IT",
      "stateCode": "72"
   },
   {
      "name": "San Giorgio del Sannio",
      "countryCode": "IT",
      "stateCode": "72"
   },
   {
      "name": "San Giorgio la Molara",
      "countryCode": "IT",
      "stateCode": "72"
   },
   {
      "name": "San Giovanni A Piro",
      "countryCode": "IT",
      "stateCode": "72"
   },
   {
      "name": "San Giovanni a Teduccio",
      "countryCode": "IT",
      "stateCode": "72"
   },
   {
      "name": "San Giuseppe",
      "countryCode": "IT",
      "stateCode": "72"
   },
   {
      "name": "San Giuseppe Vesuviano",
      "countryCode": "IT",
      "stateCode": "72"
   },
   {
      "name": "San Gregorio Magno",
      "countryCode": "IT",
      "stateCode": "72"
   },
   {
      "name": "San Gregorio Matese",
      "countryCode": "IT",
      "stateCode": "72"
   },
   {
      "name": "San Leucio del Sannio-Cavuoti",
      "countryCode": "IT",
      "stateCode": "72"
   },
   {
      "name": "San Lorenzello",
      "countryCode": "IT",
      "stateCode": "72"
   },
   {
      "name": "San Lorenzo",
      "countryCode": "IT",
      "stateCode": "72"
   },
   {
      "name": "San Lorenzo Maggiore",
      "countryCode": "IT",
      "stateCode": "72"
   },
   {
      "name": "San Lupo",
      "countryCode": "IT",
      "stateCode": "72"
   },
   {
      "name": "San Mango Piemonte",
      "countryCode": "IT",
      "stateCode": "72"
   },
   {
      "name": "San Mango sul Calore",
      "countryCode": "IT",
      "stateCode": "72"
   },
   {
      "name": "San Marcellino",
      "countryCode": "IT",
      "stateCode": "72"
   },
   {
      "name": "San Marco",
      "countryCode": "IT",
      "stateCode": "72"
   },
   {
      "name": "San Marco Evangelista",
      "countryCode": "IT",
      "stateCode": "72"
   },
   {
      "name": "San Marco dei Cavoti",
      "countryCode": "IT",
      "stateCode": "72"
   },
   {
      "name": "San Martino Sannita",
      "countryCode": "IT",
      "stateCode": "72"
   },
   {
      "name": "San Martino Valle Caudina",
      "countryCode": "IT",
      "stateCode": "72"
   },
   {
      "name": "San Marzano sul Sarno",
      "countryCode": "IT",
      "stateCode": "72"
   },
   {
      "name": "San Mauro Cilento",
      "countryCode": "IT",
      "stateCode": "72"
   },
   {
      "name": "San Mauro la Bruca",
      "countryCode": "IT",
      "stateCode": "72"
   },
   {
      "name": "San Michele",
      "countryCode": "IT",
      "stateCode": "72"
   },
   {
      "name": "San Michele di Serino",
      "countryCode": "IT",
      "stateCode": "72"
   },
   {
      "name": "San Nazzaro",
      "countryCode": "IT",
      "stateCode": "72"
   },
   {
      "name": "San Nicola Baronia",
      "countryCode": "IT",
      "stateCode": "72"
   },
   {
      "name": "San Nicola Manfredi",
      "countryCode": "IT",
      "stateCode": "72"
   },
   {
      "name": "San Nicola la Strada",
      "countryCode": "IT",
      "stateCode": "72"
   },
   {
      "name": "San Paolo Bel Sito",
      "countryCode": "IT",
      "stateCode": "72"
   },
   {
      "name": "San Pietro",
      "countryCode": "IT",
      "stateCode": "72"
   },
   {
      "name": "San Pietro Infine",
      "countryCode": "IT",
      "stateCode": "72"
   },
   {
      "name": "San Pietro a Patierno",
      "countryCode": "IT",
      "stateCode": "72"
   },
   {
      "name": "San Pietro al Tanagro",
      "countryCode": "IT",
      "stateCode": "72"
   },
   {
      "name": "San Potito Sannitico",
      "countryCode": "IT",
      "stateCode": "72"
   },
   {
      "name": "San Potito Ultra",
      "countryCode": "IT",
      "stateCode": "72"
   },
   {
      "name": "San Prisco",
      "countryCode": "IT",
      "stateCode": "72"
   },
   {
      "name": "San Rufo",
      "countryCode": "IT",
      "stateCode": "72"
   },
   {
      "name": "San Salvatore Telesino",
      "countryCode": "IT",
      "stateCode": "72"
   },
   {
      "name": "San Sebastiano al Vesuvio",
      "countryCode": "IT",
      "stateCode": "72"
   },
   {
      "name": "San Sossio Baronia",
      "countryCode": "IT",
      "stateCode": "72"
   },
   {
      "name": "San Tammaro",
      "countryCode": "IT",
      "stateCode": "72"
   },
   {
      "name": "San Valentino Torio",
      "countryCode": "IT",
      "stateCode": "72"
   },
   {
      "name": "San Vitaliano",
      "countryCode": "IT",
      "stateCode": "72"
   },
   {
      "name": "Sant'Agata de'Goti",
      "countryCode": "IT",
      "stateCode": "72"
   },
   {
      "name": "Sant'Agata sui Due Golfi",
      "countryCode": "IT",
      "stateCode": "72"
   },
   {
      "name": "Sant'Agnello",
      "countryCode": "IT",
      "stateCode": "72"
   },
   {
      "name": "Sant'Anastasia",
      "countryCode": "IT",
      "stateCode": "72"
   },
   {
      "name": "Sant'Andrea di Conza",
      "countryCode": "IT",
      "stateCode": "72"
   },
   {
      "name": "Sant'Andrea-Pizzone-Ciamprisco",
      "countryCode": "IT",
      "stateCode": "72"
   },
   {
      "name": "Sant'Angelo",
      "countryCode": "IT",
      "stateCode": "72"
   },
   {
      "name": "Sant'Angelo A Cupolo",
      "countryCode": "IT",
      "stateCode": "72"
   },
   {
      "name": "Sant'Angelo A Fasanella",
      "countryCode": "IT",
      "stateCode": "72"
   },
   {
      "name": "Sant'Angelo A Scala",
      "countryCode": "IT",
      "stateCode": "72"
   },
   {
      "name": "Sant'Angelo All'Esca",
      "countryCode": "IT",
      "stateCode": "72"
   },
   {
      "name": "Sant'Angelo d'Alife",
      "countryCode": "IT",
      "stateCode": "72"
   },
   {
      "name": "Sant'Angelo dei Lombardi",
      "countryCode": "IT",
      "stateCode": "72"
   },
   {
      "name": "Sant'Angelo in Formis",
      "countryCode": "IT",
      "stateCode": "72"
   },
   {
      "name": "Sant'Antimo",
      "countryCode": "IT",
      "stateCode": "72"
   },
   {
      "name": "Sant'Antonio",
      "countryCode": "IT",
      "stateCode": "72"
   },
   {
      "name": "Sant'Antonio Abate",
      "countryCode": "IT",
      "stateCode": "72"
   },
   {
      "name": "Sant'Arcangelo Trimonte",
      "countryCode": "IT",
      "stateCode": "72"
   },
   {
      "name": "Sant'Arpino",
      "countryCode": "IT",
      "stateCode": "72"
   },
   {
      "name": "Sant'Arsenio",
      "countryCode": "IT",
      "stateCode": "72"
   },
   {
      "name": "Sant'Egidio del Monte Albino",
      "countryCode": "IT",
      "stateCode": "72"
   },
   {
      "name": "Sant'Elena Irpina",
      "countryCode": "IT",
      "stateCode": "72"
   },
   {
      "name": "Santa Croce del Sannio",
      "countryCode": "IT",
      "stateCode": "72"
   },
   {
      "name": "Santa Lucia",
      "countryCode": "IT",
      "stateCode": "72"
   },
   {
      "name": "Santa Lucia di Serino",
      "countryCode": "IT",
      "stateCode": "72"
   },
   {
      "name": "Santa Maria",
      "countryCode": "IT",
      "stateCode": "72"
   },
   {
      "name": "Santa Maria A Vico",
      "countryCode": "IT",
      "stateCode": "72"
   },
   {
      "name": "Santa Maria Capua Vetere",
      "countryCode": "IT",
      "stateCode": "72"
   },
   {
      "name": "Santa Maria La Carità",
      "countryCode": "IT",
      "stateCode": "72"
   },
   {
      "name": "Santa Maria la Fossa",
      "countryCode": "IT",
      "stateCode": "72"
   },
   {
      "name": "Santa Marina",
      "countryCode": "IT",
      "stateCode": "72"
   },
   {
      "name": "Santa Paolina",
      "countryCode": "IT",
      "stateCode": "72"
   },
   {
      "name": "Santa Tecla-Castelpagano",
      "countryCode": "IT",
      "stateCode": "72"
   },
   {
      "name": "Santo Stefano del Sole",
      "countryCode": "IT",
      "stateCode": "72"
   },
   {
      "name": "Santomenna",
      "countryCode": "IT",
      "stateCode": "72"
   },
   {
      "name": "Sanza",
      "countryCode": "IT",
      "stateCode": "72"
   },
   {
      "name": "Sapri",
      "countryCode": "IT",
      "stateCode": "72"
   },
   {
      "name": "Sarno",
      "countryCode": "IT",
      "stateCode": "72"
   },
   {
      "name": "Sassano",
      "countryCode": "IT",
      "stateCode": "72"
   },
   {
      "name": "Sassinoro",
      "countryCode": "IT",
      "stateCode": "72"
   },
   {
      "name": "Saviano",
      "countryCode": "IT",
      "stateCode": "72"
   },
   {
      "name": "Savignano Irpino",
      "countryCode": "IT",
      "stateCode": "72"
   },
   {
      "name": "Scafati",
      "countryCode": "IT",
      "stateCode": "72"
   },
   {
      "name": "Scala",
      "countryCode": "IT",
      "stateCode": "72"
   },
   {
      "name": "Scalo Romagnano al Monte",
      "countryCode": "IT",
      "stateCode": "72"
   },
   {
      "name": "Scampia",
      "countryCode": "IT",
      "stateCode": "72"
   },
   {
      "name": "Scampitella",
      "countryCode": "IT",
      "stateCode": "72"
   },
   {
      "name": "Scario",
      "countryCode": "IT",
      "stateCode": "72"
   },
   {
      "name": "Scisciano",
      "countryCode": "IT",
      "stateCode": "72"
   },
   {
      "name": "Secondigliano",
      "countryCode": "IT",
      "stateCode": "72"
   },
   {
      "name": "Senerchia",
      "countryCode": "IT",
      "stateCode": "72"
   },
   {
      "name": "Serino",
      "countryCode": "IT",
      "stateCode": "72"
   },
   {
      "name": "Serramezzana",
      "countryCode": "IT",
      "stateCode": "72"
   },
   {
      "name": "Serrara Fontana",
      "countryCode": "IT",
      "stateCode": "72"
   },
   {
      "name": "Serre",
      "countryCode": "IT",
      "stateCode": "72"
   },
   {
      "name": "Sessa Aurunca",
      "countryCode": "IT",
      "stateCode": "72"
   },
   {
      "name": "Sessa Cilento",
      "countryCode": "IT",
      "stateCode": "72"
   },
   {
      "name": "Siano",
      "countryCode": "IT",
      "stateCode": "72"
   },
   {
      "name": "Sicignano degli Alburni",
      "countryCode": "IT",
      "stateCode": "72"
   },
   {
      "name": "Sirignano",
      "countryCode": "IT",
      "stateCode": "72"
   },
   {
      "name": "Soccavo",
      "countryCode": "IT",
      "stateCode": "72"
   },
   {
      "name": "Solofra",
      "countryCode": "IT",
      "stateCode": "72"
   },
   {
      "name": "Solopaca",
      "countryCode": "IT",
      "stateCode": "72"
   },
   {
      "name": "Somma Vesuviana",
      "countryCode": "IT",
      "stateCode": "72"
   },
   {
      "name": "Sorbo Serpico",
      "countryCode": "IT",
      "stateCode": "72"
   },
   {
      "name": "Sorrento",
      "countryCode": "IT",
      "stateCode": "72"
   },
   {
      "name": "Sparanise",
      "countryCode": "IT",
      "stateCode": "72"
   },
   {
      "name": "Spartimento",
      "countryCode": "IT",
      "stateCode": "72"
   },
   {
      "name": "Sperone",
      "countryCode": "IT",
      "stateCode": "72"
   },
   {
      "name": "Starza Vecchia",
      "countryCode": "IT",
      "stateCode": "72"
   },
   {
      "name": "Stella",
      "countryCode": "IT",
      "stateCode": "72"
   },
   {
      "name": "Stella Cilento",
      "countryCode": "IT",
      "stateCode": "72"
   },
   {
      "name": "Stio",
      "countryCode": "IT",
      "stateCode": "72"
   },
   {
      "name": "Striano",
      "countryCode": "IT",
      "stateCode": "72"
   },
   {
      "name": "Sturno",
      "countryCode": "IT",
      "stateCode": "72"
   },
   {
      "name": "Succivo",
      "countryCode": "IT",
      "stateCode": "72"
   },
   {
      "name": "Summonte",
      "countryCode": "IT",
      "stateCode": "72"
   },
   {
      "name": "Taurano",
      "countryCode": "IT",
      "stateCode": "72"
   },
   {
      "name": "Taurasi",
      "countryCode": "IT",
      "stateCode": "72"
   },
   {
      "name": "Teano",
      "countryCode": "IT",
      "stateCode": "72"
   },
   {
      "name": "Teggiano-Macchiaroli",
      "countryCode": "IT",
      "stateCode": "72"
   },
   {
      "name": "Telese",
      "countryCode": "IT",
      "stateCode": "72"
   },
   {
      "name": "Teora",
      "countryCode": "IT",
      "stateCode": "72"
   },
   {
      "name": "Terzigno",
      "countryCode": "IT",
      "stateCode": "72"
   },
   {
      "name": "Teverola",
      "countryCode": "IT",
      "stateCode": "72"
   },
   {
      "name": "Tocco Caudio",
      "countryCode": "IT",
      "stateCode": "72"
   },
   {
      "name": "Tora",
      "countryCode": "IT",
      "stateCode": "72"
   },
   {
      "name": "Torchiara",
      "countryCode": "IT",
      "stateCode": "72"
   },
   {
      "name": "Torchiati",
      "countryCode": "IT",
      "stateCode": "72"
   },
   {
      "name": "Torella dei Lombardi",
      "countryCode": "IT",
      "stateCode": "72"
   },
   {
      "name": "Torelli-Torrette",
      "countryCode": "IT",
      "stateCode": "72"
   },
   {
      "name": "Torraca",
      "countryCode": "IT",
      "stateCode": "72"
   },
   {
      "name": "Torre Annunziata",
      "countryCode": "IT",
      "stateCode": "72"
   },
   {
      "name": "Torre Caracciolo",
      "countryCode": "IT",
      "stateCode": "72"
   },
   {
      "name": "Torre Orsaia",
      "countryCode": "IT",
      "stateCode": "72"
   },
   {
      "name": "Torre del Greco",
      "countryCode": "IT",
      "stateCode": "72"
   },
   {
      "name": "Torre le Nocelle",
      "countryCode": "IT",
      "stateCode": "72"
   },
   {
      "name": "Torrecuso",
      "countryCode": "IT",
      "stateCode": "72"
   },
   {
      "name": "Torretta-Scalzapecora",
      "countryCode": "IT",
      "stateCode": "72"
   },
   {
      "name": "Torrioni",
      "countryCode": "IT",
      "stateCode": "72"
   },
   {
      "name": "Tortorella",
      "countryCode": "IT",
      "stateCode": "72"
   },
   {
      "name": "Tramonti",
      "countryCode": "IT",
      "stateCode": "72"
   },
   {
      "name": "Trecase",
      "countryCode": "IT",
      "stateCode": "72"
   },
   {
      "name": "Trentinara",
      "countryCode": "IT",
      "stateCode": "72"
   },
   {
      "name": "Trentola-Ducenta",
      "countryCode": "IT",
      "stateCode": "72"
   },
   {
      "name": "Trescine",
      "countryCode": "IT",
      "stateCode": "72"
   },
   {
      "name": "Trevico",
      "countryCode": "IT",
      "stateCode": "72"
   },
   {
      "name": "Tufino",
      "countryCode": "IT",
      "stateCode": "72"
   },
   {
      "name": "Tufo",
      "countryCode": "IT",
      "stateCode": "72"
   },
   {
      "name": "Vairano-Patenora",
      "countryCode": "IT",
      "stateCode": "72"
   },
   {
      "name": "Vallata",
      "countryCode": "IT",
      "stateCode": "72"
   },
   {
      "name": "Valle Agricola",
      "countryCode": "IT",
      "stateCode": "72"
   },
   {
      "name": "Valle dell'Angelo",
      "countryCode": "IT",
      "stateCode": "72"
   },
   {
      "name": "Valle di Maddaloni",
      "countryCode": "IT",
      "stateCode": "72"
   },
   {
      "name": "Vallesaccarda",
      "countryCode": "IT",
      "stateCode": "72"
   },
   {
      "name": "Vallo della Lucania",
      "countryCode": "IT",
      "stateCode": "72"
   },
   {
      "name": "Valva",
      "countryCode": "IT",
      "stateCode": "72"
   },
   {
      "name": "Venticano",
      "countryCode": "IT",
      "stateCode": "72"
   },
   {
      "name": "Vibonati",
      "countryCode": "IT",
      "stateCode": "72"
   },
   {
      "name": "Vicaria",
      "countryCode": "IT",
      "stateCode": "72"
   },
   {
      "name": "Vico Equense",
      "countryCode": "IT",
      "stateCode": "72"
   },
   {
      "name": "Vietri sul Mare",
      "countryCode": "IT",
      "stateCode": "72"
   },
   {
      "name": "Villa Literno",
      "countryCode": "IT",
      "stateCode": "72"
   },
   {
      "name": "Villa di Briano",
      "countryCode": "IT",
      "stateCode": "72"
   },
   {
      "name": "Villamaina",
      "countryCode": "IT",
      "stateCode": "72"
   },
   {
      "name": "Villammare",
      "countryCode": "IT",
      "stateCode": "72"
   },
   {
      "name": "Villanova del Battista",
      "countryCode": "IT",
      "stateCode": "72"
   },
   {
      "name": "Villaricca",
      "countryCode": "IT",
      "stateCode": "72"
   },
   {
      "name": "Visciano",
      "countryCode": "IT",
      "stateCode": "72"
   },
   {
      "name": "Vitulano",
      "countryCode": "IT",
      "stateCode": "72"
   },
   {
      "name": "Vitulazio",
      "countryCode": "IT",
      "stateCode": "72"
   },
   {
      "name": "Volla",
      "countryCode": "IT",
      "stateCode": "72"
   },
   {
      "name": "Volturara Irpina",
      "countryCode": "IT",
      "stateCode": "72"
   },
   {
      "name": "Vomero",
      "countryCode": "IT",
      "stateCode": "72"
   },
   {
      "name": "Zona Industriale",
      "countryCode": "IT",
      "stateCode": "72"
   },
   {
      "name": "Zungoli",
      "countryCode": "IT",
      "stateCode": "72"
   },
   {
      "name": "Zuni",
      "countryCode": "IT",
      "stateCode": "72"
   }
]