[
   {
      "name": "Abdissenbosch",
      "countryCode": "NL",
      "stateCode": "LI"
   },
   {
      "name": "Amby",
      "countryCode": "NL",
      "stateCode": "LI"
   },
   {
      "name": "America",
      "countryCode": "NL",
      "stateCode": "LI"
   },
   {
      "name": "Amstenrade",
      "countryCode": "NL",
      "stateCode": "LI"
   },
   {
      "name": "Arcen",
      "countryCode": "NL",
      "stateCode": "LI"
   },
   {
      "name": "Baarlo",
      "countryCode": "NL",
      "stateCode": "LI"
   },
   {
      "name": "Banholt",
      "countryCode": "NL",
      "stateCode": "LI"
   },
   {
      "name": "Beegden",
      "countryCode": "NL",
      "stateCode": "LI"
   },
   {
      "name": "Beek",
      "countryCode": "NL",
      "stateCode": "LI"
   },
   {
      "name": "Beersdal",
      "countryCode": "NL",
      "stateCode": "LI"
   },
   {
      "name": "Beesel",
      "countryCode": "NL",
      "stateCode": "LI"
   },
   {
      "name": "Belfort",
      "countryCode": "NL",
      "stateCode": "LI"
   },
   {
      "name": "Berg",
      "countryCode": "NL",
      "stateCode": "LI"
   },
   {
      "name": "Beringe",
      "countryCode": "NL",
      "stateCode": "LI"
   },
   {
      "name": "Biesland",
      "countryCode": "NL",
      "stateCode": "LI"
   },
   {
      "name": "Bleijerheide",
      "countryCode": "NL",
      "stateCode": "LI"
   },
   {
      "name": "Blitterswijck",
      "countryCode": "NL",
      "stateCode": "LI"
   },
   {
      "name": "Bocholtz",
      "countryCode": "NL",
      "stateCode": "LI"
   },
   {
      "name": "Borgharen",
      "countryCode": "NL",
      "stateCode": "LI"
   },
   {
      "name": "Born",
      "countryCode": "NL",
      "stateCode": "LI"
   },
   {
      "name": "Brabander",
      "countryCode": "NL",
      "stateCode": "LI"
   },
   {
      "name": "Brachterbeek",
      "countryCode": "NL",
      "stateCode": "LI"
   },
   {
      "name": "Broekhem",
      "countryCode": "NL",
      "stateCode": "LI"
   },
   {
      "name": "Broeksittard",
      "countryCode": "NL",
      "stateCode": "LI"
   },
   {
      "name": "Brukske",
      "countryCode": "NL",
      "stateCode": "LI"
   },
   {
      "name": "Brunssum",
      "countryCode": "NL",
      "stateCode": "LI"
   },
   {
      "name": "Buchten",
      "countryCode": "NL",
      "stateCode": "LI"
   },
   {
      "name": "Budschop",
      "countryCode": "NL",
      "stateCode": "LI"
   },
   {
      "name": "Bunde",
      "countryCode": "NL",
      "stateCode": "LI"
   },
   {
      "name": "Chevremont",
      "countryCode": "NL",
      "stateCode": "LI"
   },
   {
      "name": "De Heeg",
      "countryCode": "NL",
      "stateCode": "LI"
   },
   {
      "name": "Doenrade",
      "countryCode": "NL",
      "stateCode": "LI"
   },
   {
      "name": "Egchel",
      "countryCode": "NL",
      "stateCode": "LI"
   },
   {
      "name": "Eijsden",
      "countryCode": "NL",
      "stateCode": "LI"
   },
   {
      "name": "Eijsden-Margraten",
      "countryCode": "NL",
      "stateCode": "LI"
   },
   {
      "name": "Einighausen",
      "countryCode": "NL",
      "stateCode": "LI"
   },
   {
      "name": "Elsloo",
      "countryCode": "NL",
      "stateCode": "LI"
   },
   {
      "name": "Geleen",
      "countryCode": "NL",
      "stateCode": "LI"
   },
   {
      "name": "Gemeente Beek",
      "countryCode": "NL",
      "stateCode": "LI"
   },
   {
      "name": "Gemeente Beesel",
      "countryCode": "NL",
      "stateCode": "LI"
   },
   {
      "name": "Gemeente Bergen",
      "countryCode": "NL",
      "stateCode": "LI"
   },
   {
      "name": "Gemeente Brunssum",
      "countryCode": "NL",
      "stateCode": "LI"
   },
   {
      "name": "Gemeente Echt-Susteren",
      "countryCode": "NL",
      "stateCode": "LI"
   },
   {
      "name": "Gemeente Gennep",
      "countryCode": "NL",
      "stateCode": "LI"
   },
   {
      "name": "Gemeente Heerlen",
      "countryCode": "NL",
      "stateCode": "LI"
   },
   {
      "name": "Gemeente Horst aan de Maas",
      "countryCode": "NL",
      "stateCode": "LI"
   },
   {
      "name": "Gemeente Kerkrade",
      "countryCode": "NL",
      "stateCode": "LI"
   },
   {
      "name": "Gemeente Leudal",
      "countryCode": "NL",
      "stateCode": "LI"
   },
   {
      "name": "Gemeente Maasgouw",
      "countryCode": "NL",
      "stateCode": "LI"
   },
   {
      "name": "Gemeente Maastricht",
      "countryCode": "NL",
      "stateCode": "LI"
   },
   {
      "name": "Gemeente Meerssen",
      "countryCode": "NL",
      "stateCode": "LI"
   },
   {
      "name": "Gemeente Mook en Middelaar",
      "countryCode": "NL",
      "stateCode": "LI"
   },
   {
      "name": "Gemeente Nederweert",
      "countryCode": "NL",
      "stateCode": "LI"
   },
   {
      "name": "Gemeente Peel en Maas",
      "countryCode": "NL",
      "stateCode": "LI"
   },
   {
      "name": "Gemeente Roerdalen",
      "countryCode": "NL",
      "stateCode": "LI"
   },
   {
      "name": "Gemeente Roermond",
      "countryCode": "NL",
      "stateCode": "LI"
   },
   {
      "name": "Gemeente Simpelveld",
      "countryCode": "NL",
      "stateCode": "LI"
   },
   {
      "name": "Gemeente Sittard-Geleen",
      "countryCode": "NL",
      "stateCode": "LI"
   },
   {
      "name": "Gemeente Stein",
      "countryCode": "NL",
      "stateCode": "LI"
   },
   {
      "name": "Gemeente Vaals",
      "countryCode": "NL",
      "stateCode": "LI"
   },
   {
      "name": "Gemeente Venlo",
      "countryCode": "NL",
      "stateCode": "LI"
   },
   {
      "name": "Gemeente Venray",
      "countryCode": "NL",
      "stateCode": "LI"
   },
   {
      "name": "Gemeente Voerendaal",
      "countryCode": "NL",
      "stateCode": "LI"
   },
   {
      "name": "Gemeente Weert",
      "countryCode": "NL",
      "stateCode": "LI"
   },
   {
      "name": "Gennep",
      "countryCode": "NL",
      "stateCode": "LI"
   },
   {
      "name": "Gracht",
      "countryCode": "NL",
      "stateCode": "LI"
   },
   {
      "name": "Grashoek",
      "countryCode": "NL",
      "stateCode": "LI"
   },
   {
      "name": "Grevenbicht",
      "countryCode": "NL",
      "stateCode": "LI"
   },
   {
      "name": "Gronsveld",
      "countryCode": "NL",
      "stateCode": "LI"
   },
   {
      "name": "Gulpen",
      "countryCode": "NL",
      "stateCode": "LI"
   },
   {
      "name": "Gulpen-Wittem",
      "countryCode": "NL",
      "stateCode": "LI"
   },
   {
      "name": "Guttecoven",
      "countryCode": "NL",
      "stateCode": "LI"
   },
   {
      "name": "Haanrade",
      "countryCode": "NL",
      "stateCode": "LI"
   },
   {
      "name": "Haelen",
      "countryCode": "NL",
      "stateCode": "LI"
   },
   {
      "name": "Heel",
      "countryCode": "NL",
      "stateCode": "LI"
   },
   {
      "name": "Heer",
      "countryCode": "NL",
      "stateCode": "LI"
   },
   {
      "name": "Heerlen",
      "countryCode": "NL",
      "stateCode": "LI"
   },
   {
      "name": "Hegelsom",
      "countryCode": "NL",
      "stateCode": "LI"
   },
   {
      "name": "Heide",
      "countryCode": "NL",
      "stateCode": "LI"
   },
   {
      "name": "Heijen",
      "countryCode": "NL",
      "stateCode": "LI"
   },
   {
      "name": "Heksenberg",
      "countryCode": "NL",
      "stateCode": "LI"
   },
   {
      "name": "Helden",
      "countryCode": "NL",
      "stateCode": "LI"
   },
   {
      "name": "Herkenbosch",
      "countryCode": "NL",
      "stateCode": "LI"
   },
   {
      "name": "Herten",
      "countryCode": "NL",
      "stateCode": "LI"
   },
   {
      "name": "Heugem",
      "countryCode": "NL",
      "stateCode": "LI"
   },
   {
      "name": "Heythuysen",
      "countryCode": "NL",
      "stateCode": "LI"
   },
   {
      "name": "Hoensbroek",
      "countryCode": "NL",
      "stateCode": "LI"
   },
   {
      "name": "Holtum",
      "countryCode": "NL",
      "stateCode": "LI"
   },
   {
      "name": "Holz",
      "countryCode": "NL",
      "stateCode": "LI"
   },
   {
      "name": "Hopel",
      "countryCode": "NL",
      "stateCode": "LI"
   },
   {
      "name": "Houthem",
      "countryCode": "NL",
      "stateCode": "LI"
   },
   {
      "name": "Hulsberg",
      "countryCode": "NL",
      "stateCode": "LI"
   },
   {
      "name": "Husken",
      "countryCode": "NL",
      "stateCode": "LI"
   },
   {
      "name": "Kaalheide",
      "countryCode": "NL",
      "stateCode": "LI"
   },
   {
      "name": "Kakert",
      "countryCode": "NL",
      "stateCode": "LI"
   },
   {
      "name": "Keent",
      "countryCode": "NL",
      "stateCode": "LI"
   },
   {
      "name": "Kelpen-Oler",
      "countryCode": "NL",
      "stateCode": "LI"
   },
   {
      "name": "Kerensheide",
      "countryCode": "NL",
      "stateCode": "LI"
   },
   {
      "name": "Kerkrade",
      "countryCode": "NL",
      "stateCode": "LI"
   },
   {
      "name": "Kessel",
      "countryCode": "NL",
      "stateCode": "LI"
   },
   {
      "name": "Klimmen",
      "countryCode": "NL",
      "stateCode": "LI"
   },
   {
      "name": "Koningsbosch",
      "countryCode": "NL",
      "stateCode": "LI"
   },
   {
      "name": "Koningslust",
      "countryCode": "NL",
      "stateCode": "LI"
   },
   {
      "name": "Kruisberg",
      "countryCode": "NL",
      "stateCode": "LI"
   },
   {
      "name": "Kunrade",
      "countryCode": "NL",
      "stateCode": "LI"
   },
   {
      "name": "Landgraaf",
      "countryCode": "NL",
      "stateCode": "LI"
   },
   {
      "name": "Lauradorp",
      "countryCode": "NL",
      "stateCode": "LI"
   },
   {
      "name": "Leeuwen",
      "countryCode": "NL",
      "stateCode": "LI"
   },
   {
      "name": "Leuken",
      "countryCode": "NL",
      "stateCode": "LI"
   },
   {
      "name": "Leunen",
      "countryCode": "NL",
      "stateCode": "LI"
   },
   {
      "name": "Lichtenberg",
      "countryCode": "NL",
      "stateCode": "LI"
   },
   {
      "name": "Limbricht",
      "countryCode": "NL",
      "stateCode": "LI"
   },
   {
      "name": "Limmel",
      "countryCode": "NL",
      "stateCode": "LI"
   },
   {
      "name": "Lindenheuvel",
      "countryCode": "NL",
      "stateCode": "LI"
   },
   {
      "name": "Linne",
      "countryCode": "NL",
      "stateCode": "LI"
   },
   {
      "name": "Lottum",
      "countryCode": "NL",
      "stateCode": "LI"
   },
   {
      "name": "Maasbracht",
      "countryCode": "NL",
      "stateCode": "LI"
   },
   {
      "name": "Maasbree",
      "countryCode": "NL",
      "stateCode": "LI"
   },
   {
      "name": "Maastricht",
      "countryCode": "NL",
      "stateCode": "LI"
   },
   {
      "name": "Malberg",
      "countryCode": "NL",
      "stateCode": "LI"
   },
   {
      "name": "Margraten",
      "countryCode": "NL",
      "stateCode": "LI"
   },
   {
      "name": "Mariarade",
      "countryCode": "NL",
      "stateCode": "LI"
   },
   {
      "name": "Mechelen",
      "countryCode": "NL",
      "stateCode": "LI"
   },
   {
      "name": "Meerlo",
      "countryCode": "NL",
      "stateCode": "LI"
   },
   {
      "name": "Meerssen",
      "countryCode": "NL",
      "stateCode": "LI"
   },
   {
      "name": "Meezenbroek",
      "countryCode": "NL",
      "stateCode": "LI"
   },
   {
      "name": "Meijel",
      "countryCode": "NL",
      "stateCode": "LI"
   },
   {
      "name": "Melderslo",
      "countryCode": "NL",
      "stateCode": "LI"
   },
   {
      "name": "Melick",
      "countryCode": "NL",
      "stateCode": "LI"
   },
   {
      "name": "Merkelbeek",
      "countryCode": "NL",
      "stateCode": "LI"
   },
   {
      "name": "Merselo",
      "countryCode": "NL",
      "stateCode": "LI"
   },
   {
      "name": "Merum",
      "countryCode": "NL",
      "stateCode": "LI"
   },
   {
      "name": "Milsbeek",
      "countryCode": "NL",
      "stateCode": "LI"
   },
   {
      "name": "Moesel",
      "countryCode": "NL",
      "stateCode": "LI"
   },
   {
      "name": "Montfort",
      "countryCode": "NL",
      "stateCode": "LI"
   },
   {
      "name": "Mook",
      "countryCode": "NL",
      "stateCode": "LI"
   },
   {
      "name": "Munstergeleen",
      "countryCode": "NL",
      "stateCode": "LI"
   },
   {
      "name": "Nederweert",
      "countryCode": "NL",
      "stateCode": "LI"
   },
   {
      "name": "Neerbeek",
      "countryCode": "NL",
      "stateCode": "LI"
   },
   {
      "name": "Nieuw-Lotbroek",
      "countryCode": "NL",
      "stateCode": "LI"
   },
   {
      "name": "Nieuwdorp",
      "countryCode": "NL",
      "stateCode": "LI"
   },
   {
      "name": "Nuth",
      "countryCode": "NL",
      "stateCode": "LI"
   },
   {
      "name": "Obbicht",
      "countryCode": "NL",
      "stateCode": "LI"
   },
   {
      "name": "Offenbeek",
      "countryCode": "NL",
      "stateCode": "LI"
   },
   {
      "name": "Oirlo",
      "countryCode": "NL",
      "stateCode": "LI"
   },
   {
      "name": "Oirsbeek",
      "countryCode": "NL",
      "stateCode": "LI"
   },
   {
      "name": "Oostrum",
      "countryCode": "NL",
      "stateCode": "LI"
   },
   {
      "name": "Ophoven",
      "countryCode": "NL",
      "stateCode": "LI"
   },
   {
      "name": "Ospel",
      "countryCode": "NL",
      "stateCode": "LI"
   },
   {
      "name": "Ottersum",
      "countryCode": "NL",
      "stateCode": "LI"
   },
   {
      "name": "Oud-Caberg",
      "countryCode": "NL",
      "stateCode": "LI"
   },
   {
      "name": "Overhoven",
      "countryCode": "NL",
      "stateCode": "LI"
   },
   {
      "name": "Panningen",
      "countryCode": "NL",
      "stateCode": "LI"
   },
   {
      "name": "Passart",
      "countryCode": "NL",
      "stateCode": "LI"
   },
   {
      "name": "Peij",
      "countryCode": "NL",
      "stateCode": "LI"
   },
   {
      "name": "Posterholt",
      "countryCode": "NL",
      "stateCode": "LI"
   },
   {
      "name": "Pottenberg",
      "countryCode": "NL",
      "stateCode": "LI"
   },
   {
      "name": "Puth",
      "countryCode": "NL",
      "stateCode": "LI"
   },
   {
      "name": "Reuver",
      "countryCode": "NL",
      "stateCode": "LI"
   },
   {
      "name": "Roermond",
      "countryCode": "NL",
      "stateCode": "LI"
   },
   {
      "name": "Roosteren",
      "countryCode": "NL",
      "stateCode": "LI"
   },
   {
      "name": "Rothem",
      "countryCode": "NL",
      "stateCode": "LI"
   },
   {
      "name": "Scharn",
      "countryCode": "NL",
      "stateCode": "LI"
   },
   {
      "name": "Schilberg",
      "countryCode": "NL",
      "stateCode": "LI"
   },
   {
      "name": "Schimmert",
      "countryCode": "NL",
      "stateCode": "LI"
   },
   {
      "name": "Schinnen",
      "countryCode": "NL",
      "stateCode": "LI"
   },
   {
      "name": "Schinveld",
      "countryCode": "NL",
      "stateCode": "LI"
   },
   {
      "name": "Sevenum",
      "countryCode": "NL",
      "stateCode": "LI"
   },
   {
      "name": "Sibbe",
      "countryCode": "NL",
      "stateCode": "LI"
   },
   {
      "name": "Simpelveld",
      "countryCode": "NL",
      "stateCode": "LI"
   },
   {
      "name": "Sint Joost",
      "countryCode": "NL",
      "stateCode": "LI"
   },
   {
      "name": "Sint Odiliënberg",
      "countryCode": "NL",
      "stateCode": "LI"
   },
   {
      "name": "Sittard",
      "countryCode": "NL",
      "stateCode": "LI"
   },
   {
      "name": "Spaubeek",
      "countryCode": "NL",
      "stateCode": "LI"
   },
   {
      "name": "Spekholzerheide",
      "countryCode": "NL",
      "stateCode": "LI"
   },
   {
      "name": "Stadbroek",
      "countryCode": "NL",
      "stateCode": "LI"
   },
   {
      "name": "Stein",
      "countryCode": "NL",
      "stateCode": "LI"
   },
   {
      "name": "Stramproy",
      "countryCode": "NL",
      "stateCode": "LI"
   },
   {
      "name": "Tegelen",
      "countryCode": "NL",
      "stateCode": "LI"
   },
   {
      "name": "Terwinselen",
      "countryCode": "NL",
      "stateCode": "LI"
   },
   {
      "name": "Thorn",
      "countryCode": "NL",
      "stateCode": "LI"
   },
   {
      "name": "Tienray",
      "countryCode": "NL",
      "stateCode": "LI"
   },
   {
      "name": "Ubachsberg",
      "countryCode": "NL",
      "stateCode": "LI"
   },
   {
      "name": "Ulestraten",
      "countryCode": "NL",
      "stateCode": "LI"
   },
   {
      "name": "Urmond",
      "countryCode": "NL",
      "stateCode": "LI"
   },
   {
      "name": "Vaals",
      "countryCode": "NL",
      "stateCode": "LI"
   },
   {
      "name": "Valkenburg",
      "countryCode": "NL",
      "stateCode": "LI"
   },
   {
      "name": "Valkenburg aan de Geul",
      "countryCode": "NL",
      "stateCode": "LI"
   },
   {
      "name": "Veltum",
      "countryCode": "NL",
      "stateCode": "LI"
   },
   {
      "name": "Venlo",
      "countryCode": "NL",
      "stateCode": "LI"
   },
   {
      "name": "Venray",
      "countryCode": "NL",
      "stateCode": "LI"
   },
   {
      "name": "Vijlen",
      "countryCode": "NL",
      "stateCode": "LI"
   },
   {
      "name": "Vlodrop",
      "countryCode": "NL",
      "stateCode": "LI"
   },
   {
      "name": "Voerendaal",
      "countryCode": "NL",
      "stateCode": "LI"
   },
   {
      "name": "Vrieheide",
      "countryCode": "NL",
      "stateCode": "LI"
   },
   {
      "name": "Wanssum",
      "countryCode": "NL",
      "stateCode": "LI"
   },
   {
      "name": "Waubach",
      "countryCode": "NL",
      "stateCode": "LI"
   },
   {
      "name": "Weert",
      "countryCode": "NL",
      "stateCode": "LI"
   },
   {
      "name": "Well",
      "countryCode": "NL",
      "stateCode": "LI"
   },
   {
      "name": "Wellerlooi",
      "countryCode": "NL",
      "stateCode": "LI"
   },
   {
      "name": "Wessem",
      "countryCode": "NL",
      "stateCode": "LI"
   },
   {
      "name": "Wijlre",
      "countryCode": "NL",
      "stateCode": "LI"
   },
   {
      "name": "Wijnandsrade",
      "countryCode": "NL",
      "stateCode": "LI"
   },
   {
      "name": "Wolder",
      "countryCode": "NL",
      "stateCode": "LI"
   },
   {
      "name": "Ysselsteyn",
      "countryCode": "NL",
      "stateCode": "LI"
   }
]