[
   {
      "name": "Abut",
      "countryCode": "PH",
      "stateCode": "AGN"
   },
   {
      "name": "Accusilian",
      "countryCode": "PH",
      "stateCode": "AGN"
   },
   {
      "name": "Afusing Centro",
      "countryCode": "PH",
      "stateCode": "AGN"
   },
   {
      "name": "Aglipay",
      "countryCode": "PH",
      "stateCode": "AGN"
   },
   {
      "name": "Alabug",
      "countryCode": "PH",
      "stateCode": "AGN"
   },
   {
      "name": "Alannay",
      "countryCode": "PH",
      "stateCode": "AGN"
   },
   {
      "name": "Alcala",
      "countryCode": "PH",
      "stateCode": "AGN"
   },
   {
      "name": "Alfonso Casta単eda",
      "countryCode": "PH",
      "stateCode": "AGN"
   },
   {
      "name": "Alicia",
      "countryCode": "PH",
      "stateCode": "AGN"
   },
   {
      "name": "Allacapan",
      "countryCode": "PH",
      "stateCode": "AGN"
   },
   {
      "name": "Almaguer North",
      "countryCode": "PH",
      "stateCode": "AGN"
   },
   {
      "name": "Ambaguio",
      "countryCode": "PH",
      "stateCode": "AGN"
   },
   {
      "name": "Amulung",
      "countryCode": "PH",
      "stateCode": "AGN"
   },
   {
      "name": "Angadanan",
      "countryCode": "PH",
      "stateCode": "AGN"
   },
   {
      "name": "Antagan Segunda",
      "countryCode": "PH",
      "stateCode": "AGN"
   },
   {
      "name": "Aparri",
      "countryCode": "PH",
      "stateCode": "AGN"
   },
   {
      "name": "Aritao",
      "countryCode": "PH",
      "stateCode": "AGN"
   },
   {
      "name": "Atulayan",
      "countryCode": "PH",
      "stateCode": "AGN"
   },
   {
      "name": "Aurora",
      "countryCode": "PH",
      "stateCode": "AGN"
   },
   {
      "name": "Awallan",
      "countryCode": "PH",
      "stateCode": "AGN"
   },
   {
      "name": "Bacnor East",
      "countryCode": "PH",
      "stateCode": "AGN"
   },
   {
      "name": "Bagabag",
      "countryCode": "PH",
      "stateCode": "AGN"
   },
   {
      "name": "Baggabag B",
      "countryCode": "PH",
      "stateCode": "AGN"
   },
   {
      "name": "Baggao",
      "countryCode": "PH",
      "stateCode": "AGN"
   },
   {
      "name": "Bagong Tanza",
      "countryCode": "PH",
      "stateCode": "AGN"
   },
   {
      "name": "Bagu",
      "countryCode": "PH",
      "stateCode": "AGN"
   },
   {
      "name": "Bagumbayan",
      "countryCode": "PH",
      "stateCode": "AGN"
   },
   {
      "name": "Ballesteros",
      "countryCode": "PH",
      "stateCode": "AGN"
   },
   {
      "name": "Bambang",
      "countryCode": "PH",
      "stateCode": "AGN"
   },
   {
      "name": "Bangad",
      "countryCode": "PH",
      "stateCode": "AGN"
   },
   {
      "name": "Banganan",
      "countryCode": "PH",
      "stateCode": "AGN"
   },
   {
      "name": "Banquero",
      "countryCode": "PH",
      "stateCode": "AGN"
   },
   {
      "name": "Barucboc Norte",
      "countryCode": "PH",
      "stateCode": "AGN"
   },
   {
      "name": "Basco",
      "countryCode": "PH",
      "stateCode": "AGN"
   },
   {
      "name": "Batal",
      "countryCode": "PH",
      "stateCode": "AGN"
   },
   {
      "name": "Battung",
      "countryCode": "PH",
      "stateCode": "AGN"
   },
   {
      "name": "Bauan",
      "countryCode": "PH",
      "stateCode": "AGN"
   },
   {
      "name": "Bayombong",
      "countryCode": "PH",
      "stateCode": "AGN"
   },
   {
      "name": "Belance",
      "countryCode": "PH",
      "stateCode": "AGN"
   },
   {
      "name": "Benito Soliven",
      "countryCode": "PH",
      "stateCode": "AGN"
   },
   {
      "name": "Binalan",
      "countryCode": "PH",
      "stateCode": "AGN"
   },
   {
      "name": "Binguang",
      "countryCode": "PH",
      "stateCode": "AGN"
   },
   {
      "name": "Bintawan",
      "countryCode": "PH",
      "stateCode": "AGN"
   },
   {
      "name": "Bitag Grande",
      "countryCode": "PH",
      "stateCode": "AGN"
   },
   {
      "name": "Bone South",
      "countryCode": "PH",
      "stateCode": "AGN"
   },
   {
      "name": "Buguey",
      "countryCode": "PH",
      "stateCode": "AGN"
   },
   {
      "name": "Buliwao",
      "countryCode": "PH",
      "stateCode": "AGN"
   },
   {
      "name": "Bulu",
      "countryCode": "PH",
      "stateCode": "AGN"
   },
   {
      "name": "Burgos",
      "countryCode": "PH",
      "stateCode": "AGN"
   },
   {
      "name": "Busilak",
      "countryCode": "PH",
      "stateCode": "AGN"
   },
   {
      "name": "Cabagan",
      "countryCode": "PH",
      "stateCode": "AGN"
   },
   {
      "name": "Cabannungan Second",
      "countryCode": "PH",
      "stateCode": "AGN"
   },
   {
      "name": "Cabaritan East",
      "countryCode": "PH",
      "stateCode": "AGN"
   },
   {
      "name": "Cabarroguis",
      "countryCode": "PH",
      "stateCode": "AGN"
   },
   {
      "name": "Cabatuan",
      "countryCode": "PH",
      "stateCode": "AGN"
   },
   {
      "name": "Cabiraoan",
      "countryCode": "PH",
      "stateCode": "AGN"
   },
   {
      "name": "Calamagui East",
      "countryCode": "PH",
      "stateCode": "AGN"
   },
   {
      "name": "Calantac",
      "countryCode": "PH",
      "stateCode": "AGN"
   },
   {
      "name": "Calaoagan",
      "countryCode": "PH",
      "stateCode": "AGN"
   },
   {
      "name": "Calayan",
      "countryCode": "PH",
      "stateCode": "AGN"
   },
   {
      "name": "Calinaoan Malasin",
      "countryCode": "PH",
      "stateCode": "AGN"
   },
   {
      "name": "Calog Norte",
      "countryCode": "PH",
      "stateCode": "AGN"
   },
   {
      "name": "Camalaniugan",
      "countryCode": "PH",
      "stateCode": "AGN"
   },
   {
      "name": "Capissayan Sur",
      "countryCode": "PH",
      "stateCode": "AGN"
   },
   {
      "name": "Carig",
      "countryCode": "PH",
      "stateCode": "AGN"
   },
   {
      "name": "Casambalangan",
      "countryCode": "PH",
      "stateCode": "AGN"
   },
   {
      "name": "Catayauan",
      "countryCode": "PH",
      "stateCode": "AGN"
   },
   {
      "name": "Cauayan",
      "countryCode": "PH",
      "stateCode": "AGN"
   },
   {
      "name": "Claveria",
      "countryCode": "PH",
      "stateCode": "AGN"
   },
   {
      "name": "Cordon",
      "countryCode": "PH",
      "stateCode": "AGN"
   },
   {
      "name": "Cullalabo del Sur",
      "countryCode": "PH",
      "stateCode": "AGN"
   },
   {
      "name": "Dagupan",
      "countryCode": "PH",
      "stateCode": "AGN"
   },
   {
      "name": "Dalaoig",
      "countryCode": "PH",
      "stateCode": "AGN"
   },
   {
      "name": "Daragutan",
      "countryCode": "PH",
      "stateCode": "AGN"
   },
   {
      "name": "Dassun",
      "countryCode": "PH",
      "stateCode": "AGN"
   },
   {
      "name": "Delfin Albano",
      "countryCode": "PH",
      "stateCode": "AGN"
   },
   {
      "name": "Diadi",
      "countryCode": "PH",
      "stateCode": "AGN"
   },
   {
      "name": "Diamantina",
      "countryCode": "PH",
      "stateCode": "AGN"
   },
   {
      "name": "Dibuluan",
      "countryCode": "PH",
      "stateCode": "AGN"
   },
   {
      "name": "Dicabisagan",
      "countryCode": "PH",
      "stateCode": "AGN"
   },
   {
      "name": "Dicamay",
      "countryCode": "PH",
      "stateCode": "AGN"
   },
   {
      "name": "Diffun",
      "countryCode": "PH",
      "stateCode": "AGN"
   },
   {
      "name": "Dinapigui",
      "countryCode": "PH",
      "stateCode": "AGN"
   },
   {
      "name": "Divilican",
      "countryCode": "PH",
      "stateCode": "AGN"
   },
   {
      "name": "Divisoria",
      "countryCode": "PH",
      "stateCode": "AGN"
   },
   {
      "name": "Dodan",
      "countryCode": "PH",
      "stateCode": "AGN"
   },
   {
      "name": "Dumabato",
      "countryCode": "PH",
      "stateCode": "AGN"
   },
   {
      "name": "Dupax del Norte",
      "countryCode": "PH",
      "stateCode": "AGN"
   },
   {
      "name": "Dupax del Sur",
      "countryCode": "PH",
      "stateCode": "AGN"
   },
   {
      "name": "Echague (town)",
      "countryCode": "PH",
      "stateCode": "AGN"
   },
   {
      "name": "Eden",
      "countryCode": "PH",
      "stateCode": "AGN"
   },
   {
      "name": "Enrile",
      "countryCode": "PH",
      "stateCode": "AGN"
   },
   {
      "name": "Esperanza East",
      "countryCode": "PH",
      "stateCode": "AGN"
   },
   {
      "name": "Estefania",
      "countryCode": "PH",
      "stateCode": "AGN"
   },
   {
      "name": "Furao",
      "countryCode": "PH",
      "stateCode": "AGN"
   },
   {
      "name": "Gadu",
      "countryCode": "PH",
      "stateCode": "AGN"
   },
   {
      "name": "Gammad",
      "countryCode": "PH",
      "stateCode": "AGN"
   },
   {
      "name": "Gamu",
      "countryCode": "PH",
      "stateCode": "AGN"
   },
   {
      "name": "Ganapi",
      "countryCode": "PH",
      "stateCode": "AGN"
   },
   {
      "name": "Gappal",
      "countryCode": "PH",
      "stateCode": "AGN"
   },
   {
      "name": "Gattaran",
      "countryCode": "PH",
      "stateCode": "AGN"
   },
   {
      "name": "Gonzaga",
      "countryCode": "PH",
      "stateCode": "AGN"
   },
   {
      "name": "Guiddam",
      "countryCode": "PH",
      "stateCode": "AGN"
   },
   {
      "name": "Ibung",
      "countryCode": "PH",
      "stateCode": "AGN"
   },
   {
      "name": "Iguig",
      "countryCode": "PH",
      "stateCode": "AGN"
   },
   {
      "name": "Ilagan",
      "countryCode": "PH",
      "stateCode": "AGN"
   },
   {
      "name": "Ineangan",
      "countryCode": "PH",
      "stateCode": "AGN"
   },
   {
      "name": "Itbayat",
      "countryCode": "PH",
      "stateCode": "AGN"
   },
   {
      "name": "Ivana",
      "countryCode": "PH",
      "stateCode": "AGN"
   },
   {
      "name": "Jones",
      "countryCode": "PH",
      "stateCode": "AGN"
   },
   {
      "name": "Kasibu",
      "countryCode": "PH",
      "stateCode": "AGN"
   },
   {
      "name": "Kayapa",
      "countryCode": "PH",
      "stateCode": "AGN"
   },
   {
      "name": "La Paz",
      "countryCode": "PH",
      "stateCode": "AGN"
   },
   {
      "name": "Lal-lo",
      "countryCode": "PH",
      "stateCode": "AGN"
   },
   {
      "name": "Lallayug",
      "countryCode": "PH",
      "stateCode": "AGN"
   },
   {
      "name": "Lanna",
      "countryCode": "PH",
      "stateCode": "AGN"
   },
   {
      "name": "Lapi",
      "countryCode": "PH",
      "stateCode": "AGN"
   },
   {
      "name": "Larion Alto",
      "countryCode": "PH",
      "stateCode": "AGN"
   },
   {
      "name": "Lasam",
      "countryCode": "PH",
      "stateCode": "AGN"
   },
   {
      "name": "Lucban",
      "countryCode": "PH",
      "stateCode": "AGN"
   },
   {
      "name": "Luna",
      "countryCode": "PH",
      "stateCode": "AGN"
   },
   {
      "name": "Mabasa",
      "countryCode": "PH",
      "stateCode": "AGN"
   },
   {
      "name": "Mabini",
      "countryCode": "PH",
      "stateCode": "AGN"
   },
   {
      "name": "Mabuttal East",
      "countryCode": "PH",
      "stateCode": "AGN"
   },
   {
      "name": "Maconacon",
      "countryCode": "PH",
      "stateCode": "AGN"
   },
   {
      "name": "Maddarulug Norte",
      "countryCode": "PH",
      "stateCode": "AGN"
   },
   {
      "name": "Maddela",
      "countryCode": "PH",
      "stateCode": "AGN"
   },
   {
      "name": "Magalalag",
      "countryCode": "PH",
      "stateCode": "AGN"
   },
   {
      "name": "Magdalena",
      "countryCode": "PH",
      "stateCode": "AGN"
   },
   {
      "name": "Maguilling",
      "countryCode": "PH",
      "stateCode": "AGN"
   },
   {
      "name": "Mahatao",
      "countryCode": "PH",
      "stateCode": "AGN"
   },
   {
      "name": "Malasin",
      "countryCode": "PH",
      "stateCode": "AGN"
   },
   {
      "name": "Mallig",
      "countryCode": "PH",
      "stateCode": "AGN"
   },
   {
      "name": "Maluno Sur",
      "countryCode": "PH",
      "stateCode": "AGN"
   },
   {
      "name": "Manaring",
      "countryCode": "PH",
      "stateCode": "AGN"
   },
   {
      "name": "Manga",
      "countryCode": "PH",
      "stateCode": "AGN"
   },
   {
      "name": "Masaya Sur",
      "countryCode": "PH",
      "stateCode": "AGN"
   },
   {
      "name": "Masipi West",
      "countryCode": "PH",
      "stateCode": "AGN"
   },
   {
      "name": "Maxingal",
      "countryCode": "PH",
      "stateCode": "AGN"
   },
   {
      "name": "Minallo",
      "countryCode": "PH",
      "stateCode": "AGN"
   },
   {
      "name": "Minanga Norte",
      "countryCode": "PH",
      "stateCode": "AGN"
   },
   {
      "name": "Minante Segundo",
      "countryCode": "PH",
      "stateCode": "AGN"
   },
   {
      "name": "Minuri",
      "countryCode": "PH",
      "stateCode": "AGN"
   },
   {
      "name": "Mozzozzin Sur",
      "countryCode": "PH",
      "stateCode": "AGN"
   },
   {
      "name": "Mungo",
      "countryCode": "PH",
      "stateCode": "AGN"
   },
   {
      "name": "Municipality of Delfin Albano",
      "countryCode": "PH",
      "stateCode": "AGN"
   },
   {
      "name": "Mu単oz East",
      "countryCode": "PH",
      "stateCode": "AGN"
   },
   {
      "name": "Nabannagan West",
      "countryCode": "PH",
      "stateCode": "AGN"
   },
   {
      "name": "Nagrumbuan",
      "countryCode": "PH",
      "stateCode": "AGN"
   },
   {
      "name": "Nagtipunan",
      "countryCode": "PH",
      "stateCode": "AGN"
   },
   {
      "name": "Naguilian",
      "countryCode": "PH",
      "stateCode": "AGN"
   },
   {
      "name": "Namuac",
      "countryCode": "PH",
      "stateCode": "AGN"
   },
   {
      "name": "Nattapian",
      "countryCode": "PH",
      "stateCode": "AGN"
   },
   {
      "name": "Paddaya",
      "countryCode": "PH",
      "stateCode": "AGN"
   },
   {
      "name": "Palagao Norte",
      "countryCode": "PH",
      "stateCode": "AGN"
   },
   {
      "name": "Palanan",
      "countryCode": "PH",
      "stateCode": "AGN"
   },
   {
      "name": "Pamplona",
      "countryCode": "PH",
      "stateCode": "AGN"
   },
   {
      "name": "Pangal Sur",
      "countryCode": "PH",
      "stateCode": "AGN"
   },
   {
      "name": "Pata",
      "countryCode": "PH",
      "stateCode": "AGN"
   },
   {
      "name": "Pattao",
      "countryCode": "PH",
      "stateCode": "AGN"
   },
   {
      "name": "Pe単ablanca",
      "countryCode": "PH",
      "stateCode": "AGN"
   },
   {
      "name": "Piat",
      "countryCode": "PH",
      "stateCode": "AGN"
   },
   {
      "name": "Pinoma",
      "countryCode": "PH",
      "stateCode": "AGN"
   },
   {
      "name": "Quezon",
      "countryCode": "PH",
      "stateCode": "AGN"
   },
   {
      "name": "Quibal",
      "countryCode": "PH",
      "stateCode": "AGN"
   },
   {
      "name": "Quirino",
      "countryCode": "PH",
      "stateCode": "AGN"
   },
   {
      "name": "Ragan Norte",
      "countryCode": "PH",
      "stateCode": "AGN"
   },
   {
      "name": "Ramon (municipal capital)",
      "countryCode": "PH",
      "stateCode": "AGN"
   },
   {
      "name": "Ramos West",
      "countryCode": "PH",
      "stateCode": "AGN"
   },
   {
      "name": "Reina Mercedes",
      "countryCode": "PH",
      "stateCode": "AGN"
   },
   {
      "name": "Rizal",
      "countryCode": "PH",
      "stateCode": "AGN"
   },
   {
      "name": "Roxas",
      "countryCode": "PH",
      "stateCode": "AGN"
   },
   {
      "name": "Sabtang",
      "countryCode": "PH",
      "stateCode": "AGN"
   },
   {
      "name": "Saguday",
      "countryCode": "PH",
      "stateCode": "AGN"
   },
   {
      "name": "Salinas",
      "countryCode": "PH",
      "stateCode": "AGN"
   },
   {
      "name": "Salinungan Proper",
      "countryCode": "PH",
      "stateCode": "AGN"
   },
   {
      "name": "San Agustin",
      "countryCode": "PH",
      "stateCode": "AGN"
   },
   {
      "name": "San Antonio",
      "countryCode": "PH",
      "stateCode": "AGN"
   },
   {
      "name": "San Bernardo",
      "countryCode": "PH",
      "stateCode": "AGN"
   },
   {
      "name": "San Fernando",
      "countryCode": "PH",
      "stateCode": "AGN"
   },
   {
      "name": "San Guillermo",
      "countryCode": "PH",
      "stateCode": "AGN"
   },
   {
      "name": "San Isidro",
      "countryCode": "PH",
      "stateCode": "AGN"
   },
   {
      "name": "San Jose",
      "countryCode": "PH",
      "stateCode": "AGN"
   },
   {
      "name": "San Luis",
      "countryCode": "PH",
      "stateCode": "AGN"
   },
   {
      "name": "San Manuel",
      "countryCode": "PH",
      "stateCode": "AGN"
   },
   {
      "name": "San Mariano",
      "countryCode": "PH",
      "stateCode": "AGN"
   },
   {
      "name": "San Mateo",
      "countryCode": "PH",
      "stateCode": "AGN"
   },
   {
      "name": "San Pablo",
      "countryCode": "PH",
      "stateCode": "AGN"
   },
   {
      "name": "San Pedro",
      "countryCode": "PH",
      "stateCode": "AGN"
   },
   {
      "name": "San Vicente",
      "countryCode": "PH",
      "stateCode": "AGN"
   },
   {
      "name": "Sanchez Mira",
      "countryCode": "PH",
      "stateCode": "AGN"
   },
   {
      "name": "Sandiat Centro",
      "countryCode": "PH",
      "stateCode": "AGN"
   },
   {
      "name": "Santa Ana",
      "countryCode": "PH",
      "stateCode": "AGN"
   },
   {
      "name": "Santa Cruz",
      "countryCode": "PH",
      "stateCode": "AGN"
   },
   {
      "name": "Santa Fe",
      "countryCode": "PH",
      "stateCode": "AGN"
   },
   {
      "name": "Santa Maria",
      "countryCode": "PH",
      "stateCode": "AGN"
   },
   {
      "name": "Santa Praxedes",
      "countryCode": "PH",
      "stateCode": "AGN"
   },
   {
      "name": "Santa Teresita",
      "countryCode": "PH",
      "stateCode": "AGN"
   },
   {
      "name": "Santiago",
      "countryCode": "PH",
      "stateCode": "AGN"
   },
   {
      "name": "Santo Domingo",
      "countryCode": "PH",
      "stateCode": "AGN"
   },
   {
      "name": "Santo Ni単o",
      "countryCode": "PH",
      "stateCode": "AGN"
   },
   {
      "name": "Santo Tomas",
      "countryCode": "PH",
      "stateCode": "AGN"
   },
   {
      "name": "Siempre Viva",
      "countryCode": "PH",
      "stateCode": "AGN"
   },
   {
      "name": "Sillawit",
      "countryCode": "PH",
      "stateCode": "AGN"
   },
   {
      "name": "Simanu Sur",
      "countryCode": "PH",
      "stateCode": "AGN"
   },
   {
      "name": "Simimbaan",
      "countryCode": "PH",
      "stateCode": "AGN"
   },
   {
      "name": "Sinamar",
      "countryCode": "PH",
      "stateCode": "AGN"
   },
   {
      "name": "Sindon",
      "countryCode": "PH",
      "stateCode": "AGN"
   },
   {
      "name": "Solana",
      "countryCode": "PH",
      "stateCode": "AGN"
   },
   {
      "name": "Solano",
      "countryCode": "PH",
      "stateCode": "AGN"
   },
   {
      "name": "Soyung",
      "countryCode": "PH",
      "stateCode": "AGN"
   },
   {
      "name": "Taguing",
      "countryCode": "PH",
      "stateCode": "AGN"
   },
   {
      "name": "Tapel",
      "countryCode": "PH",
      "stateCode": "AGN"
   },
   {
      "name": "Tuao",
      "countryCode": "PH",
      "stateCode": "AGN"
   },
   {
      "name": "Tuguegarao",
      "countryCode": "PH",
      "stateCode": "AGN"
   },
   {
      "name": "Tuguegarao City",
      "countryCode": "PH",
      "stateCode": "AGN"
   },
   {
      "name": "Tumauini",
      "countryCode": "PH",
      "stateCode": "AGN"
   },
   {
      "name": "Tupang",
      "countryCode": "PH",
      "stateCode": "AGN"
   },
   {
      "name": "Uddiawan",
      "countryCode": "PH",
      "stateCode": "AGN"
   },
   {
      "name": "Ugac Sur",
      "countryCode": "PH",
      "stateCode": "AGN"
   },
   {
      "name": "Ugad",
      "countryCode": "PH",
      "stateCode": "AGN"
   },
   {
      "name": "Upi",
      "countryCode": "PH",
      "stateCode": "AGN"
   },
   {
      "name": "Uyugan",
      "countryCode": "PH",
      "stateCode": "AGN"
   },
   {
      "name": "Villaverde",
      "countryCode": "PH",
      "stateCode": "AGN"
   },
   {
      "name": "Yeban Norte",
      "countryCode": "PH",
      "stateCode": "AGN"
   }
]