[
   {
      "name": "Acli",
      "countryCode": "PH",
      "stateCode": "AGS"
   },
   {
      "name": "Agbannawag",
      "countryCode": "PH",
      "stateCode": "AGS"
   },
   {
      "name": "Akle",
      "countryCode": "PH",
      "stateCode": "AGS"
   },
   {
      "name": "Aliaga",
      "countryCode": "PH",
      "stateCode": "AGS"
   },
   {
      "name": "Alua",
      "countryCode": "PH",
      "stateCode": "AGS"
   },
   {
      "name": "Amacalan",
      "countryCode": "PH",
      "stateCode": "AGS"
   },
   {
      "name": "Amucao",
      "countryCode": "PH",
      "stateCode": "AGS"
   },
   {
      "name": "Amuñgan",
      "countryCode": "PH",
      "stateCode": "AGS"
   },
   {
      "name": "Anao",
      "countryCode": "PH",
      "stateCode": "AGS"
   },
   {
      "name": "Angat",
      "countryCode": "PH",
      "stateCode": "AGS"
   },
   {
      "name": "Angeles",
      "countryCode": "PH",
      "stateCode": "AGS"
   },
   {
      "name": "Antipolo",
      "countryCode": "PH",
      "stateCode": "AGS"
   },
   {
      "name": "Apalit",
      "countryCode": "PH",
      "stateCode": "AGS"
   },
   {
      "name": "Arayat",
      "countryCode": "PH",
      "stateCode": "AGS"
   },
   {
      "name": "Arenas",
      "countryCode": "PH",
      "stateCode": "AGS"
   },
   {
      "name": "Arminia",
      "countryCode": "PH",
      "stateCode": "AGS"
   },
   {
      "name": "Bacabac",
      "countryCode": "PH",
      "stateCode": "AGS"
   },
   {
      "name": "Bacolor",
      "countryCode": "PH",
      "stateCode": "AGS"
   },
   {
      "name": "Bacsay",
      "countryCode": "PH",
      "stateCode": "AGS"
   },
   {
      "name": "Bagac",
      "countryCode": "PH",
      "stateCode": "AGS"
   },
   {
      "name": "Bagong Barrio",
      "countryCode": "PH",
      "stateCode": "AGS"
   },
   {
      "name": "Bagong-Sikat",
      "countryCode": "PH",
      "stateCode": "AGS"
   },
   {
      "name": "Bahay Pare",
      "countryCode": "PH",
      "stateCode": "AGS"
   },
   {
      "name": "Bakulong",
      "countryCode": "PH",
      "stateCode": "AGS"
   },
   {
      "name": "Balagtas",
      "countryCode": "PH",
      "stateCode": "AGS"
   },
   {
      "name": "Balanga",
      "countryCode": "PH",
      "stateCode": "AGS"
   },
   {
      "name": "Balaoang",
      "countryCode": "PH",
      "stateCode": "AGS"
   },
   {
      "name": "Balas",
      "countryCode": "PH",
      "stateCode": "AGS"
   },
   {
      "name": "Balasing",
      "countryCode": "PH",
      "stateCode": "AGS"
   },
   {
      "name": "Balayang",
      "countryCode": "PH",
      "stateCode": "AGS"
   },
   {
      "name": "Baler",
      "countryCode": "PH",
      "stateCode": "AGS"
   },
   {
      "name": "Balingcanaway",
      "countryCode": "PH",
      "stateCode": "AGS"
   },
   {
      "name": "Balite",
      "countryCode": "PH",
      "stateCode": "AGS"
   },
   {
      "name": "Baliuag",
      "countryCode": "PH",
      "stateCode": "AGS"
   },
   {
      "name": "Baloc",
      "countryCode": "PH",
      "stateCode": "AGS"
   },
   {
      "name": "Baloy",
      "countryCode": "PH",
      "stateCode": "AGS"
   },
   {
      "name": "Balsic",
      "countryCode": "PH",
      "stateCode": "AGS"
   },
   {
      "name": "Balucuc",
      "countryCode": "PH",
      "stateCode": "AGS"
   },
   {
      "name": "Balut",
      "countryCode": "PH",
      "stateCode": "AGS"
   },
   {
      "name": "Balutu",
      "countryCode": "PH",
      "stateCode": "AGS"
   },
   {
      "name": "Bamban",
      "countryCode": "PH",
      "stateCode": "AGS"
   },
   {
      "name": "Banawang",
      "countryCode": "PH",
      "stateCode": "AGS"
   },
   {
      "name": "Bani",
      "countryCode": "PH",
      "stateCode": "AGS"
   },
   {
      "name": "Baquero Norte",
      "countryCode": "PH",
      "stateCode": "AGS"
   },
   {
      "name": "Batasan Bata",
      "countryCode": "PH",
      "stateCode": "AGS"
   },
   {
      "name": "Batitang",
      "countryCode": "PH",
      "stateCode": "AGS"
   },
   {
      "name": "Bayanan",
      "countryCode": "PH",
      "stateCode": "AGS"
   },
   {
      "name": "Beddeng",
      "countryCode": "PH",
      "stateCode": "AGS"
   },
   {
      "name": "Biay",
      "countryCode": "PH",
      "stateCode": "AGS"
   },
   {
      "name": "Bibiclat",
      "countryCode": "PH",
      "stateCode": "AGS"
   },
   {
      "name": "Bicos",
      "countryCode": "PH",
      "stateCode": "AGS"
   },
   {
      "name": "Biga",
      "countryCode": "PH",
      "stateCode": "AGS"
   },
   {
      "name": "Bilad",
      "countryCode": "PH",
      "stateCode": "AGS"
   },
   {
      "name": "Bobon Second",
      "countryCode": "PH",
      "stateCode": "AGS"
   },
   {
      "name": "Bocaue",
      "countryCode": "PH",
      "stateCode": "AGS"
   },
   {
      "name": "Bodega",
      "countryCode": "PH",
      "stateCode": "AGS"
   },
   {
      "name": "Bolitoc",
      "countryCode": "PH",
      "stateCode": "AGS"
   },
   {
      "name": "Bongabon",
      "countryCode": "PH",
      "stateCode": "AGS"
   },
   {
      "name": "Botolan",
      "countryCode": "PH",
      "stateCode": "AGS"
   },
   {
      "name": "Buenlag",
      "countryCode": "PH",
      "stateCode": "AGS"
   },
   {
      "name": "Buensuseso",
      "countryCode": "PH",
      "stateCode": "AGS"
   },
   {
      "name": "Bulakan",
      "countryCode": "PH",
      "stateCode": "AGS"
   },
   {
      "name": "Bulaon",
      "countryCode": "PH",
      "stateCode": "AGS"
   },
   {
      "name": "Bularit",
      "countryCode": "PH",
      "stateCode": "AGS"
   },
   {
      "name": "Bulawin",
      "countryCode": "PH",
      "stateCode": "AGS"
   },
   {
      "name": "Bulihan",
      "countryCode": "PH",
      "stateCode": "AGS"
   },
   {
      "name": "Buliran",
      "countryCode": "PH",
      "stateCode": "AGS"
   },
   {
      "name": "Buliran Segundo",
      "countryCode": "PH",
      "stateCode": "AGS"
   },
   {
      "name": "Bulualto",
      "countryCode": "PH",
      "stateCode": "AGS"
   },
   {
      "name": "Bundoc",
      "countryCode": "PH",
      "stateCode": "AGS"
   },
   {
      "name": "Bunol",
      "countryCode": "PH",
      "stateCode": "AGS"
   },
   {
      "name": "Burgos",
      "countryCode": "PH",
      "stateCode": "AGS"
   },
   {
      "name": "Bustos",
      "countryCode": "PH",
      "stateCode": "AGS"
   },
   {
      "name": "Cabanatuan",
      "countryCode": "PH",
      "stateCode": "AGS"
   },
   {
      "name": "Cabangan",
      "countryCode": "PH",
      "stateCode": "AGS"
   },
   {
      "name": "Cabayaoasan",
      "countryCode": "PH",
      "stateCode": "AGS"
   },
   {
      "name": "Cabcaben",
      "countryCode": "PH",
      "stateCode": "AGS"
   },
   {
      "name": "Cabiao",
      "countryCode": "PH",
      "stateCode": "AGS"
   },
   {
      "name": "Cabog",
      "countryCode": "PH",
      "stateCode": "AGS"
   },
   {
      "name": "Cafe",
      "countryCode": "PH",
      "stateCode": "AGS"
   },
   {
      "name": "Calaba",
      "countryCode": "PH",
      "stateCode": "AGS"
   },
   {
      "name": "Calancuasan Norte",
      "countryCode": "PH",
      "stateCode": "AGS"
   },
   {
      "name": "Calangain",
      "countryCode": "PH",
      "stateCode": "AGS"
   },
   {
      "name": "Calantas",
      "countryCode": "PH",
      "stateCode": "AGS"
   },
   {
      "name": "Calayaan",
      "countryCode": "PH",
      "stateCode": "AGS"
   },
   {
      "name": "Calibungan",
      "countryCode": "PH",
      "stateCode": "AGS"
   },
   {
      "name": "Calibutbut",
      "countryCode": "PH",
      "stateCode": "AGS"
   },
   {
      "name": "Calingcuan",
      "countryCode": "PH",
      "stateCode": "AGS"
   },
   {
      "name": "Calumpang",
      "countryCode": "PH",
      "stateCode": "AGS"
   },
   {
      "name": "Calumpit",
      "countryCode": "PH",
      "stateCode": "AGS"
   },
   {
      "name": "Cama Juan",
      "countryCode": "PH",
      "stateCode": "AGS"
   },
   {
      "name": "Camachile",
      "countryCode": "PH",
      "stateCode": "AGS"
   },
   {
      "name": "Camias",
      "countryCode": "PH",
      "stateCode": "AGS"
   },
   {
      "name": "Camiling",
      "countryCode": "PH",
      "stateCode": "AGS"
   },
   {
      "name": "Candaba",
      "countryCode": "PH",
      "stateCode": "AGS"
   },
   {
      "name": "Candating",
      "countryCode": "PH",
      "stateCode": "AGS"
   },
   {
      "name": "Candelaria",
      "countryCode": "PH",
      "stateCode": "AGS"
   },
   {
      "name": "Capas",
      "countryCode": "PH",
      "stateCode": "AGS"
   },
   {
      "name": "Cardona",
      "countryCode": "PH",
      "stateCode": "AGS"
   },
   {
      "name": "Carmen",
      "countryCode": "PH",
      "stateCode": "AGS"
   },
   {
      "name": "Carranglan",
      "countryCode": "PH",
      "stateCode": "AGS"
   },
   {
      "name": "Casiguran",
      "countryCode": "PH",
      "stateCode": "AGS"
   },
   {
      "name": "Castillejos",
      "countryCode": "PH",
      "stateCode": "AGS"
   },
   {
      "name": "Cauayan",
      "countryCode": "PH",
      "stateCode": "AGS"
   },
   {
      "name": "Cavite",
      "countryCode": "PH",
      "stateCode": "AGS"
   },
   {
      "name": "Cawayan Bugtong",
      "countryCode": "PH",
      "stateCode": "AGS"
   },
   {
      "name": "City of Balanga",
      "countryCode": "PH",
      "stateCode": "AGS"
   },
   {
      "name": "City of Gapan",
      "countryCode": "PH",
      "stateCode": "AGS"
   },
   {
      "name": "City of Malolos",
      "countryCode": "PH",
      "stateCode": "AGS"
   },
   {
      "name": "City of Meycauayan",
      "countryCode": "PH",
      "stateCode": "AGS"
   },
   {
      "name": "City of San Fernando",
      "countryCode": "PH",
      "stateCode": "AGS"
   },
   {
      "name": "City of San Jose del Monte",
      "countryCode": "PH",
      "stateCode": "AGS"
   },
   {
      "name": "Comillas",
      "countryCode": "PH",
      "stateCode": "AGS"
   },
   {
      "name": "Communal",
      "countryCode": "PH",
      "stateCode": "AGS"
   },
   {
      "name": "Concepcion",
      "countryCode": "PH",
      "stateCode": "AGS"
   },
   {
      "name": "Conversion",
      "countryCode": "PH",
      "stateCode": "AGS"
   },
   {
      "name": "Culianin",
      "countryCode": "PH",
      "stateCode": "AGS"
   },
   {
      "name": "Culubasa",
      "countryCode": "PH",
      "stateCode": "AGS"
   },
   {
      "name": "Cut-cut Primero",
      "countryCode": "PH",
      "stateCode": "AGS"
   },
   {
      "name": "Cuyapo",
      "countryCode": "PH",
      "stateCode": "AGS"
   },
   {
      "name": "Dampol",
      "countryCode": "PH",
      "stateCode": "AGS"
   },
   {
      "name": "Del Carmen",
      "countryCode": "PH",
      "stateCode": "AGS"
   },
   {
      "name": "Del Pilar",
      "countryCode": "PH",
      "stateCode": "AGS"
   },
   {
      "name": "Digdig",
      "countryCode": "PH",
      "stateCode": "AGS"
   },
   {
      "name": "Dilasag",
      "countryCode": "PH",
      "stateCode": "AGS"
   },
   {
      "name": "Diliman Primero",
      "countryCode": "PH",
      "stateCode": "AGS"
   },
   {
      "name": "Dinalongan",
      "countryCode": "PH",
      "stateCode": "AGS"
   },
   {
      "name": "Dinalupihan",
      "countryCode": "PH",
      "stateCode": "AGS"
   },
   {
      "name": "Dingalan",
      "countryCode": "PH",
      "stateCode": "AGS"
   },
   {
      "name": "Dipaculao",
      "countryCode": "PH",
      "stateCode": "AGS"
   },
   {
      "name": "Dolores",
      "countryCode": "PH",
      "stateCode": "AGS"
   },
   {
      "name": "Doña Remedios Trinidad",
      "countryCode": "PH",
      "stateCode": "AGS"
   },
   {
      "name": "Entablado",
      "countryCode": "PH",
      "stateCode": "AGS"
   },
   {
      "name": "Estipona",
      "countryCode": "PH",
      "stateCode": "AGS"
   },
   {
      "name": "Estrella",
      "countryCode": "PH",
      "stateCode": "AGS"
   },
   {
      "name": "Floridablanca",
      "countryCode": "PH",
      "stateCode": "AGS"
   },
   {
      "name": "Gabaldon",
      "countryCode": "PH",
      "stateCode": "AGS"
   },
   {
      "name": "Gapan",
      "countryCode": "PH",
      "stateCode": "AGS"
   },
   {
      "name": "General Luna",
      "countryCode": "PH",
      "stateCode": "AGS"
   },
   {
      "name": "General Mamerto Natividad",
      "countryCode": "PH",
      "stateCode": "AGS"
   },
   {
      "name": "General Tinio",
      "countryCode": "PH",
      "stateCode": "AGS"
   },
   {
      "name": "Gerona",
      "countryCode": "PH",
      "stateCode": "AGS"
   },
   {
      "name": "Guagua",
      "countryCode": "PH",
      "stateCode": "AGS"
   },
   {
      "name": "Gueset",
      "countryCode": "PH",
      "stateCode": "AGS"
   },
   {
      "name": "Guiguinto",
      "countryCode": "PH",
      "stateCode": "AGS"
   },
   {
      "name": "Guimba",
      "countryCode": "PH",
      "stateCode": "AGS"
   },
   {
      "name": "Guisguis",
      "countryCode": "PH",
      "stateCode": "AGS"
   },
   {
      "name": "Guyong",
      "countryCode": "PH",
      "stateCode": "AGS"
   },
   {
      "name": "Hagonoy",
      "countryCode": "PH",
      "stateCode": "AGS"
   },
   {
      "name": "Hermosa",
      "countryCode": "PH",
      "stateCode": "AGS"
   },
   {
      "name": "Iba",
      "countryCode": "PH",
      "stateCode": "AGS"
   },
   {
      "name": "Jaen",
      "countryCode": "PH",
      "stateCode": "AGS"
   },
   {
      "name": "La Paz",
      "countryCode": "PH",
      "stateCode": "AGS"
   },
   {
      "name": "Lambakin",
      "countryCode": "PH",
      "stateCode": "AGS"
   },
   {
      "name": "Lanat",
      "countryCode": "PH",
      "stateCode": "AGS"
   },
   {
      "name": "Laug",
      "countryCode": "PH",
      "stateCode": "AGS"
   },
   {
      "name": "Laur",
      "countryCode": "PH",
      "stateCode": "AGS"
   },
   {
      "name": "Lawang Kupang",
      "countryCode": "PH",
      "stateCode": "AGS"
   },
   {
      "name": "Lennec",
      "countryCode": "PH",
      "stateCode": "AGS"
   },
   {
      "name": "Licab",
      "countryCode": "PH",
      "stateCode": "AGS"
   },
   {
      "name": "Ligaya",
      "countryCode": "PH",
      "stateCode": "AGS"
   },
   {
      "name": "Limay",
      "countryCode": "PH",
      "stateCode": "AGS"
   },
   {
      "name": "Liozon",
      "countryCode": "PH",
      "stateCode": "AGS"
   },
   {
      "name": "Lipay",
      "countryCode": "PH",
      "stateCode": "AGS"
   },
   {
      "name": "Llanera",
      "countryCode": "PH",
      "stateCode": "AGS"
   },
   {
      "name": "Lomboy",
      "countryCode": "PH",
      "stateCode": "AGS"
   },
   {
      "name": "Lourdes",
      "countryCode": "PH",
      "stateCode": "AGS"
   },
   {
      "name": "Lubao",
      "countryCode": "PH",
      "stateCode": "AGS"
   },
   {
      "name": "Lucapon",
      "countryCode": "PH",
      "stateCode": "AGS"
   },
   {
      "name": "Lupao",
      "countryCode": "PH",
      "stateCode": "AGS"
   },
   {
      "name": "Maasim",
      "countryCode": "PH",
      "stateCode": "AGS"
   },
   {
      "name": "Mabalacat",
      "countryCode": "PH",
      "stateCode": "AGS"
   },
   {
      "name": "Mabayo",
      "countryCode": "PH",
      "stateCode": "AGS"
   },
   {
      "name": "Mabilang",
      "countryCode": "PH",
      "stateCode": "AGS"
   },
   {
      "name": "Mabilog",
      "countryCode": "PH",
      "stateCode": "AGS"
   },
   {
      "name": "Mabini",
      "countryCode": "PH",
      "stateCode": "AGS"
   },
   {
      "name": "Macabebe",
      "countryCode": "PH",
      "stateCode": "AGS"
   },
   {
      "name": "Macapsing",
      "countryCode": "PH",
      "stateCode": "AGS"
   },
   {
      "name": "Macarse",
      "countryCode": "PH",
      "stateCode": "AGS"
   },
   {
      "name": "Macatbong",
      "countryCode": "PH",
      "stateCode": "AGS"
   },
   {
      "name": "Magalang",
      "countryCode": "PH",
      "stateCode": "AGS"
   },
   {
      "name": "Magliman",
      "countryCode": "PH",
      "stateCode": "AGS"
   },
   {
      "name": "Magtangol",
      "countryCode": "PH",
      "stateCode": "AGS"
   },
   {
      "name": "Maguinao",
      "countryCode": "PH",
      "stateCode": "AGS"
   },
   {
      "name": "Malabon",
      "countryCode": "PH",
      "stateCode": "AGS"
   },
   {
      "name": "Malacampa",
      "countryCode": "PH",
      "stateCode": "AGS"
   },
   {
      "name": "Maligaya",
      "countryCode": "PH",
      "stateCode": "AGS"
   },
   {
      "name": "Malino",
      "countryCode": "PH",
      "stateCode": "AGS"
   },
   {
      "name": "Malolos",
      "countryCode": "PH",
      "stateCode": "AGS"
   },
   {
      "name": "Maloma",
      "countryCode": "PH",
      "stateCode": "AGS"
   },
   {
      "name": "Maluid",
      "countryCode": "PH",
      "stateCode": "AGS"
   },
   {
      "name": "Malusac",
      "countryCode": "PH",
      "stateCode": "AGS"
   },
   {
      "name": "Mambog",
      "countryCode": "PH",
      "stateCode": "AGS"
   },
   {
      "name": "Mamonit",
      "countryCode": "PH",
      "stateCode": "AGS"
   },
   {
      "name": "Manacsac",
      "countryCode": "PH",
      "stateCode": "AGS"
   },
   {
      "name": "Manatal",
      "countryCode": "PH",
      "stateCode": "AGS"
   },
   {
      "name": "Mandili",
      "countryCode": "PH",
      "stateCode": "AGS"
   },
   {
      "name": "Mangga",
      "countryCode": "PH",
      "stateCode": "AGS"
   },
   {
      "name": "Manibaug Pasig",
      "countryCode": "PH",
      "stateCode": "AGS"
   },
   {
      "name": "Manogpi",
      "countryCode": "PH",
      "stateCode": "AGS"
   },
   {
      "name": "Mapalacsiao",
      "countryCode": "PH",
      "stateCode": "AGS"
   },
   {
      "name": "Mapalad",
      "countryCode": "PH",
      "stateCode": "AGS"
   },
   {
      "name": "Mapaniqui",
      "countryCode": "PH",
      "stateCode": "AGS"
   },
   {
      "name": "Maquiapo",
      "countryCode": "PH",
      "stateCode": "AGS"
   },
   {
      "name": "Marawa",
      "countryCode": "PH",
      "stateCode": "AGS"
   },
   {
      "name": "Maria Aurora",
      "countryCode": "PH",
      "stateCode": "AGS"
   },
   {
      "name": "Marilao",
      "countryCode": "PH",
      "stateCode": "AGS"
   },
   {
      "name": "Mariveles",
      "countryCode": "PH",
      "stateCode": "AGS"
   },
   {
      "name": "Masalipit",
      "countryCode": "PH",
      "stateCode": "AGS"
   },
   {
      "name": "Masantol",
      "countryCode": "PH",
      "stateCode": "AGS"
   },
   {
      "name": "Masinloc",
      "countryCode": "PH",
      "stateCode": "AGS"
   },
   {
      "name": "Matayumtayum",
      "countryCode": "PH",
      "stateCode": "AGS"
   },
   {
      "name": "Maturanoc",
      "countryCode": "PH",
      "stateCode": "AGS"
   },
   {
      "name": "Mayantoc",
      "countryCode": "PH",
      "stateCode": "AGS"
   },
   {
      "name": "Mexico",
      "countryCode": "PH",
      "stateCode": "AGS"
   },
   {
      "name": "Meycauayan",
      "countryCode": "PH",
      "stateCode": "AGS"
   },
   {
      "name": "Minalin",
      "countryCode": "PH",
      "stateCode": "AGS"
   },
   {
      "name": "Moncada",
      "countryCode": "PH",
      "stateCode": "AGS"
   },
   {
      "name": "Moriones",
      "countryCode": "PH",
      "stateCode": "AGS"
   },
   {
      "name": "Morong",
      "countryCode": "PH",
      "stateCode": "AGS"
   },
   {
      "name": "Motrico",
      "countryCode": "PH",
      "stateCode": "AGS"
   },
   {
      "name": "Murcia",
      "countryCode": "PH",
      "stateCode": "AGS"
   },
   {
      "name": "Muñoz",
      "countryCode": "PH",
      "stateCode": "AGS"
   },
   {
      "name": "Nagpandayan",
      "countryCode": "PH",
      "stateCode": "AGS"
   },
   {
      "name": "Nambalan",
      "countryCode": "PH",
      "stateCode": "AGS"
   },
   {
      "name": "Nampicuan",
      "countryCode": "PH",
      "stateCode": "AGS"
   },
   {
      "name": "Nancamarinan",
      "countryCode": "PH",
      "stateCode": "AGS"
   },
   {
      "name": "Nieves",
      "countryCode": "PH",
      "stateCode": "AGS"
   },
   {
      "name": "Niugan",
      "countryCode": "PH",
      "stateCode": "AGS"
   },
   {
      "name": "Norzagaray",
      "countryCode": "PH",
      "stateCode": "AGS"
   },
   {
      "name": "Obando",
      "countryCode": "PH",
      "stateCode": "AGS"
   },
   {
      "name": "Olongapo",
      "countryCode": "PH",
      "stateCode": "AGS"
   },
   {
      "name": "Orani",
      "countryCode": "PH",
      "stateCode": "AGS"
   },
   {
      "name": "Orion",
      "countryCode": "PH",
      "stateCode": "AGS"
   },
   {
      "name": "Paco Roman",
      "countryCode": "PH",
      "stateCode": "AGS"
   },
   {
      "name": "Padapada",
      "countryCode": "PH",
      "stateCode": "AGS"
   },
   {
      "name": "Paitan Norte",
      "countryCode": "PH",
      "stateCode": "AGS"
   },
   {
      "name": "Palauig",
      "countryCode": "PH",
      "stateCode": "AGS"
   },
   {
      "name": "Palayan",
      "countryCode": "PH",
      "stateCode": "AGS"
   },
   {
      "name": "Palusapis",
      "countryCode": "PH",
      "stateCode": "AGS"
   },
   {
      "name": "Pamatawan",
      "countryCode": "PH",
      "stateCode": "AGS"
   },
   {
      "name": "Panabingan",
      "countryCode": "PH",
      "stateCode": "AGS"
   },
   {
      "name": "Panan",
      "countryCode": "PH",
      "stateCode": "AGS"
   },
   {
      "name": "Pance",
      "countryCode": "PH",
      "stateCode": "AGS"
   },
   {
      "name": "Pandacaqui",
      "countryCode": "PH",
      "stateCode": "AGS"
   },
   {
      "name": "Pandi",
      "countryCode": "PH",
      "stateCode": "AGS"
   },
   {
      "name": "Pando",
      "countryCode": "PH",
      "stateCode": "AGS"
   },
   {
      "name": "Paniqui",
      "countryCode": "PH",
      "stateCode": "AGS"
   },
   {
      "name": "Pantabangan",
      "countryCode": "PH",
      "stateCode": "AGS"
   },
   {
      "name": "Pantubig",
      "countryCode": "PH",
      "stateCode": "AGS"
   },
   {
      "name": "Paombong",
      "countryCode": "PH",
      "stateCode": "AGS"
   },
   {
      "name": "Papaya",
      "countryCode": "PH",
      "stateCode": "AGS"
   },
   {
      "name": "Parang",
      "countryCode": "PH",
      "stateCode": "AGS"
   },
   {
      "name": "Parista",
      "countryCode": "PH",
      "stateCode": "AGS"
   },
   {
      "name": "Pau",
      "countryCode": "PH",
      "stateCode": "AGS"
   },
   {
      "name": "Peñaranda",
      "countryCode": "PH",
      "stateCode": "AGS"
   },
   {
      "name": "Pias",
      "countryCode": "PH",
      "stateCode": "AGS"
   },
   {
      "name": "Pilar",
      "countryCode": "PH",
      "stateCode": "AGS"
   },
   {
      "name": "Pinambaran",
      "countryCode": "PH",
      "stateCode": "AGS"
   },
   {
      "name": "Pio",
      "countryCode": "PH",
      "stateCode": "AGS"
   },
   {
      "name": "Piñahan",
      "countryCode": "PH",
      "stateCode": "AGS"
   },
   {
      "name": "Plaridel",
      "countryCode": "PH",
      "stateCode": "AGS"
   },
   {
      "name": "Porac",
      "countryCode": "PH",
      "stateCode": "AGS"
   },
   {
      "name": "Porais",
      "countryCode": "PH",
      "stateCode": "AGS"
   },
   {
      "name": "Prado Siongco",
      "countryCode": "PH",
      "stateCode": "AGS"
   },
   {
      "name": "Pulilan",
      "countryCode": "PH",
      "stateCode": "AGS"
   },
   {
      "name": "Pulo",
      "countryCode": "PH",
      "stateCode": "AGS"
   },
   {
      "name": "Pulong Gubat",
      "countryCode": "PH",
      "stateCode": "AGS"
   },
   {
      "name": "Pulong Sampalok",
      "countryCode": "PH",
      "stateCode": "AGS"
   },
   {
      "name": "Pulung Santol",
      "countryCode": "PH",
      "stateCode": "AGS"
   },
   {
      "name": "Pulungmasle",
      "countryCode": "PH",
      "stateCode": "AGS"
   },
   {
      "name": "Puncan",
      "countryCode": "PH",
      "stateCode": "AGS"
   },
   {
      "name": "Pura",
      "countryCode": "PH",
      "stateCode": "AGS"
   },
   {
      "name": "Purac",
      "countryCode": "PH",
      "stateCode": "AGS"
   },
   {
      "name": "Putlod",
      "countryCode": "PH",
      "stateCode": "AGS"
   },
   {
      "name": "Quezon",
      "countryCode": "PH",
      "stateCode": "AGS"
   },
   {
      "name": "Rajal Norte",
      "countryCode": "PH",
      "stateCode": "AGS"
   },
   {
      "name": "Ramos",
      "countryCode": "PH",
      "stateCode": "AGS"
   },
   {
      "name": "Rizal",
      "countryCode": "PH",
      "stateCode": "AGS"
   },
   {
      "name": "Sabang",
      "countryCode": "PH",
      "stateCode": "AGS"
   },
   {
      "name": "Sagana",
      "countryCode": "PH",
      "stateCode": "AGS"
   },
   {
      "name": "Salapungan",
      "countryCode": "PH",
      "stateCode": "AGS"
   },
   {
      "name": "Salaza",
      "countryCode": "PH",
      "stateCode": "AGS"
   },
   {
      "name": "Salcedo",
      "countryCode": "PH",
      "stateCode": "AGS"
   },
   {
      "name": "Salvacion I",
      "countryCode": "PH",
      "stateCode": "AGS"
   },
   {
      "name": "Samal",
      "countryCode": "PH",
      "stateCode": "AGS"
   },
   {
      "name": "Sampaloc",
      "countryCode": "PH",
      "stateCode": "AGS"
   },
   {
      "name": "San Agustin",
      "countryCode": "PH",
      "stateCode": "AGS"
   },
   {
      "name": "San Alejandro",
      "countryCode": "PH",
      "stateCode": "AGS"
   },
   {
      "name": "San Andres",
      "countryCode": "PH",
      "stateCode": "AGS"
   },
   {
      "name": "San Anton",
      "countryCode": "PH",
      "stateCode": "AGS"
   },
   {
      "name": "San Antonio",
      "countryCode": "PH",
      "stateCode": "AGS"
   },
   {
      "name": "San Basilio",
      "countryCode": "PH",
      "stateCode": "AGS"
   },
   {
      "name": "San Benito",
      "countryCode": "PH",
      "stateCode": "AGS"
   },
   {
      "name": "San Carlos",
      "countryCode": "PH",
      "stateCode": "AGS"
   },
   {
      "name": "San Casimiro",
      "countryCode": "PH",
      "stateCode": "AGS"
   },
   {
      "name": "San Clemente",
      "countryCode": "PH",
      "stateCode": "AGS"
   },
   {
      "name": "San Cristobal",
      "countryCode": "PH",
      "stateCode": "AGS"
   },
   {
      "name": "San Fabian",
      "countryCode": "PH",
      "stateCode": "AGS"
   },
   {
      "name": "San Felipe",
      "countryCode": "PH",
      "stateCode": "AGS"
   },
   {
      "name": "San Felipe Old",
      "countryCode": "PH",
      "stateCode": "AGS"
   },
   {
      "name": "San Fernando",
      "countryCode": "PH",
      "stateCode": "AGS"
   },
   {
      "name": "San Francisco",
      "countryCode": "PH",
      "stateCode": "AGS"
   },
   {
      "name": "San Ildefonso",
      "countryCode": "PH",
      "stateCode": "AGS"
   },
   {
      "name": "San Isidro",
      "countryCode": "PH",
      "stateCode": "AGS"
   },
   {
      "name": "San Jacinto",
      "countryCode": "PH",
      "stateCode": "AGS"
   },
   {
      "name": "San Jose",
      "countryCode": "PH",
      "stateCode": "AGS"
   },
   {
      "name": "San Jose del Monte",
      "countryCode": "PH",
      "stateCode": "AGS"
   },
   {
      "name": "San Juan",
      "countryCode": "PH",
      "stateCode": "AGS"
   },
   {
      "name": "San Juan de Mata",
      "countryCode": "PH",
      "stateCode": "AGS"
   },
   {
      "name": "San Leonardo",
      "countryCode": "PH",
      "stateCode": "AGS"
   },
   {
      "name": "San Lorenzo",
      "countryCode": "PH",
      "stateCode": "AGS"
   },
   {
      "name": "San Luis",
      "countryCode": "PH",
      "stateCode": "AGS"
   },
   {
      "name": "San Manuel",
      "countryCode": "PH",
      "stateCode": "AGS"
   },
   {
      "name": "San Marcelino",
      "countryCode": "PH",
      "stateCode": "AGS"
   },
   {
      "name": "San Mariano",
      "countryCode": "PH",
      "stateCode": "AGS"
   },
   {
      "name": "San Mateo",
      "countryCode": "PH",
      "stateCode": "AGS"
   },
   {
      "name": "San Miguel",
      "countryCode": "PH",
      "stateCode": "AGS"
   },
   {
      "name": "San Narciso",
      "countryCode": "PH",
      "stateCode": "AGS"
   },
   {
      "name": "San Nicolas",
      "countryCode": "PH",
      "stateCode": "AGS"
   },
   {
      "name": "San Pascual",
      "countryCode": "PH",
      "stateCode": "AGS"
   },
   {
      "name": "San Patricio",
      "countryCode": "PH",
      "stateCode": "AGS"
   },
   {
      "name": "San Rafael",
      "countryCode": "PH",
      "stateCode": "AGS"
   },
   {
      "name": "San Ricardo",
      "countryCode": "PH",
      "stateCode": "AGS"
   },
   {
      "name": "San Roque",
      "countryCode": "PH",
      "stateCode": "AGS"
   },
   {
      "name": "San Roque Dau First",
      "countryCode": "PH",
      "stateCode": "AGS"
   },
   {
      "name": "San Simon",
      "countryCode": "PH",
      "stateCode": "AGS"
   },
   {
      "name": "San Vicente",
      "countryCode": "PH",
      "stateCode": "AGS"
   },
   {
      "name": "San Vincente",
      "countryCode": "PH",
      "stateCode": "AGS"
   },
   {
      "name": "Santa Ana",
      "countryCode": "PH",
      "stateCode": "AGS"
   },
   {
      "name": "Santa Barbara",
      "countryCode": "PH",
      "stateCode": "AGS"
   },
   {
      "name": "Santa Cruz",
      "countryCode": "PH",
      "stateCode": "AGS"
   },
   {
      "name": "Santa Fe",
      "countryCode": "PH",
      "stateCode": "AGS"
   },
   {
      "name": "Santa Ignacia",
      "countryCode": "PH",
      "stateCode": "AGS"
   },
   {
      "name": "Santa Ines West",
      "countryCode": "PH",
      "stateCode": "AGS"
   },
   {
      "name": "Santa Juliana",
      "countryCode": "PH",
      "stateCode": "AGS"
   },
   {
      "name": "Santa Lucia",
      "countryCode": "PH",
      "stateCode": "AGS"
   },
   {
      "name": "Santa Maria",
      "countryCode": "PH",
      "stateCode": "AGS"
   },
   {
      "name": "Santa Monica",
      "countryCode": "PH",
      "stateCode": "AGS"
   },
   {
      "name": "Santa Rita",
      "countryCode": "PH",
      "stateCode": "AGS"
   },
   {
      "name": "Santa Rosa",
      "countryCode": "PH",
      "stateCode": "AGS"
   },
   {
      "name": "Santa Teresa First",
      "countryCode": "PH",
      "stateCode": "AGS"
   },
   {
      "name": "Santiago",
      "countryCode": "PH",
      "stateCode": "AGS"
   },
   {
      "name": "Santo Cristo",
      "countryCode": "PH",
      "stateCode": "AGS"
   },
   {
      "name": "Santo Domingo",
      "countryCode": "PH",
      "stateCode": "AGS"
   },
   {
      "name": "Santo Niño",
      "countryCode": "PH",
      "stateCode": "AGS"
   },
   {
      "name": "Santo Rosario",
      "countryCode": "PH",
      "stateCode": "AGS"
   },
   {
      "name": "Santo Tomas",
      "countryCode": "PH",
      "stateCode": "AGS"
   },
   {
      "name": "Santol",
      "countryCode": "PH",
      "stateCode": "AGS"
   },
   {
      "name": "Sapang",
      "countryCode": "PH",
      "stateCode": "AGS"
   },
   {
      "name": "Sapang Buho",
      "countryCode": "PH",
      "stateCode": "AGS"
   },
   {
      "name": "Sapol",
      "countryCode": "PH",
      "stateCode": "AGS"
   },
   {
      "name": "Sasmuan",
      "countryCode": "PH",
      "stateCode": "AGS"
   },
   {
      "name": "Saysain",
      "countryCode": "PH",
      "stateCode": "AGS"
   },
   {
      "name": "Sibul",
      "countryCode": "PH",
      "stateCode": "AGS"
   },
   {
      "name": "Siclong",
      "countryCode": "PH",
      "stateCode": "AGS"
   },
   {
      "name": "Sinait",
      "countryCode": "PH",
      "stateCode": "AGS"
   },
   {
      "name": "Sinilian First",
      "countryCode": "PH",
      "stateCode": "AGS"
   },
   {
      "name": "Soledad",
      "countryCode": "PH",
      "stateCode": "AGS"
   },
   {
      "name": "Subic",
      "countryCode": "PH",
      "stateCode": "AGS"
   },
   {
      "name": "Suklayin",
      "countryCode": "PH",
      "stateCode": "AGS"
   },
   {
      "name": "Sula",
      "countryCode": "PH",
      "stateCode": "AGS"
   },
   {
      "name": "Sulucan",
      "countryCode": "PH",
      "stateCode": "AGS"
   },
   {
      "name": "Tabacao",
      "countryCode": "PH",
      "stateCode": "AGS"
   },
   {
      "name": "Tabon",
      "countryCode": "PH",
      "stateCode": "AGS"
   },
   {
      "name": "Tabuating",
      "countryCode": "PH",
      "stateCode": "AGS"
   },
   {
      "name": "Tal I Mun Doc",
      "countryCode": "PH",
      "stateCode": "AGS"
   },
   {
      "name": "Talaga",
      "countryCode": "PH",
      "stateCode": "AGS"
   },
   {
      "name": "Talang",
      "countryCode": "PH",
      "stateCode": "AGS"
   },
   {
      "name": "Talavera",
      "countryCode": "PH",
      "stateCode": "AGS"
   },
   {
      "name": "Taltal",
      "countryCode": "PH",
      "stateCode": "AGS"
   },
   {
      "name": "Talugtug",
      "countryCode": "PH",
      "stateCode": "AGS"
   },
   {
      "name": "Tariji",
      "countryCode": "PH",
      "stateCode": "AGS"
   },
   {
      "name": "Tarlac City",
      "countryCode": "PH",
      "stateCode": "AGS"
   },
   {
      "name": "Tayabo",
      "countryCode": "PH",
      "stateCode": "AGS"
   },
   {
      "name": "Telabastagan",
      "countryCode": "PH",
      "stateCode": "AGS"
   },
   {
      "name": "Tikiw",
      "countryCode": "PH",
      "stateCode": "AGS"
   },
   {
      "name": "Tinang",
      "countryCode": "PH",
      "stateCode": "AGS"
   },
   {
      "name": "Tondod",
      "countryCode": "PH",
      "stateCode": "AGS"
   },
   {
      "name": "Uacon",
      "countryCode": "PH",
      "stateCode": "AGS"
   },
   {
      "name": "Umiray",
      "countryCode": "PH",
      "stateCode": "AGS"
   },
   {
      "name": "Upig",
      "countryCode": "PH",
      "stateCode": "AGS"
   },
   {
      "name": "Vargas",
      "countryCode": "PH",
      "stateCode": "AGS"
   },
   {
      "name": "Victoria",
      "countryCode": "PH",
      "stateCode": "AGS"
   },
   {
      "name": "Villa Aglipay",
      "countryCode": "PH",
      "stateCode": "AGS"
   },
   {
      "name": "Villa Isla",
      "countryCode": "PH",
      "stateCode": "AGS"
   },
   {
      "name": "Vizal San Pablo",
      "countryCode": "PH",
      "stateCode": "AGS"
   },
   {
      "name": "Vizal Santo Niño",
      "countryCode": "PH",
      "stateCode": "AGS"
   },
   {
      "name": "Zaragoza",
      "countryCode": "PH",
      "stateCode": "AGS"
   }
]