[
   {
      "name": "Abaca",
      "countryCode": "PH",
      "stateCode": "BAN"
   },
   {
      "name": "Abis",
      "countryCode": "PH",
      "stateCode": "BAN"
   },
   {
      "name": "Abucayan",
      "countryCode": "PH",
      "stateCode": "BAN"
   },
   {
      "name": "Adlaon",
      "countryCode": "PH",
      "stateCode": "BAN"
   },
   {
      "name": "Agsungot",
      "countryCode": "PH",
      "stateCode": "BAN"
   },
   {
      "name": "Aguining",
      "countryCode": "PH",
      "stateCode": "BAN"
   },
   {
      "name": "Alangilan",
      "countryCode": "PH",
      "stateCode": "BAN"
   },
   {
      "name": "Alangilanan",
      "countryCode": "PH",
      "stateCode": "BAN"
   },
   {
      "name": "Alburquerque",
      "countryCode": "PH",
      "stateCode": "BAN"
   },
   {
      "name": "Alcantara",
      "countryCode": "PH",
      "stateCode": "BAN"
   },
   {
      "name": "Alcoy",
      "countryCode": "PH",
      "stateCode": "BAN"
   },
   {
      "name": "Alegria",
      "countryCode": "PH",
      "stateCode": "BAN"
   },
   {
      "name": "Alicia",
      "countryCode": "PH",
      "stateCode": "BAN"
   },
   {
      "name": "Aloguinsan",
      "countryCode": "PH",
      "stateCode": "BAN"
   },
   {
      "name": "Alpaco",
      "countryCode": "PH",
      "stateCode": "BAN"
   },
   {
      "name": "Amdos",
      "countryCode": "PH",
      "stateCode": "BAN"
   },
   {
      "name": "Amio",
      "countryCode": "PH",
      "stateCode": "BAN"
   },
   {
      "name": "Anda",
      "countryCode": "PH",
      "stateCode": "BAN"
   },
   {
      "name": "Anonang",
      "countryCode": "PH",
      "stateCode": "BAN"
   },
   {
      "name": "Anopog",
      "countryCode": "PH",
      "stateCode": "BAN"
   },
   {
      "name": "Antequera",
      "countryCode": "PH",
      "stateCode": "BAN"
   },
   {
      "name": "Antipolo",
      "countryCode": "PH",
      "stateCode": "BAN"
   },
   {
      "name": "Apas",
      "countryCode": "PH",
      "stateCode": "BAN"
   },
   {
      "name": "Apoya",
      "countryCode": "PH",
      "stateCode": "BAN"
   },
   {
      "name": "Argao",
      "countryCode": "PH",
      "stateCode": "BAN"
   },
   {
      "name": "Asturias",
      "countryCode": "PH",
      "stateCode": "BAN"
   },
   {
      "name": "Atop-atop",
      "countryCode": "PH",
      "stateCode": "BAN"
   },
   {
      "name": "Ayungon",
      "countryCode": "PH",
      "stateCode": "BAN"
   },
   {
      "name": "Azagra",
      "countryCode": "PH",
      "stateCode": "BAN"
   },
   {
      "name": "Bachauan",
      "countryCode": "PH",
      "stateCode": "BAN"
   },
   {
      "name": "Baclayon",
      "countryCode": "PH",
      "stateCode": "BAN"
   },
   {
      "name": "Bacong",
      "countryCode": "PH",
      "stateCode": "BAN"
   },
   {
      "name": "Badian",
      "countryCode": "PH",
      "stateCode": "BAN"
   },
   {
      "name": "Bagacay",
      "countryCode": "PH",
      "stateCode": "BAN"
   },
   {
      "name": "Bagay",
      "countryCode": "PH",
      "stateCode": "BAN"
   },
   {
      "name": "Bagtic",
      "countryCode": "PH",
      "stateCode": "BAN"
   },
   {
      "name": "Bairan",
      "countryCode": "PH",
      "stateCode": "BAN"
   },
   {
      "name": "Bais",
      "countryCode": "PH",
      "stateCode": "BAN"
   },
   {
      "name": "Bal-os",
      "countryCode": "PH",
      "stateCode": "BAN"
   },
   {
      "name": "Balamban",
      "countryCode": "PH",
      "stateCode": "BAN"
   },
   {
      "name": "Balayong",
      "countryCode": "PH",
      "stateCode": "BAN"
   },
   {
      "name": "Balilihan",
      "countryCode": "PH",
      "stateCode": "BAN"
   },
   {
      "name": "Balogo",
      "countryCode": "PH",
      "stateCode": "BAN"
   },
   {
      "name": "Balud",
      "countryCode": "PH",
      "stateCode": "BAN"
   },
   {
      "name": "Banhigan",
      "countryCode": "PH",
      "stateCode": "BAN"
   },
   {
      "name": "Banilad",
      "countryCode": "PH",
      "stateCode": "BAN"
   },
   {
      "name": "Bantayan",
      "countryCode": "PH",
      "stateCode": "BAN"
   },
   {
      "name": "Barili",
      "countryCode": "PH",
      "stateCode": "BAN"
   },
   {
      "name": "Basak",
      "countryCode": "PH",
      "stateCode": "BAN"
   },
   {
      "name": "Basay",
      "countryCode": "PH",
      "stateCode": "BAN"
   },
   {
      "name": "Basdiot",
      "countryCode": "PH",
      "stateCode": "BAN"
   },
   {
      "name": "Bateria",
      "countryCode": "PH",
      "stateCode": "BAN"
   },
   {
      "name": "Batuan",
      "countryCode": "PH",
      "stateCode": "BAN"
   },
   {
      "name": "Baud",
      "countryCode": "PH",
      "stateCode": "BAN"
   },
   {
      "name": "Baugo",
      "countryCode": "PH",
      "stateCode": "BAN"
   },
   {
      "name": "Bayawan",
      "countryCode": "PH",
      "stateCode": "BAN"
   },
   {
      "name": "Becerril",
      "countryCode": "PH",
      "stateCode": "BAN"
   },
   {
      "name": "Biabas",
      "countryCode": "PH",
      "stateCode": "BAN"
   },
   {
      "name": "Biasong",
      "countryCode": "PH",
      "stateCode": "BAN"
   },
   {
      "name": "Bien Unido",
      "countryCode": "PH",
      "stateCode": "BAN"
   },
   {
      "name": "Biking",
      "countryCode": "PH",
      "stateCode": "BAN"
   },
   {
      "name": "Bilar",
      "countryCode": "PH",
      "stateCode": "BAN"
   },
   {
      "name": "Binlod",
      "countryCode": "PH",
      "stateCode": "BAN"
   },
   {
      "name": "Biton",
      "countryCode": "PH",
      "stateCode": "BAN"
   },
   {
      "name": "Bitoon",
      "countryCode": "PH",
      "stateCode": "BAN"
   },
   {
      "name": "Bogo",
      "countryCode": "PH",
      "stateCode": "BAN"
   },
   {
      "name": "Bohol",
      "countryCode": "PH",
      "stateCode": "BAN"
   },
   {
      "name": "Bolisong",
      "countryCode": "PH",
      "stateCode": "BAN"
   },
   {
      "name": "Boljoon",
      "countryCode": "PH",
      "stateCode": "BAN"
   },
   {
      "name": "Bonawon",
      "countryCode": "PH",
      "stateCode": "BAN"
   },
   {
      "name": "Bonbon",
      "countryCode": "PH",
      "stateCode": "BAN"
   },
   {
      "name": "Bood",
      "countryCode": "PH",
      "stateCode": "BAN"
   },
   {
      "name": "Borbon",
      "countryCode": "PH",
      "stateCode": "BAN"
   },
   {
      "name": "Botigues",
      "countryCode": "PH",
      "stateCode": "BAN"
   },
   {
      "name": "Buagsong",
      "countryCode": "PH",
      "stateCode": "BAN"
   },
   {
      "name": "Buanoy",
      "countryCode": "PH",
      "stateCode": "BAN"
   },
   {
      "name": "Buenavista",
      "countryCode": "PH",
      "stateCode": "BAN"
   },
   {
      "name": "Bugas",
      "countryCode": "PH",
      "stateCode": "BAN"
   },
   {
      "name": "Bugsoc",
      "countryCode": "PH",
      "stateCode": "BAN"
   },
   {
      "name": "Bulasa",
      "countryCode": "PH",
      "stateCode": "BAN"
   },
   {
      "name": "Bulod",
      "countryCode": "PH",
      "stateCode": "BAN"
   },
   {
      "name": "Cabalawan",
      "countryCode": "PH",
      "stateCode": "BAN"
   },
   {
      "name": "Cabangahan",
      "countryCode": "PH",
      "stateCode": "BAN"
   },
   {
      "name": "Cabul-an",
      "countryCode": "PH",
      "stateCode": "BAN"
   },
   {
      "name": "Calamba",
      "countryCode": "PH",
      "stateCode": "BAN"
   },
   {
      "name": "Calape",
      "countryCode": "PH",
      "stateCode": "BAN"
   },
   {
      "name": "Calero",
      "countryCode": "PH",
      "stateCode": "BAN"
   },
   {
      "name": "Calid単gan",
      "countryCode": "PH",
      "stateCode": "BAN"
   },
   {
      "name": "Calituban",
      "countryCode": "PH",
      "stateCode": "BAN"
   },
   {
      "name": "Calumboyan",
      "countryCode": "PH",
      "stateCode": "BAN"
   },
   {
      "name": "Camambugan",
      "countryCode": "PH",
      "stateCode": "BAN"
   },
   {
      "name": "Cambanay",
      "countryCode": "PH",
      "stateCode": "BAN"
   },
   {
      "name": "Campoyo",
      "countryCode": "PH",
      "stateCode": "BAN"
   },
   {
      "name": "Campusong",
      "countryCode": "PH",
      "stateCode": "BAN"
   },
   {
      "name": "Can-asujan",
      "countryCode": "PH",
      "stateCode": "BAN"
   },
   {
      "name": "Canauay",
      "countryCode": "PH",
      "stateCode": "BAN"
   },
   {
      "name": "Candabong",
      "countryCode": "PH",
      "stateCode": "BAN"
   },
   {
      "name": "Candijay",
      "countryCode": "PH",
      "stateCode": "BAN"
   },
   {
      "name": "Canhaway",
      "countryCode": "PH",
      "stateCode": "BAN"
   },
   {
      "name": "Canjulao",
      "countryCode": "PH",
      "stateCode": "BAN"
   },
   {
      "name": "Canlaon",
      "countryCode": "PH",
      "stateCode": "BAN"
   },
   {
      "name": "Canmaya Diot",
      "countryCode": "PH",
      "stateCode": "BAN"
   },
   {
      "name": "Cansuje",
      "countryCode": "PH",
      "stateCode": "BAN"
   },
   {
      "name": "Cantao-an",
      "countryCode": "PH",
      "stateCode": "BAN"
   },
   {
      "name": "Carcar",
      "countryCode": "PH",
      "stateCode": "BAN"
   },
   {
      "name": "Carmelo",
      "countryCode": "PH",
      "stateCode": "BAN"
   },
   {
      "name": "Carmen",
      "countryCode": "PH",
      "stateCode": "BAN"
   },
   {
      "name": "Casala-an",
      "countryCode": "PH",
      "stateCode": "BAN"
   },
   {
      "name": "Casay",
      "countryCode": "PH",
      "stateCode": "BAN"
   },
   {
      "name": "Catarman",
      "countryCode": "PH",
      "stateCode": "BAN"
   },
   {
      "name": "Caticugan",
      "countryCode": "PH",
      "stateCode": "BAN"
   },
   {
      "name": "Catigbian",
      "countryCode": "PH",
      "stateCode": "BAN"
   },
   {
      "name": "Catmon",
      "countryCode": "PH",
      "stateCode": "BAN"
   },
   {
      "name": "Catmondaan",
      "countryCode": "PH",
      "stateCode": "BAN"
   },
   {
      "name": "Catungawan Sur",
      "countryCode": "PH",
      "stateCode": "BAN"
   },
   {
      "name": "Cawayan",
      "countryCode": "PH",
      "stateCode": "BAN"
   },
   {
      "name": "Cayang",
      "countryCode": "PH",
      "stateCode": "BAN"
   },
   {
      "name": "Cebu City",
      "countryCode": "PH",
      "stateCode": "BAN"
   },
   {
      "name": "Clarin",
      "countryCode": "PH",
      "stateCode": "BAN"
   },
   {
      "name": "Cogan",
      "countryCode": "PH",
      "stateCode": "BAN"
   },
   {
      "name": "Cogon",
      "countryCode": "PH",
      "stateCode": "BAN"
   },
   {
      "name": "Cogon Cruz",
      "countryCode": "PH",
      "stateCode": "BAN"
   },
   {
      "name": "Cogtong",
      "countryCode": "PH",
      "stateCode": "BAN"
   },
   {
      "name": "Colonia",
      "countryCode": "PH",
      "stateCode": "BAN"
   },
   {
      "name": "Compostela",
      "countryCode": "PH",
      "stateCode": "BAN"
   },
   {
      "name": "Consolacion",
      "countryCode": "PH",
      "stateCode": "BAN"
   },
   {
      "name": "Consuelo",
      "countryCode": "PH",
      "stateCode": "BAN"
   },
   {
      "name": "Cordova",
      "countryCode": "PH",
      "stateCode": "BAN"
   },
   {
      "name": "Corella",
      "countryCode": "PH",
      "stateCode": "BAN"
   },
   {
      "name": "Cortes",
      "countryCode": "PH",
      "stateCode": "BAN"
   },
   {
      "name": "Daanbantayan",
      "countryCode": "PH",
      "stateCode": "BAN"
   },
   {
      "name": "Dagohoy",
      "countryCode": "PH",
      "stateCode": "BAN"
   },
   {
      "name": "Dalaguete",
      "countryCode": "PH",
      "stateCode": "BAN"
   },
   {
      "name": "Damolog",
      "countryCode": "PH",
      "stateCode": "BAN"
   },
   {
      "name": "Danao",
      "countryCode": "PH",
      "stateCode": "BAN"
   },
   {
      "name": "Dapitan",
      "countryCode": "PH",
      "stateCode": "BAN"
   },
   {
      "name": "Datagon",
      "countryCode": "PH",
      "stateCode": "BAN"
   },
   {
      "name": "Dauin",
      "countryCode": "PH",
      "stateCode": "BAN"
   },
   {
      "name": "Dauis",
      "countryCode": "PH",
      "stateCode": "BAN"
   },
   {
      "name": "De la Paz",
      "countryCode": "PH",
      "stateCode": "BAN"
   },
   {
      "name": "Dimiao",
      "countryCode": "PH",
      "stateCode": "BAN"
   },
   {
      "name": "Doljo",
      "countryCode": "PH",
      "stateCode": "BAN"
   },
   {
      "name": "Doong",
      "countryCode": "PH",
      "stateCode": "BAN"
   },
   {
      "name": "Duero",
      "countryCode": "PH",
      "stateCode": "BAN"
   },
   {
      "name": "Dumaguete",
      "countryCode": "PH",
      "stateCode": "BAN"
   },
   {
      "name": "Dumanjog",
      "countryCode": "PH",
      "stateCode": "BAN"
   },
   {
      "name": "El Pardo",
      "countryCode": "PH",
      "stateCode": "BAN"
   },
   {
      "name": "Enrique Villanueva",
      "countryCode": "PH",
      "stateCode": "BAN"
   },
   {
      "name": "Esperanza",
      "countryCode": "PH",
      "stateCode": "BAN"
   },
   {
      "name": "Estaca",
      "countryCode": "PH",
      "stateCode": "BAN"
   },
   {
      "name": "Gabi",
      "countryCode": "PH",
      "stateCode": "BAN"
   },
   {
      "name": "Garcia Hernandez",
      "countryCode": "PH",
      "stateCode": "BAN"
   },
   {
      "name": "Giawang",
      "countryCode": "PH",
      "stateCode": "BAN"
   },
   {
      "name": "Ginatilan",
      "countryCode": "PH",
      "stateCode": "BAN"
   },
   {
      "name": "Guadalupe",
      "countryCode": "PH",
      "stateCode": "BAN"
   },
   {
      "name": "Guba",
      "countryCode": "PH",
      "stateCode": "BAN"
   },
   {
      "name": "Guibodangan",
      "countryCode": "PH",
      "stateCode": "BAN"
   },
   {
      "name": "Guihul単gan",
      "countryCode": "PH",
      "stateCode": "BAN"
   },
   {
      "name": "Guindarohan",
      "countryCode": "PH",
      "stateCode": "BAN"
   },
   {
      "name": "Guindulman",
      "countryCode": "PH",
      "stateCode": "BAN"
   },
   {
      "name": "Guiwanon",
      "countryCode": "PH",
      "stateCode": "BAN"
   },
   {
      "name": "Hagdan",
      "countryCode": "PH",
      "stateCode": "BAN"
   },
   {
      "name": "Hagnaya",
      "countryCode": "PH",
      "stateCode": "BAN"
   },
   {
      "name": "Hibaiyo",
      "countryCode": "PH",
      "stateCode": "BAN"
   },
   {
      "name": "Hilantagaan",
      "countryCode": "PH",
      "stateCode": "BAN"
   },
   {
      "name": "Hilotongan",
      "countryCode": "PH",
      "stateCode": "BAN"
   },
   {
      "name": "Himensulan",
      "countryCode": "PH",
      "stateCode": "BAN"
   },
   {
      "name": "Hinlayagan Ilaud",
      "countryCode": "PH",
      "stateCode": "BAN"
   },
   {
      "name": "Ilihan",
      "countryCode": "PH",
      "stateCode": "BAN"
   },
   {
      "name": "Inabanga",
      "countryCode": "PH",
      "stateCode": "BAN"
   },
   {
      "name": "Inayagan",
      "countryCode": "PH",
      "stateCode": "BAN"
   },
   {
      "name": "Jaclupan",
      "countryCode": "PH",
      "stateCode": "BAN"
   },
   {
      "name": "Jagna",
      "countryCode": "PH",
      "stateCode": "BAN"
   },
   {
      "name": "Jampang",
      "countryCode": "PH",
      "stateCode": "BAN"
   },
   {
      "name": "Jandayan Norte",
      "countryCode": "PH",
      "stateCode": "BAN"
   },
   {
      "name": "Jantianon",
      "countryCode": "PH",
      "stateCode": "BAN"
   },
   {
      "name": "Japitan",
      "countryCode": "PH",
      "stateCode": "BAN"
   },
   {
      "name": "Jetafe",
      "countryCode": "PH",
      "stateCode": "BAN"
   },
   {
      "name": "Jimalalud",
      "countryCode": "PH",
      "stateCode": "BAN"
   },
   {
      "name": "Jugno",
      "countryCode": "PH",
      "stateCode": "BAN"
   },
   {
      "name": "Kabac",
      "countryCode": "PH",
      "stateCode": "BAN"
   },
   {
      "name": "Kabungahan",
      "countryCode": "PH",
      "stateCode": "BAN"
   },
   {
      "name": "Kandabong",
      "countryCode": "PH",
      "stateCode": "BAN"
   },
   {
      "name": "Kaongkod",
      "countryCode": "PH",
      "stateCode": "BAN"
   },
   {
      "name": "Kauit",
      "countryCode": "PH",
      "stateCode": "BAN"
   },
   {
      "name": "Kotkot",
      "countryCode": "PH",
      "stateCode": "BAN"
   },
   {
      "name": "Kuanos",
      "countryCode": "PH",
      "stateCode": "BAN"
   },
   {
      "name": "La Hacienda",
      "countryCode": "PH",
      "stateCode": "BAN"
   },
   {
      "name": "La Libertad",
      "countryCode": "PH",
      "stateCode": "BAN"
   },
   {
      "name": "Lanao",
      "countryCode": "PH",
      "stateCode": "BAN"
   },
   {
      "name": "Lanas",
      "countryCode": "PH",
      "stateCode": "BAN"
   },
   {
      "name": "Langob",
      "countryCode": "PH",
      "stateCode": "BAN"
   },
   {
      "name": "Langtad",
      "countryCode": "PH",
      "stateCode": "BAN"
   },
   {
      "name": "Lapaz",
      "countryCode": "PH",
      "stateCode": "BAN"
   },
   {
      "name": "Lapu-Lapu City",
      "countryCode": "PH",
      "stateCode": "BAN"
   },
   {
      "name": "Lazi",
      "countryCode": "PH",
      "stateCode": "BAN"
   },
   {
      "name": "Lepanto",
      "countryCode": "PH",
      "stateCode": "BAN"
   },
   {
      "name": "Libertad",
      "countryCode": "PH",
      "stateCode": "BAN"
   },
   {
      "name": "Lila",
      "countryCode": "PH",
      "stateCode": "BAN"
   },
   {
      "name": "Liloan",
      "countryCode": "PH",
      "stateCode": "BAN"
   },
   {
      "name": "Lipayran",
      "countryCode": "PH",
      "stateCode": "BAN"
   },
   {
      "name": "Loay",
      "countryCode": "PH",
      "stateCode": "BAN"
   },
   {
      "name": "Loboc",
      "countryCode": "PH",
      "stateCode": "BAN"
   },
   {
      "name": "Logon",
      "countryCode": "PH",
      "stateCode": "BAN"
   },
   {
      "name": "Lombog",
      "countryCode": "PH",
      "stateCode": "BAN"
   },
   {
      "name": "Loon",
      "countryCode": "PH",
      "stateCode": "BAN"
   },
   {
      "name": "Lugo",
      "countryCode": "PH",
      "stateCode": "BAN"
   },
   {
      "name": "Lunas",
      "countryCode": "PH",
      "stateCode": "BAN"
   },
   {
      "name": "Lut-od",
      "countryCode": "PH",
      "stateCode": "BAN"
   },
   {
      "name": "Maayong Tubig",
      "countryCode": "PH",
      "stateCode": "BAN"
   },
   {
      "name": "Mabinay",
      "countryCode": "PH",
      "stateCode": "BAN"
   },
   {
      "name": "Mabini",
      "countryCode": "PH",
      "stateCode": "BAN"
   },
   {
      "name": "Macaas",
      "countryCode": "PH",
      "stateCode": "BAN"
   },
   {
      "name": "Madridejos",
      "countryCode": "PH",
      "stateCode": "BAN"
   },
   {
      "name": "Magay",
      "countryCode": "PH",
      "stateCode": "BAN"
   },
   {
      "name": "Mahayag",
      "countryCode": "PH",
      "stateCode": "BAN"
   },
   {
      "name": "Mainit",
      "countryCode": "PH",
      "stateCode": "BAN"
   },
   {
      "name": "Malabugas",
      "countryCode": "PH",
      "stateCode": "BAN"
   },
   {
      "name": "Malabuyoc",
      "countryCode": "PH",
      "stateCode": "BAN"
   },
   {
      "name": "Malaiba",
      "countryCode": "PH",
      "stateCode": "BAN"
   },
   {
      "name": "Malbug",
      "countryCode": "PH",
      "stateCode": "BAN"
   },
   {
      "name": "Malhiao",
      "countryCode": "PH",
      "stateCode": "BAN"
   },
   {
      "name": "Malingin",
      "countryCode": "PH",
      "stateCode": "BAN"
   },
   {
      "name": "Maloh",
      "countryCode": "PH",
      "stateCode": "BAN"
   },
   {
      "name": "Malusay",
      "countryCode": "PH",
      "stateCode": "BAN"
   },
   {
      "name": "Malway",
      "countryCode": "PH",
      "stateCode": "BAN"
   },
   {
      "name": "Manalongon",
      "countryCode": "PH",
      "stateCode": "BAN"
   },
   {
      "name": "Mancilang",
      "countryCode": "PH",
      "stateCode": "BAN"
   },
   {
      "name": "Mandaue City",
      "countryCode": "PH",
      "stateCode": "BAN"
   },
   {
      "name": "Maninihon",
      "countryCode": "PH",
      "stateCode": "BAN"
   },
   {
      "name": "Mantalongon",
      "countryCode": "PH",
      "stateCode": "BAN"
   },
   {
      "name": "Mantiquil",
      "countryCode": "PH",
      "stateCode": "BAN"
   },
   {
      "name": "Maravilla",
      "countryCode": "PH",
      "stateCode": "BAN"
   },
   {
      "name": "Maribojoc",
      "countryCode": "PH",
      "stateCode": "BAN"
   },
   {
      "name": "Maricaban",
      "countryCode": "PH",
      "stateCode": "BAN"
   },
   {
      "name": "Masaba",
      "countryCode": "PH",
      "stateCode": "BAN"
   },
   {
      "name": "Maya",
      "countryCode": "PH",
      "stateCode": "BAN"
   },
   {
      "name": "Mayabon",
      "countryCode": "PH",
      "stateCode": "BAN"
   },
   {
      "name": "Mayana",
      "countryCode": "PH",
      "stateCode": "BAN"
   },
   {
      "name": "Mayapusi",
      "countryCode": "PH",
      "stateCode": "BAN"
   },
   {
      "name": "Ma単o",
      "countryCode": "PH",
      "stateCode": "BAN"
   },
   {
      "name": "McKinley",
      "countryCode": "PH",
      "stateCode": "BAN"
   },
   {
      "name": "Medellin",
      "countryCode": "PH",
      "stateCode": "BAN"
   },
   {
      "name": "Mercedes",
      "countryCode": "PH",
      "stateCode": "BAN"
   },
   {
      "name": "Minglanilla",
      "countryCode": "PH",
      "stateCode": "BAN"
   },
   {
      "name": "Minolos",
      "countryCode": "PH",
      "stateCode": "BAN"
   },
   {
      "name": "Moalboal",
      "countryCode": "PH",
      "stateCode": "BAN"
   },
   {
      "name": "Montaneza",
      "countryCode": "PH",
      "stateCode": "BAN"
   },
   {
      "name": "Naga",
      "countryCode": "PH",
      "stateCode": "BAN"
   },
   {
      "name": "Nagbalaye",
      "countryCode": "PH",
      "stateCode": "BAN"
   },
   {
      "name": "Nahawan",
      "countryCode": "PH",
      "stateCode": "BAN"
   },
   {
      "name": "Nailong",
      "countryCode": "PH",
      "stateCode": "BAN"
   },
   {
      "name": "Nalundan",
      "countryCode": "PH",
      "stateCode": "BAN"
   },
   {
      "name": "Nangka",
      "countryCode": "PH",
      "stateCode": "BAN"
   },
   {
      "name": "Novallas",
      "countryCode": "PH",
      "stateCode": "BAN"
   },
   {
      "name": "Nueva Fuerza",
      "countryCode": "PH",
      "stateCode": "BAN"
   },
   {
      "name": "Nueva Vida Sur",
      "countryCode": "PH",
      "stateCode": "BAN"
   },
   {
      "name": "Nugas",
      "countryCode": "PH",
      "stateCode": "BAN"
   },
   {
      "name": "Obong",
      "countryCode": "PH",
      "stateCode": "BAN"
   },
   {
      "name": "Oca単a",
      "countryCode": "PH",
      "stateCode": "BAN"
   },
   {
      "name": "Ocoy",
      "countryCode": "PH",
      "stateCode": "BAN"
   },
   {
      "name": "Okiot",
      "countryCode": "PH",
      "stateCode": "BAN"
   },
   {
      "name": "Oslob",
      "countryCode": "PH",
      "stateCode": "BAN"
   },
   {
      "name": "Owak",
      "countryCode": "PH",
      "stateCode": "BAN"
   },
   {
      "name": "Padre Zamora",
      "countryCode": "PH",
      "stateCode": "BAN"
   },
   {
      "name": "Pajo",
      "countryCode": "PH",
      "stateCode": "BAN"
   },
   {
      "name": "Pamplona",
      "countryCode": "PH",
      "stateCode": "BAN"
   },
   {
      "name": "Panalipan",
      "countryCode": "PH",
      "stateCode": "BAN"
   },
   {
      "name": "Panaytayon",
      "countryCode": "PH",
      "stateCode": "BAN"
   },
   {
      "name": "Pangdan",
      "countryCode": "PH",
      "stateCode": "BAN"
   },
   {
      "name": "Panglao",
      "countryCode": "PH",
      "stateCode": "BAN"
   },
   {
      "name": "Panognawan",
      "countryCode": "PH",
      "stateCode": "BAN"
   },
   {
      "name": "Patao",
      "countryCode": "PH",
      "stateCode": "BAN"
   },
   {
      "name": "Payabon",
      "countryCode": "PH",
      "stateCode": "BAN"
   },
   {
      "name": "Paypay",
      "countryCode": "PH",
      "stateCode": "BAN"
   },
   {
      "name": "Perrelos",
      "countryCode": "PH",
      "stateCode": "BAN"
   },
   {
      "name": "Pilar",
      "countryCode": "PH",
      "stateCode": "BAN"
   },
   {
      "name": "Pinamungahan",
      "countryCode": "PH",
      "stateCode": "BAN"
   },
   {
      "name": "Pinayagan Norte",
      "countryCode": "PH",
      "stateCode": "BAN"
   },
   {
      "name": "Pinokawan",
      "countryCode": "PH",
      "stateCode": "BAN"
   },
   {
      "name": "Pitogo",
      "countryCode": "PH",
      "stateCode": "BAN"
   },
   {
      "name": "Polo",
      "countryCode": "PH",
      "stateCode": "BAN"
   },
   {
      "name": "Poro",
      "countryCode": "PH",
      "stateCode": "BAN"
   },
   {
      "name": "Province of Cebu",
      "countryCode": "PH",
      "stateCode": "BAN"
   },
   {
      "name": "Province of Negros Oriental",
      "countryCode": "PH",
      "stateCode": "BAN"
   },
   {
      "name": "Province of Siquijor",
      "countryCode": "PH",
      "stateCode": "BAN"
   },
   {
      "name": "Putat",
      "countryCode": "PH",
      "stateCode": "BAN"
   },
   {
      "name": "Ronda",
      "countryCode": "PH",
      "stateCode": "BAN"
   },
   {
      "name": "Saavedra",
      "countryCode": "PH",
      "stateCode": "BAN"
   },
   {
      "name": "Sagbayan",
      "countryCode": "PH",
      "stateCode": "BAN"
   },
   {
      "name": "Samboan",
      "countryCode": "PH",
      "stateCode": "BAN"
   },
   {
      "name": "San Agustin",
      "countryCode": "PH",
      "stateCode": "BAN"
   },
   {
      "name": "San Fernando",
      "countryCode": "PH",
      "stateCode": "BAN"
   },
   {
      "name": "San Francisco",
      "countryCode": "PH",
      "stateCode": "BAN"
   },
   {
      "name": "San Isidro",
      "countryCode": "PH",
      "stateCode": "BAN"
   },
   {
      "name": "San Jose",
      "countryCode": "PH",
      "stateCode": "BAN"
   },
   {
      "name": "San Miguel",
      "countryCode": "PH",
      "stateCode": "BAN"
   },
   {
      "name": "San Pascual",
      "countryCode": "PH",
      "stateCode": "BAN"
   },
   {
      "name": "San Remigio",
      "countryCode": "PH",
      "stateCode": "BAN"
   },
   {
      "name": "San Roque",
      "countryCode": "PH",
      "stateCode": "BAN"
   },
   {
      "name": "Sandayong Sur",
      "countryCode": "PH",
      "stateCode": "BAN"
   },
   {
      "name": "Sandolot",
      "countryCode": "PH",
      "stateCode": "BAN"
   },
   {
      "name": "Sangat",
      "countryCode": "PH",
      "stateCode": "BAN"
   },
   {
      "name": "Santa Catalina",
      "countryCode": "PH",
      "stateCode": "BAN"
   },
   {
      "name": "Santa Cruz",
      "countryCode": "PH",
      "stateCode": "BAN"
   },
   {
      "name": "Santa Fe",
      "countryCode": "PH",
      "stateCode": "BAN"
   },
   {
      "name": "Santa Filomena",
      "countryCode": "PH",
      "stateCode": "BAN"
   },
   {
      "name": "Santa Nino",
      "countryCode": "PH",
      "stateCode": "BAN"
   },
   {
      "name": "Santander Poblacion",
      "countryCode": "PH",
      "stateCode": "BAN"
   },
   {
      "name": "Santiago",
      "countryCode": "PH",
      "stateCode": "BAN"
   },
   {
      "name": "Sevilla",
      "countryCode": "PH",
      "stateCode": "BAN"
   },
   {
      "name": "Siaton",
      "countryCode": "PH",
      "stateCode": "BAN"
   },
   {
      "name": "Sibonga",
      "countryCode": "PH",
      "stateCode": "BAN"
   },
   {
      "name": "Sibulan",
      "countryCode": "PH",
      "stateCode": "BAN"
   },
   {
      "name": "Sierra Bullones",
      "countryCode": "PH",
      "stateCode": "BAN"
   },
   {
      "name": "Sikatuna",
      "countryCode": "PH",
      "stateCode": "BAN"
   },
   {
      "name": "Silab",
      "countryCode": "PH",
      "stateCode": "BAN"
   },
   {
      "name": "Sillon",
      "countryCode": "PH",
      "stateCode": "BAN"
   },
   {
      "name": "Simala",
      "countryCode": "PH",
      "stateCode": "BAN"
   },
   {
      "name": "Siquijor",
      "countryCode": "PH",
      "stateCode": "BAN"
   },
   {
      "name": "Sogod",
      "countryCode": "PH",
      "stateCode": "BAN"
   },
   {
      "name": "Songculan",
      "countryCode": "PH",
      "stateCode": "BAN"
   },
   {
      "name": "Sulangan",
      "countryCode": "PH",
      "stateCode": "BAN"
   },
   {
      "name": "Tabalong",
      "countryCode": "PH",
      "stateCode": "BAN"
   },
   {
      "name": "Tabogon",
      "countryCode": "PH",
      "stateCode": "BAN"
   },
   {
      "name": "Tabon",
      "countryCode": "PH",
      "stateCode": "BAN"
   },
   {
      "name": "Tabonok",
      "countryCode": "PH",
      "stateCode": "BAN"
   },
   {
      "name": "Tabuan",
      "countryCode": "PH",
      "stateCode": "BAN"
   },
   {
      "name": "Tabuelan",
      "countryCode": "PH",
      "stateCode": "BAN"
   },
   {
      "name": "Tabunok",
      "countryCode": "PH",
      "stateCode": "BAN"
   },
   {
      "name": "Tagbilaran City",
      "countryCode": "PH",
      "stateCode": "BAN"
   },
   {
      "name": "Tagum Norte",
      "countryCode": "PH",
      "stateCode": "BAN"
   },
   {
      "name": "Tajao",
      "countryCode": "PH",
      "stateCode": "BAN"
   },
   {
      "name": "Talangnan",
      "countryCode": "PH",
      "stateCode": "BAN"
   },
   {
      "name": "Talibon",
      "countryCode": "PH",
      "stateCode": "BAN"
   },
   {
      "name": "Talisay",
      "countryCode": "PH",
      "stateCode": "BAN"
   },
   {
      "name": "Tambalan",
      "countryCode": "PH",
      "stateCode": "BAN"
   },
   {
      "name": "Tambo",
      "countryCode": "PH",
      "stateCode": "BAN"
   },
   {
      "name": "Tambongon",
      "countryCode": "PH",
      "stateCode": "BAN"
   },
   {
      "name": "Tamiso",
      "countryCode": "PH",
      "stateCode": "BAN"
   },
   {
      "name": "Tampocon",
      "countryCode": "PH",
      "stateCode": "BAN"
   },
   {
      "name": "Tandayag",
      "countryCode": "PH",
      "stateCode": "BAN"
   },
   {
      "name": "Tangke",
      "countryCode": "PH",
      "stateCode": "BAN"
   },
   {
      "name": "Tangnan",
      "countryCode": "PH",
      "stateCode": "BAN"
   },
   {
      "name": "Tanjay",
      "countryCode": "PH",
      "stateCode": "BAN"
   },
   {
      "name": "Tapilon",
      "countryCode": "PH",
      "stateCode": "BAN"
   },
   {
      "name": "Tapon",
      "countryCode": "PH",
      "stateCode": "BAN"
   },
   {
      "name": "Tawala",
      "countryCode": "PH",
      "stateCode": "BAN"
   },
   {
      "name": "Tayasan",
      "countryCode": "PH",
      "stateCode": "BAN"
   },
   {
      "name": "Taytayan",
      "countryCode": "PH",
      "stateCode": "BAN"
   },
   {
      "name": "Tayud",
      "countryCode": "PH",
      "stateCode": "BAN"
   },
   {
      "name": "Tibigan",
      "countryCode": "PH",
      "stateCode": "BAN"
   },
   {
      "name": "Tiguib",
      "countryCode": "PH",
      "stateCode": "BAN"
   },
   {
      "name": "Tinaan",
      "countryCode": "PH",
      "stateCode": "BAN"
   },
   {
      "name": "Tinaogan",
      "countryCode": "PH",
      "stateCode": "BAN"
   },
   {
      "name": "Tindog",
      "countryCode": "PH",
      "stateCode": "BAN"
   },
   {
      "name": "Tinubuan",
      "countryCode": "PH",
      "stateCode": "BAN"
   },
   {
      "name": "Tipolo",
      "countryCode": "PH",
      "stateCode": "BAN"
   },
   {
      "name": "Toledo",
      "countryCode": "PH",
      "stateCode": "BAN"
   },
   {
      "name": "Tominhao",
      "countryCode": "PH",
      "stateCode": "BAN"
   },
   {
      "name": "Totolan",
      "countryCode": "PH",
      "stateCode": "BAN"
   },
   {
      "name": "Trinidad",
      "countryCode": "PH",
      "stateCode": "BAN"
   },
   {
      "name": "Tubigagmanoc",
      "countryCode": "PH",
      "stateCode": "BAN"
   },
   {
      "name": "Tubod",
      "countryCode": "PH",
      "stateCode": "BAN"
   },
   {
      "name": "Tubod-dugoan",
      "countryCode": "PH",
      "stateCode": "BAN"
   },
   {
      "name": "Tuburan",
      "countryCode": "PH",
      "stateCode": "BAN"
   },
   {
      "name": "Tudela",
      "countryCode": "PH",
      "stateCode": "BAN"
   },
   {
      "name": "Tutay",
      "countryCode": "PH",
      "stateCode": "BAN"
   },
   {
      "name": "Ubay",
      "countryCode": "PH",
      "stateCode": "BAN"
   },
   {
      "name": "Uling",
      "countryCode": "PH",
      "stateCode": "BAN"
   },
   {
      "name": "Union",
      "countryCode": "PH",
      "stateCode": "BAN"
   },
   {
      "name": "Valencia",
      "countryCode": "PH",
      "stateCode": "BAN"
   },
   {
      "name": "Valle Hermoso",
      "countryCode": "PH",
      "stateCode": "BAN"
   },
   {
      "name": "Vallehermoso",
      "countryCode": "PH",
      "stateCode": "BAN"
   },
   {
      "name": "Zamboanguita",
      "countryCode": "PH",
      "stateCode": "BAN"
   }
]