[
   {
      "name": "Abbotsford",
      "countryCode": "AU",
      "stateCode": "VIC"
   },
   {
      "name": "Aberfeldie",
      "countryCode": "AU",
      "stateCode": "VIC"
   },
   {
      "name": "Airport West",
      "countryCode": "AU",
      "stateCode": "VIC"
   },
   {
      "name": "Albanvale",
      "countryCode": "AU",
      "stateCode": "VIC"
   },
   {
      "name": "Albert Park",
      "countryCode": "AU",
      "stateCode": "VIC"
   },
   {
      "name": "Albion",
      "countryCode": "AU",
      "stateCode": "VIC"
   },
   {
      "name": "Alexandra",
      "countryCode": "AU",
      "stateCode": "VIC"
   },
   {
      "name": "Alfredton",
      "countryCode": "AU",
      "stateCode": "VIC"
   },
   {
      "name": "Allansford",
      "countryCode": "AU",
      "stateCode": "VIC"
   },
   {
      "name": "Alphington",
      "countryCode": "AU",
      "stateCode": "VIC"
   },
   {
      "name": "Alpine",
      "countryCode": "AU",
      "stateCode": "VIC"
   },
   {
      "name": "Altona",
      "countryCode": "AU",
      "stateCode": "VIC"
   },
   {
      "name": "Altona Meadows",
      "countryCode": "AU",
      "stateCode": "VIC"
   },
   {
      "name": "Altona North",
      "countryCode": "AU",
      "stateCode": "VIC"
   },
   {
      "name": "Anglesea",
      "countryCode": "AU",
      "stateCode": "VIC"
   },
   {
      "name": "Apollo Bay",
      "countryCode": "AU",
      "stateCode": "VIC"
   },
   {
      "name": "Ararat",
      "countryCode": "AU",
      "stateCode": "VIC"
   },
   {
      "name": "Ardeer",
      "countryCode": "AU",
      "stateCode": "VIC"
   },
   {
      "name": "Armadale",
      "countryCode": "AU",
      "stateCode": "VIC"
   },
   {
      "name": "Armstrong Creek",
      "countryCode": "AU",
      "stateCode": "VIC"
   },
   {
      "name": "Ascot",
      "countryCode": "AU",
      "stateCode": "VIC"
   },
   {
      "name": "Ascot Vale",
      "countryCode": "AU",
      "stateCode": "VIC"
   },
   {
      "name": "Ashburton",
      "countryCode": "AU",
      "stateCode": "VIC"
   },
   {
      "name": "Ashwood",
      "countryCode": "AU",
      "stateCode": "VIC"
   },
   {
      "name": "Aspendale",
      "countryCode": "AU",
      "stateCode": "VIC"
   },
   {
      "name": "Aspendale Gardens",
      "countryCode": "AU",
      "stateCode": "VIC"
   },
   {
      "name": "Attwood",
      "countryCode": "AU",
      "stateCode": "VIC"
   },
   {
      "name": "Avenel",
      "countryCode": "AU",
      "stateCode": "VIC"
   },
   {
      "name": "Avoca",
      "countryCode": "AU",
      "stateCode": "VIC"
   },
   {
      "name": "Avondale Heights",
      "countryCode": "AU",
      "stateCode": "VIC"
   },
   {
      "name": "Bacchus Marsh",
      "countryCode": "AU",
      "stateCode": "VIC"
   },
   {
      "name": "Badger Creek",
      "countryCode": "AU",
      "stateCode": "VIC"
   },
   {
      "name": "Bairnsdale",
      "countryCode": "AU",
      "stateCode": "VIC"
   },
   {
      "name": "Balaclava",
      "countryCode": "AU",
      "stateCode": "VIC"
   },
   {
      "name": "Ballan",
      "countryCode": "AU",
      "stateCode": "VIC"
   },
   {
      "name": "Ballarat",
      "countryCode": "AU",
      "stateCode": "VIC"
   },
   {
      "name": "Ballarat Central",
      "countryCode": "AU",
      "stateCode": "VIC"
   },
   {
      "name": "Ballarat East",
      "countryCode": "AU",
      "stateCode": "VIC"
   },
   {
      "name": "Ballarat North",
      "countryCode": "AU",
      "stateCode": "VIC"
   },
   {
      "name": "Balnarring",
      "countryCode": "AU",
      "stateCode": "VIC"
   },
   {
      "name": "Balwyn",
      "countryCode": "AU",
      "stateCode": "VIC"
   },
   {
      "name": "Balwyn North",
      "countryCode": "AU",
      "stateCode": "VIC"
   },
   {
      "name": "Bannockburn",
      "countryCode": "AU",
      "stateCode": "VIC"
   },
   {
      "name": "Banyule",
      "countryCode": "AU",
      "stateCode": "VIC"
   },
   {
      "name": "Baranduda",
      "countryCode": "AU",
      "stateCode": "VIC"
   },
   {
      "name": "Barwon Heads",
      "countryCode": "AU",
      "stateCode": "VIC"
   },
   {
      "name": "Bass Coast",
      "countryCode": "AU",
      "stateCode": "VIC"
   },
   {
      "name": "Baw Baw",
      "countryCode": "AU",
      "stateCode": "VIC"
   },
   {
      "name": "Baxter",
      "countryCode": "AU",
      "stateCode": "VIC"
   },
   {
      "name": "Bayside",
      "countryCode": "AU",
      "stateCode": "VIC"
   },
   {
      "name": "Bayswater",
      "countryCode": "AU",
      "stateCode": "VIC"
   },
   {
      "name": "Bayswater North",
      "countryCode": "AU",
      "stateCode": "VIC"
   },
   {
      "name": "Beaconsfield",
      "countryCode": "AU",
      "stateCode": "VIC"
   },
   {
      "name": "Beaconsfield Upper",
      "countryCode": "AU",
      "stateCode": "VIC"
   },
   {
      "name": "Beaufort",
      "countryCode": "AU",
      "stateCode": "VIC"
   },
   {
      "name": "Beaumaris",
      "countryCode": "AU",
      "stateCode": "VIC"
   },
   {
      "name": "Beechworth",
      "countryCode": "AU",
      "stateCode": "VIC"
   },
   {
      "name": "Belgrave",
      "countryCode": "AU",
      "stateCode": "VIC"
   },
   {
      "name": "Belgrave Heights",
      "countryCode": "AU",
      "stateCode": "VIC"
   },
   {
      "name": "Belgrave South",
      "countryCode": "AU",
      "stateCode": "VIC"
   },
   {
      "name": "Bell Park",
      "countryCode": "AU",
      "stateCode": "VIC"
   },
   {
      "name": "Bell Post Hill",
      "countryCode": "AU",
      "stateCode": "VIC"
   },
   {
      "name": "Bellfield",
      "countryCode": "AU",
      "stateCode": "VIC"
   },
   {
      "name": "Belmont",
      "countryCode": "AU",
      "stateCode": "VIC"
   },
   {
      "name": "Benalla",
      "countryCode": "AU",
      "stateCode": "VIC"
   },
   {
      "name": "Bendigo",
      "countryCode": "AU",
      "stateCode": "VIC"
   },
   {
      "name": "Bendigo city centre",
      "countryCode": "AU",
      "stateCode": "VIC"
   },
   {
      "name": "Bentleigh",
      "countryCode": "AU",
      "stateCode": "VIC"
   },
   {
      "name": "Bentleigh East",
      "countryCode": "AU",
      "stateCode": "VIC"
   },
   {
      "name": "Berwick",
      "countryCode": "AU",
      "stateCode": "VIC"
   },
   {
      "name": "Beveridge",
      "countryCode": "AU",
      "stateCode": "VIC"
   },
   {
      "name": "Bittern",
      "countryCode": "AU",
      "stateCode": "VIC"
   },
   {
      "name": "Black Hill",
      "countryCode": "AU",
      "stateCode": "VIC"
   },
   {
      "name": "Black Rock",
      "countryCode": "AU",
      "stateCode": "VIC"
   },
   {
      "name": "Blackburn",
      "countryCode": "AU",
      "stateCode": "VIC"
   },
   {
      "name": "Blackburn North",
      "countryCode": "AU",
      "stateCode": "VIC"
   },
   {
      "name": "Blackburn South",
      "countryCode": "AU",
      "stateCode": "VIC"
   },
   {
      "name": "Blairgowrie",
      "countryCode": "AU",
      "stateCode": "VIC"
   },
   {
      "name": "Blind Bight",
      "countryCode": "AU",
      "stateCode": "VIC"
   },
   {
      "name": "Bonbeach",
      "countryCode": "AU",
      "stateCode": "VIC"
   },
   {
      "name": "Boronia",
      "countryCode": "AU",
      "stateCode": "VIC"
   },
   {
      "name": "Boroondara",
      "countryCode": "AU",
      "stateCode": "VIC"
   },
   {
      "name": "Botanic Ridge",
      "countryCode": "AU",
      "stateCode": "VIC"
   },
   {
      "name": "Box Hill",
      "countryCode": "AU",
      "stateCode": "VIC"
   },
   {
      "name": "Box Hill North",
      "countryCode": "AU",
      "stateCode": "VIC"
   },
   {
      "name": "Box Hill South",
      "countryCode": "AU",
      "stateCode": "VIC"
   },
   {
      "name": "Braybrook",
      "countryCode": "AU",
      "stateCode": "VIC"
   },
   {
      "name": "Briagolong",
      "countryCode": "AU",
      "stateCode": "VIC"
   },
   {
      "name": "Briar Hill",
      "countryCode": "AU",
      "stateCode": "VIC"
   },
   {
      "name": "Bright",
      "countryCode": "AU",
      "stateCode": "VIC"
   },
   {
      "name": "Brighton",
      "countryCode": "AU",
      "stateCode": "VIC"
   },
   {
      "name": "Brighton East",
      "countryCode": "AU",
      "stateCode": "VIC"
   },
   {
      "name": "Brimbank",
      "countryCode": "AU",
      "stateCode": "VIC"
   },
   {
      "name": "Broadford",
      "countryCode": "AU",
      "stateCode": "VIC"
   },
   {
      "name": "Broadmeadows",
      "countryCode": "AU",
      "stateCode": "VIC"
   },
   {
      "name": "Brookfield",
      "countryCode": "AU",
      "stateCode": "VIC"
   },
   {
      "name": "Brooklyn",
      "countryCode": "AU",
      "stateCode": "VIC"
   },
   {
      "name": "Brown Hill",
      "countryCode": "AU",
      "stateCode": "VIC"
   },
   {
      "name": "Brunswick",
      "countryCode": "AU",
      "stateCode": "VIC"
   },
   {
      "name": "Brunswick East",
      "countryCode": "AU",
      "stateCode": "VIC"
   },
   {
      "name": "Brunswick West",
      "countryCode": "AU",
      "stateCode": "VIC"
   },
   {
      "name": "Bulleen",
      "countryCode": "AU",
      "stateCode": "VIC"
   },
   {
      "name": "Buloke",
      "countryCode": "AU",
      "stateCode": "VIC"
   },
   {
      "name": "Bundoora",
      "countryCode": "AU",
      "stateCode": "VIC"
   },
   {
      "name": "Buninyong",
      "countryCode": "AU",
      "stateCode": "VIC"
   },
   {
      "name": "Bunyip",
      "countryCode": "AU",
      "stateCode": "VIC"
   },
   {
      "name": "Burnside",
      "countryCode": "AU",
      "stateCode": "VIC"
   },
   {
      "name": "Burnside Heights",
      "countryCode": "AU",
      "stateCode": "VIC"
   },
   {
      "name": "Burwood",
      "countryCode": "AU",
      "stateCode": "VIC"
   },
   {
      "name": "Burwood East",
      "countryCode": "AU",
      "stateCode": "VIC"
   },
   {
      "name": "Cairnlea",
      "countryCode": "AU",
      "stateCode": "VIC"
   },
   {
      "name": "California Gully",
      "countryCode": "AU",
      "stateCode": "VIC"
   },
   {
      "name": "Camberwell",
      "countryCode": "AU",
      "stateCode": "VIC"
   },
   {
      "name": "Campaspe",
      "countryCode": "AU",
      "stateCode": "VIC"
   },
   {
      "name": "Campbellfield",
      "countryCode": "AU",
      "stateCode": "VIC"
   },
   {
      "name": "Campbells Creek",
      "countryCode": "AU",
      "stateCode": "VIC"
   },
   {
      "name": "Camperdown",
      "countryCode": "AU",
      "stateCode": "VIC"
   },
   {
      "name": "Canadian",
      "countryCode": "AU",
      "stateCode": "VIC"
   },
   {
      "name": "Canterbury",
      "countryCode": "AU",
      "stateCode": "VIC"
   },
   {
      "name": "Cape Woolamai",
      "countryCode": "AU",
      "stateCode": "VIC"
   },
   {
      "name": "Cardinia",
      "countryCode": "AU",
      "stateCode": "VIC"
   },
   {
      "name": "Carisbrook",
      "countryCode": "AU",
      "stateCode": "VIC"
   },
   {
      "name": "Carlton",
      "countryCode": "AU",
      "stateCode": "VIC"
   },
   {
      "name": "Carlton North",
      "countryCode": "AU",
      "stateCode": "VIC"
   },
   {
      "name": "Carnegie",
      "countryCode": "AU",
      "stateCode": "VIC"
   },
   {
      "name": "Caroline Springs",
      "countryCode": "AU",
      "stateCode": "VIC"
   },
   {
      "name": "Carrum",
      "countryCode": "AU",
      "stateCode": "VIC"
   },
   {
      "name": "Carrum Downs",
      "countryCode": "AU",
      "stateCode": "VIC"
   },
   {
      "name": "Casey",
      "countryCode": "AU",
      "stateCode": "VIC"
   },
   {
      "name": "Casterton",
      "countryCode": "AU",
      "stateCode": "VIC"
   },
   {
      "name": "Castlemaine",
      "countryCode": "AU",
      "stateCode": "VIC"
   },
   {
      "name": "Caulfield",
      "countryCode": "AU",
      "stateCode": "VIC"
   },
   {
      "name": "Caulfield East",
      "countryCode": "AU",
      "stateCode": "VIC"
   },
   {
      "name": "Caulfield North",
      "countryCode": "AU",
      "stateCode": "VIC"
   },
   {
      "name": "Caulfield South",
      "countryCode": "AU",
      "stateCode": "VIC"
   },
   {
      "name": "Central Goldfields",
      "countryCode": "AU",
      "stateCode": "VIC"
   },
   {
      "name": "Chadstone",
      "countryCode": "AU",
      "stateCode": "VIC"
   },
   {
      "name": "Charlton",
      "countryCode": "AU",
      "stateCode": "VIC"
   },
   {
      "name": "Chelsea",
      "countryCode": "AU",
      "stateCode": "VIC"
   },
   {
      "name": "Chelsea Heights",
      "countryCode": "AU",
      "stateCode": "VIC"
   },
   {
      "name": "Cheltenham",
      "countryCode": "AU",
      "stateCode": "VIC"
   },
   {
      "name": "Chewton",
      "countryCode": "AU",
      "stateCode": "VIC"
   },
   {
      "name": "Chiltern",
      "countryCode": "AU",
      "stateCode": "VIC"
   },
   {
      "name": "Chirnside Park",
      "countryCode": "AU",
      "stateCode": "VIC"
   },
   {
      "name": "Churchill",
      "countryCode": "AU",
      "stateCode": "VIC"
   },
   {
      "name": "Clarinda",
      "countryCode": "AU",
      "stateCode": "VIC"
   },
   {
      "name": "Clayton",
      "countryCode": "AU",
      "stateCode": "VIC"
   },
   {
      "name": "Clayton South",
      "countryCode": "AU",
      "stateCode": "VIC"
   },
   {
      "name": "Clifton Hill",
      "countryCode": "AU",
      "stateCode": "VIC"
   },
   {
      "name": "Clifton Springs",
      "countryCode": "AU",
      "stateCode": "VIC"
   },
   {
      "name": "Clunes",
      "countryCode": "AU",
      "stateCode": "VIC"
   },
   {
      "name": "Clyde",
      "countryCode": "AU",
      "stateCode": "VIC"
   },
   {
      "name": "Clyde North",
      "countryCode": "AU",
      "stateCode": "VIC"
   },
   {
      "name": "Cobden",
      "countryCode": "AU",
      "stateCode": "VIC"
   },
   {
      "name": "Cobram",
      "countryCode": "AU",
      "stateCode": "VIC"
   },
   {
      "name": "Coburg",
      "countryCode": "AU",
      "stateCode": "VIC"
   },
   {
      "name": "Coburg North",
      "countryCode": "AU",
      "stateCode": "VIC"
   },
   {
      "name": "Cockatoo",
      "countryCode": "AU",
      "stateCode": "VIC"
   },
   {
      "name": "Cohuna",
      "countryCode": "AU",
      "stateCode": "VIC"
   },
   {
      "name": "Colac",
      "countryCode": "AU",
      "stateCode": "VIC"
   },
   {
      "name": "Colac-Otway",
      "countryCode": "AU",
      "stateCode": "VIC"
   },
   {
      "name": "Coldstream",
      "countryCode": "AU",
      "stateCode": "VIC"
   },
   {
      "name": "Collingwood",
      "countryCode": "AU",
      "stateCode": "VIC"
   },
   {
      "name": "Coolaroo",
      "countryCode": "AU",
      "stateCode": "VIC"
   },
   {
      "name": "Corangamite",
      "countryCode": "AU",
      "stateCode": "VIC"
   },
   {
      "name": "Corio",
      "countryCode": "AU",
      "stateCode": "VIC"
   },
   {
      "name": "Corryong",
      "countryCode": "AU",
      "stateCode": "VIC"
   },
   {
      "name": "Cowes",
      "countryCode": "AU",
      "stateCode": "VIC"
   },
   {
      "name": "Craigieburn",
      "countryCode": "AU",
      "stateCode": "VIC"
   },
   {
      "name": "Cranbourne",
      "countryCode": "AU",
      "stateCode": "VIC"
   },
   {
      "name": "Cranbourne East",
      "countryCode": "AU",
      "stateCode": "VIC"
   },
   {
      "name": "Cranbourne North",
      "countryCode": "AU",
      "stateCode": "VIC"
   },
   {
      "name": "Cranbourne South",
      "countryCode": "AU",
      "stateCode": "VIC"
   },
   {
      "name": "Cranbourne West",
      "countryCode": "AU",
      "stateCode": "VIC"
   },
   {
      "name": "Cremorne",
      "countryCode": "AU",
      "stateCode": "VIC"
   },
   {
      "name": "Creswick",
      "countryCode": "AU",
      "stateCode": "VIC"
   },
   {
      "name": "Crib Point",
      "countryCode": "AU",
      "stateCode": "VIC"
   },
   {
      "name": "Croydon",
      "countryCode": "AU",
      "stateCode": "VIC"
   },
   {
      "name": "Croydon Hills",
      "countryCode": "AU",
      "stateCode": "VIC"
   },
   {
      "name": "Croydon North",
      "countryCode": "AU",
      "stateCode": "VIC"
   },
   {
      "name": "Croydon South",
      "countryCode": "AU",
      "stateCode": "VIC"
   },
   {
      "name": "Dallas",
      "countryCode": "AU",
      "stateCode": "VIC"
   },
   {
      "name": "Dandenong",
      "countryCode": "AU",
      "stateCode": "VIC"
   },
   {
      "name": "Dandenong North",
      "countryCode": "AU",
      "stateCode": "VIC"
   },
   {
      "name": "Darebin",
      "countryCode": "AU",
      "stateCode": "VIC"
   },
   {
      "name": "Darley",
      "countryCode": "AU",
      "stateCode": "VIC"
   },
   {
      "name": "Daylesford",
      "countryCode": "AU",
      "stateCode": "VIC"
   },
   {
      "name": "Deer Park",
      "countryCode": "AU",
      "stateCode": "VIC"
   },
   {
      "name": "Delacombe",
      "countryCode": "AU",
      "stateCode": "VIC"
   },
   {
      "name": "Delahey",
      "countryCode": "AU",
      "stateCode": "VIC"
   },
   {
      "name": "Dennington",
      "countryCode": "AU",
      "stateCode": "VIC"
   },
   {
      "name": "Derrimut",
      "countryCode": "AU",
      "stateCode": "VIC"
   },
   {
      "name": "Devon Meadows",
      "countryCode": "AU",
      "stateCode": "VIC"
   },
   {
      "name": "Diamond Creek",
      "countryCode": "AU",
      "stateCode": "VIC"
   },
   {
      "name": "Diggers Rest",
      "countryCode": "AU",
      "stateCode": "VIC"
   },
   {
      "name": "Dimboola",
      "countryCode": "AU",
      "stateCode": "VIC"
   },
   {
      "name": "Dingley Village",
      "countryCode": "AU",
      "stateCode": "VIC"
   },
   {
      "name": "Dinner Plain",
      "countryCode": "AU",
      "stateCode": "VIC"
   },
   {
      "name": "Docklands",
      "countryCode": "AU",
      "stateCode": "VIC"
   },
   {
      "name": "Donald",
      "countryCode": "AU",
      "stateCode": "VIC"
   },
   {
      "name": "Doncaster",
      "countryCode": "AU",
      "stateCode": "VIC"
   },
   {
      "name": "Doncaster East",
      "countryCode": "AU",
      "stateCode": "VIC"
   },
   {
      "name": "Donvale",
      "countryCode": "AU",
      "stateCode": "VIC"
   },
   {
      "name": "Doreen",
      "countryCode": "AU",
      "stateCode": "VIC"
   },
   {
      "name": "Doveton",
      "countryCode": "AU",
      "stateCode": "VIC"
   },
   {
      "name": "Dromana",
      "countryCode": "AU",
      "stateCode": "VIC"
   },
   {
      "name": "Drouin",
      "countryCode": "AU",
      "stateCode": "VIC"
   },
   {
      "name": "Drysdale",
      "countryCode": "AU",
      "stateCode": "VIC"
   },
   {
      "name": "Eagle Point",
      "countryCode": "AU",
      "stateCode": "VIC"
   },
   {
      "name": "Eaglehawk",
      "countryCode": "AU",
      "stateCode": "VIC"
   },
   {
      "name": "Eaglemont",
      "countryCode": "AU",
      "stateCode": "VIC"
   },
   {
      "name": "East Bairnsdale",
      "countryCode": "AU",
      "stateCode": "VIC"
   },
   {
      "name": "East Bendigo",
      "countryCode": "AU",
      "stateCode": "VIC"
   },
   {
      "name": "East Geelong",
      "countryCode": "AU",
      "stateCode": "VIC"
   },
   {
      "name": "East Gippsland",
      "countryCode": "AU",
      "stateCode": "VIC"
   },
   {
      "name": "East Melbourne",
      "countryCode": "AU",
      "stateCode": "VIC"
   },
   {
      "name": "Echuca",
      "countryCode": "AU",
      "stateCode": "VIC"
   },
   {
      "name": "Eden Park",
      "countryCode": "AU",
      "stateCode": "VIC"
   },
   {
      "name": "Edithvale",
      "countryCode": "AU",
      "stateCode": "VIC"
   },
   {
      "name": "Elliminyt",
      "countryCode": "AU",
      "stateCode": "VIC"
   },
   {
      "name": "Elsternwick",
      "countryCode": "AU",
      "stateCode": "VIC"
   },
   {
      "name": "Eltham",
      "countryCode": "AU",
      "stateCode": "VIC"
   },
   {
      "name": "Eltham North",
      "countryCode": "AU",
      "stateCode": "VIC"
   },
   {
      "name": "Elwood",
      "countryCode": "AU",
      "stateCode": "VIC"
   },
   {
      "name": "Emerald",
      "countryCode": "AU",
      "stateCode": "VIC"
   },
   {
      "name": "Endeavour Hills",
      "countryCode": "AU",
      "stateCode": "VIC"
   },
   {
      "name": "Epping",
      "countryCode": "AU",
      "stateCode": "VIC"
   },
   {
      "name": "Epsom",
      "countryCode": "AU",
      "stateCode": "VIC"
   },
   {
      "name": "Essendon",
      "countryCode": "AU",
      "stateCode": "VIC"
   },
   {
      "name": "Essendon North",
      "countryCode": "AU",
      "stateCode": "VIC"
   },
   {
      "name": "Essendon West",
      "countryCode": "AU",
      "stateCode": "VIC"
   },
   {
      "name": "Eumemmerring",
      "countryCode": "AU",
      "stateCode": "VIC"
   },
   {
      "name": "Euroa",
      "countryCode": "AU",
      "stateCode": "VIC"
   },
   {
      "name": "Eynesbury",
      "countryCode": "AU",
      "stateCode": "VIC"
   },
   {
      "name": "Fairfield",
      "countryCode": "AU",
      "stateCode": "VIC"
   },
   {
      "name": "Falls Creek",
      "countryCode": "AU",
      "stateCode": "VIC"
   },
   {
      "name": "Fawkner",
      "countryCode": "AU",
      "stateCode": "VIC"
   },
   {
      "name": "Ferntree Gully",
      "countryCode": "AU",
      "stateCode": "VIC"
   },
   {
      "name": "Ferny Creek",
      "countryCode": "AU",
      "stateCode": "VIC"
   },
   {
      "name": "Fitzroy",
      "countryCode": "AU",
      "stateCode": "VIC"
   },
   {
      "name": "Fitzroy North",
      "countryCode": "AU",
      "stateCode": "VIC"
   },
   {
      "name": "Flemington",
      "countryCode": "AU",
      "stateCode": "VIC"
   },
   {
      "name": "Flora Hill",
      "countryCode": "AU",
      "stateCode": "VIC"
   },
   {
      "name": "Footscray",
      "countryCode": "AU",
      "stateCode": "VIC"
   },
   {
      "name": "Forest Hill",
      "countryCode": "AU",
      "stateCode": "VIC"
   },
   {
      "name": "Foster",
      "countryCode": "AU",
      "stateCode": "VIC"
   },
   {
      "name": "Frankston",
      "countryCode": "AU",
      "stateCode": "VIC"
   },
   {
      "name": "Frankston East",
      "countryCode": "AU",
      "stateCode": "VIC"
   },
   {
      "name": "Frankston North",
      "countryCode": "AU",
      "stateCode": "VIC"
   },
   {
      "name": "Frankston South",
      "countryCode": "AU",
      "stateCode": "VIC"
   },
   {
      "name": "Gannawarra",
      "countryCode": "AU",
      "stateCode": "VIC"
   },
   {
      "name": "Garfield",
      "countryCode": "AU",
      "stateCode": "VIC"
   },
   {
      "name": "Geelong",
      "countryCode": "AU",
      "stateCode": "VIC"
   },
   {
      "name": "Geelong West",
      "countryCode": "AU",
      "stateCode": "VIC"
   },
   {
      "name": "Geelong city centre",
      "countryCode": "AU",
      "stateCode": "VIC"
   },
   {
      "name": "Gembrook",
      "countryCode": "AU",
      "stateCode": "VIC"
   },
   {
      "name": "Gisborne",
      "countryCode": "AU",
      "stateCode": "VIC"
   },
   {
      "name": "Gladstone Park",
      "countryCode": "AU",
      "stateCode": "VIC"
   },
   {
      "name": "Glen Eira",
      "countryCode": "AU",
      "stateCode": "VIC"
   },
   {
      "name": "Glen Huntly",
      "countryCode": "AU",
      "stateCode": "VIC"
   },
   {
      "name": "Glen Iris",
      "countryCode": "AU",
      "stateCode": "VIC"
   },
   {
      "name": "Glen Waverley",
      "countryCode": "AU",
      "stateCode": "VIC"
   },
   {
      "name": "Glenelg",
      "countryCode": "AU",
      "stateCode": "VIC"
   },
   {
      "name": "Glenferrie",
      "countryCode": "AU",
      "stateCode": "VIC"
   },
   {
      "name": "Glengarry",
      "countryCode": "AU",
      "stateCode": "VIC"
   },
   {
      "name": "Glenroy",
      "countryCode": "AU",
      "stateCode": "VIC"
   },
   {
      "name": "Golden Plains",
      "countryCode": "AU",
      "stateCode": "VIC"
   },
   {
      "name": "Golden Point",
      "countryCode": "AU",
      "stateCode": "VIC"
   },
   {
      "name": "Golden Square",
      "countryCode": "AU",
      "stateCode": "VIC"
   },
   {
      "name": "Gordon",
      "countryCode": "AU",
      "stateCode": "VIC"
   },
   {
      "name": "Gowanbrae",
      "countryCode": "AU",
      "stateCode": "VIC"
   },
   {
      "name": "Greater Bendigo",
      "countryCode": "AU",
      "stateCode": "VIC"
   },
   {
      "name": "Greater Dandenong",
      "countryCode": "AU",
      "stateCode": "VIC"
   },
   {
      "name": "Greater Geelong",
      "countryCode": "AU",
      "stateCode": "VIC"
   },
   {
      "name": "Greater Shepparton",
      "countryCode": "AU",
      "stateCode": "VIC"
   },
   {
      "name": "Greensborough",
      "countryCode": "AU",
      "stateCode": "VIC"
   },
   {
      "name": "Greenvale",
      "countryCode": "AU",
      "stateCode": "VIC"
   },
   {
      "name": "Grovedale",
      "countryCode": "AU",
      "stateCode": "VIC"
   },
   {
      "name": "Haddon",
      "countryCode": "AU",
      "stateCode": "VIC"
   },
   {
      "name": "Hadfield",
      "countryCode": "AU",
      "stateCode": "VIC"
   },
   {
      "name": "Hallam",
      "countryCode": "AU",
      "stateCode": "VIC"
   },
   {
      "name": "Hamilton",
      "countryCode": "AU",
      "stateCode": "VIC"
   },
   {
      "name": "Hamlyn Heights",
      "countryCode": "AU",
      "stateCode": "VIC"
   },
   {
      "name": "Hampton",
      "countryCode": "AU",
      "stateCode": "VIC"
   },
   {
      "name": "Hampton East",
      "countryCode": "AU",
      "stateCode": "VIC"
   },
   {
      "name": "Hampton Park",
      "countryCode": "AU",
      "stateCode": "VIC"
   },
   {
      "name": "Hastings",
      "countryCode": "AU",
      "stateCode": "VIC"
   },
   {
      "name": "Haven",
      "countryCode": "AU",
      "stateCode": "VIC"
   },
   {
      "name": "Hawthorn",
      "countryCode": "AU",
      "stateCode": "VIC"
   },
   {
      "name": "Hawthorn East",
      "countryCode": "AU",
      "stateCode": "VIC"
   },
   {
      "name": "Hawthorn South",
      "countryCode": "AU",
      "stateCode": "VIC"
   },
   {
      "name": "Hazelwood North",
      "countryCode": "AU",
      "stateCode": "VIC"
   },
   {
      "name": "Healesville",
      "countryCode": "AU",
      "stateCode": "VIC"
   },
   {
      "name": "Heathcote",
      "countryCode": "AU",
      "stateCode": "VIC"
   },
   {
      "name": "Heatherton",
      "countryCode": "AU",
      "stateCode": "VIC"
   },
   {
      "name": "Heathmont",
      "countryCode": "AU",
      "stateCode": "VIC"
   },
   {
      "name": "Heidelberg",
      "countryCode": "AU",
      "stateCode": "VIC"
   },
   {
      "name": "Heidelberg Heights",
      "countryCode": "AU",
      "stateCode": "VIC"
   },
   {
      "name": "Heidelberg West",
      "countryCode": "AU",
      "stateCode": "VIC"
   },
   {
      "name": "Hepburn",
      "countryCode": "AU",
      "stateCode": "VIC"
   },
   {
      "name": "Herne Hill",
      "countryCode": "AU",
      "stateCode": "VIC"
   },
   {
      "name": "Heyfield",
      "countryCode": "AU",
      "stateCode": "VIC"
   },
   {
      "name": "Heywood",
      "countryCode": "AU",
      "stateCode": "VIC"
   },
   {
      "name": "Highett",
      "countryCode": "AU",
      "stateCode": "VIC"
   },
   {
      "name": "Highton",
      "countryCode": "AU",
      "stateCode": "VIC"
   },
   {
      "name": "Hillside",
      "countryCode": "AU",
      "stateCode": "VIC"
   },
   {
      "name": "Hindmarsh",
      "countryCode": "AU",
      "stateCode": "VIC"
   },
   {
      "name": "Hmas Cerberus",
      "countryCode": "AU",
      "stateCode": "VIC"
   },
   {
      "name": "Hobsons Bay",
      "countryCode": "AU",
      "stateCode": "VIC"
   },
   {
      "name": "Hoppers Crossing",
      "countryCode": "AU",
      "stateCode": "VIC"
   },
   {
      "name": "Horsham",
      "countryCode": "AU",
      "stateCode": "VIC"
   },
   {
      "name": "Hotham Heights",
      "countryCode": "AU",
      "stateCode": "VIC"
   },
   {
      "name": "Hughesdale",
      "countryCode": "AU",
      "stateCode": "VIC"
   },
   {
      "name": "Hume",
      "countryCode": "AU",
      "stateCode": "VIC"
   },
   {
      "name": "Huntingdale",
      "countryCode": "AU",
      "stateCode": "VIC"
   },
   {
      "name": "Huntly",
      "countryCode": "AU",
      "stateCode": "VIC"
   },
   {
      "name": "Hurstbridge",
      "countryCode": "AU",
      "stateCode": "VIC"
   },
   {
      "name": "Indented Head",
      "countryCode": "AU",
      "stateCode": "VIC"
   },
   {
      "name": "Indigo",
      "countryCode": "AU",
      "stateCode": "VIC"
   },
   {
      "name": "Inverleigh",
      "countryCode": "AU",
      "stateCode": "VIC"
   },
   {
      "name": "Inverloch",
      "countryCode": "AU",
      "stateCode": "VIC"
   },
   {
      "name": "Invermay Park",
      "countryCode": "AU",
      "stateCode": "VIC"
   },
   {
      "name": "Ironbark",
      "countryCode": "AU",
      "stateCode": "VIC"
   },
   {
      "name": "Irymple",
      "countryCode": "AU",
      "stateCode": "VIC"
   },
   {
      "name": "Ivanhoe",
      "countryCode": "AU",
      "stateCode": "VIC"
   },
   {
      "name": "Ivanhoe East",
      "countryCode": "AU",
      "stateCode": "VIC"
   },
   {
      "name": "Jacana",
      "countryCode": "AU",
      "stateCode": "VIC"
   },
   {
      "name": "Jackass Flat",
      "countryCode": "AU",
      "stateCode": "VIC"
   },
   {
      "name": "Jan Juc",
      "countryCode": "AU",
      "stateCode": "VIC"
   },
   {
      "name": "Junction Village",
      "countryCode": "AU",
      "stateCode": "VIC"
   },
   {
      "name": "Junortoun",
      "countryCode": "AU",
      "stateCode": "VIC"
   },
   {
      "name": "Kalimna",
      "countryCode": "AU",
      "stateCode": "VIC"
   },
   {
      "name": "Kallista",
      "countryCode": "AU",
      "stateCode": "VIC"
   },
   {
      "name": "Kalorama",
      "countryCode": "AU",
      "stateCode": "VIC"
   },
   {
      "name": "Kangaroo Flat",
      "countryCode": "AU",
      "stateCode": "VIC"
   },
   {
      "name": "Kangaroo Ground",
      "countryCode": "AU",
      "stateCode": "VIC"
   },
   {
      "name": "Kealba",
      "countryCode": "AU",
      "stateCode": "VIC"
   },
   {
      "name": "Keilor",
      "countryCode": "AU",
      "stateCode": "VIC"
   },
   {
      "name": "Keilor Downs",
      "countryCode": "AU",
      "stateCode": "VIC"
   },
   {
      "name": "Keilor East",
      "countryCode": "AU",
      "stateCode": "VIC"
   },
   {
      "name": "Keilor Lodge",
      "countryCode": "AU",
      "stateCode": "VIC"
   },
   {
      "name": "Keilor Park",
      "countryCode": "AU",
      "stateCode": "VIC"
   },
   {
      "name": "Kennington",
      "countryCode": "AU",
      "stateCode": "VIC"
   },
   {
      "name": "Kensington",
      "countryCode": "AU",
      "stateCode": "VIC"
   },
   {
      "name": "Kerang",
      "countryCode": "AU",
      "stateCode": "VIC"
   },
   {
      "name": "Kew",
      "countryCode": "AU",
      "stateCode": "VIC"
   },
   {
      "name": "Kew East",
      "countryCode": "AU",
      "stateCode": "VIC"
   },
   {
      "name": "Keysborough",
      "countryCode": "AU",
      "stateCode": "VIC"
   },
   {
      "name": "Kialla",
      "countryCode": "AU",
      "stateCode": "VIC"
   },
   {
      "name": "Kilmore",
      "countryCode": "AU",
      "stateCode": "VIC"
   },
   {
      "name": "Kilsyth",
      "countryCode": "AU",
      "stateCode": "VIC"
   },
   {
      "name": "Kilsyth South",
      "countryCode": "AU",
      "stateCode": "VIC"
   },
   {
      "name": "Kinglake",
      "countryCode": "AU",
      "stateCode": "VIC"
   },
   {
      "name": "Kinglake West",
      "countryCode": "AU",
      "stateCode": "VIC"
   },
   {
      "name": "Kings Park",
      "countryCode": "AU",
      "stateCode": "VIC"
   },
   {
      "name": "Kingsbury",
      "countryCode": "AU",
      "stateCode": "VIC"
   },
   {
      "name": "Kingston",
      "countryCode": "AU",
      "stateCode": "VIC"
   },
   {
      "name": "Kingsville",
      "countryCode": "AU",
      "stateCode": "VIC"
   },
   {
      "name": "Knox",
      "countryCode": "AU",
      "stateCode": "VIC"
   },
   {
      "name": "Knoxfield",
      "countryCode": "AU",
      "stateCode": "VIC"
   },
   {
      "name": "Koo-Wee-Rup",
      "countryCode": "AU",
      "stateCode": "VIC"
   },
   {
      "name": "Koroit",
      "countryCode": "AU",
      "stateCode": "VIC"
   },
   {
      "name": "Korumburra",
      "countryCode": "AU",
      "stateCode": "VIC"
   },
   {
      "name": "Kurunjang",
      "countryCode": "AU",
      "stateCode": "VIC"
   },
   {
      "name": "Kyabram",
      "countryCode": "AU",
      "stateCode": "VIC"
   },
   {
      "name": "Kyneton",
      "countryCode": "AU",
      "stateCode": "VIC"
   },
   {
      "name": "Lake Gardens",
      "countryCode": "AU",
      "stateCode": "VIC"
   },
   {
      "name": "Lake Wendouree",
      "countryCode": "AU",
      "stateCode": "VIC"
   },
   {
      "name": "Lakes Entrance",
      "countryCode": "AU",
      "stateCode": "VIC"
   },
   {
      "name": "Lalor",
      "countryCode": "AU",
      "stateCode": "VIC"
   },
   {
      "name": "Lancefield",
      "countryCode": "AU",
      "stateCode": "VIC"
   },
   {
      "name": "Lang Lang",
      "countryCode": "AU",
      "stateCode": "VIC"
   },
   {
      "name": "Langwarrin",
      "countryCode": "AU",
      "stateCode": "VIC"
   },
   {
      "name": "Langwarrin South",
      "countryCode": "AU",
      "stateCode": "VIC"
   },
   {
      "name": "Lara",
      "countryCode": "AU",
      "stateCode": "VIC"
   },
   {
      "name": "Latrobe",
      "countryCode": "AU",
      "stateCode": "VIC"
   },
   {
      "name": "Launching Place",
      "countryCode": "AU",
      "stateCode": "VIC"
   },
   {
      "name": "Laverton",
      "countryCode": "AU",
      "stateCode": "VIC"
   },
   {
      "name": "Leongatha",
      "countryCode": "AU",
      "stateCode": "VIC"
   },
   {
      "name": "Leopold",
      "countryCode": "AU",
      "stateCode": "VIC"
   },
   {
      "name": "Lilydale",
      "countryCode": "AU",
      "stateCode": "VIC"
   },
   {
      "name": "Little River",
      "countryCode": "AU",
      "stateCode": "VIC"
   },
   {
      "name": "Loddon",
      "countryCode": "AU",
      "stateCode": "VIC"
   },
   {
      "name": "Long Gully",
      "countryCode": "AU",
      "stateCode": "VIC"
   },
   {
      "name": "Longford",
      "countryCode": "AU",
      "stateCode": "VIC"
   },
   {
      "name": "Longwarry",
      "countryCode": "AU",
      "stateCode": "VIC"
   },
   {
      "name": "Lorne",
      "countryCode": "AU",
      "stateCode": "VIC"
   },
   {
      "name": "Lovely Banks",
      "countryCode": "AU",
      "stateCode": "VIC"
   },
   {
      "name": "Lower Plenty",
      "countryCode": "AU",
      "stateCode": "VIC"
   },
   {
      "name": "Lucknow",
      "countryCode": "AU",
      "stateCode": "VIC"
   },
   {
      "name": "Lynbrook",
      "countryCode": "AU",
      "stateCode": "VIC"
   },
   {
      "name": "Lysterfield",
      "countryCode": "AU",
      "stateCode": "VIC"
   },
   {
      "name": "Macedon",
      "countryCode": "AU",
      "stateCode": "VIC"
   },
   {
      "name": "Macedon Ranges",
      "countryCode": "AU",
      "stateCode": "VIC"
   },
   {
      "name": "Macleod",
      "countryCode": "AU",
      "stateCode": "VIC"
   },
   {
      "name": "Maddingley",
      "countryCode": "AU",
      "stateCode": "VIC"
   },
   {
      "name": "Maffra",
      "countryCode": "AU",
      "stateCode": "VIC"
   },
   {
      "name": "Maiden Gully",
      "countryCode": "AU",
      "stateCode": "VIC"
   },
   {
      "name": "Maidstone",
      "countryCode": "AU",
      "stateCode": "VIC"
   },
   {
      "name": "Maldon",
      "countryCode": "AU",
      "stateCode": "VIC"
   },
   {
      "name": "Mallacoota",
      "countryCode": "AU",
      "stateCode": "VIC"
   },
   {
      "name": "Malvern",
      "countryCode": "AU",
      "stateCode": "VIC"
   },
   {
      "name": "Malvern East",
      "countryCode": "AU",
      "stateCode": "VIC"
   },
   {
      "name": "Manifold Heights",
      "countryCode": "AU",
      "stateCode": "VIC"
   },
   {
      "name": "Manningham",
      "countryCode": "AU",
      "stateCode": "VIC"
   },
   {
      "name": "Mansfield",
      "countryCode": "AU",
      "stateCode": "VIC"
   },
   {
      "name": "Maribyrnong",
      "countryCode": "AU",
      "stateCode": "VIC"
   },
   {
      "name": "Marong",
      "countryCode": "AU",
      "stateCode": "VIC"
   },
   {
      "name": "Maroondah",
      "countryCode": "AU",
      "stateCode": "VIC"
   },
   {
      "name": "Maryborough",
      "countryCode": "AU",
      "stateCode": "VIC"
   },
   {
      "name": "McCrae",
      "countryCode": "AU",
      "stateCode": "VIC"
   },
   {
      "name": "McKinnon",
      "countryCode": "AU",
      "stateCode": "VIC"
   },
   {
      "name": "Meadow Heights",
      "countryCode": "AU",
      "stateCode": "VIC"
   },
   {
      "name": "Melbourne",
      "countryCode": "AU",
      "stateCode": "VIC"
   },
   {
      "name": "Melbourne City Centre",
      "countryCode": "AU",
      "stateCode": "VIC"
   },
   {
      "name": "Melton",
      "countryCode": "AU",
      "stateCode": "VIC"
   },
   {
      "name": "Melton South",
      "countryCode": "AU",
      "stateCode": "VIC"
   },
   {
      "name": "Melton West",
      "countryCode": "AU",
      "stateCode": "VIC"
   },
   {
      "name": "Mentone",
      "countryCode": "AU",
      "stateCode": "VIC"
   },
   {
      "name": "Merbein",
      "countryCode": "AU",
      "stateCode": "VIC"
   },
   {
      "name": "Mernda",
      "countryCode": "AU",
      "stateCode": "VIC"
   },
   {
      "name": "Metung",
      "countryCode": "AU",
      "stateCode": "VIC"
   },
   {
      "name": "Mickleham",
      "countryCode": "AU",
      "stateCode": "VIC"
   },
   {
      "name": "Middle Park",
      "countryCode": "AU",
      "stateCode": "VIC"
   },
   {
      "name": "Mildura",
      "countryCode": "AU",
      "stateCode": "VIC"
   },
   {
      "name": "Mildura Shire",
      "countryCode": "AU",
      "stateCode": "VIC"
   },
   {
      "name": "Mill Park",
      "countryCode": "AU",
      "stateCode": "VIC"
   },
   {
      "name": "Millgrove",
      "countryCode": "AU",
      "stateCode": "VIC"
   },
   {
      "name": "Miners Rest",
      "countryCode": "AU",
      "stateCode": "VIC"
   },
   {
      "name": "Mirboo North",
      "countryCode": "AU",
      "stateCode": "VIC"
   },
   {
      "name": "Mitcham",
      "countryCode": "AU",
      "stateCode": "VIC"
   },
   {
      "name": "Mitchell",
      "countryCode": "AU",
      "stateCode": "VIC"
   },
   {
      "name": "Moe",
      "countryCode": "AU",
      "stateCode": "VIC"
   },
   {
      "name": "Moira",
      "countryCode": "AU",
      "stateCode": "VIC"
   },
   {
      "name": "Monash",
      "countryCode": "AU",
      "stateCode": "VIC"
   },
   {
      "name": "Monbulk",
      "countryCode": "AU",
      "stateCode": "VIC"
   },
   {
      "name": "Mont Albert",
      "countryCode": "AU",
      "stateCode": "VIC"
   },
   {
      "name": "Mont Albert North",
      "countryCode": "AU",
      "stateCode": "VIC"
   },
   {
      "name": "Montmorency",
      "countryCode": "AU",
      "stateCode": "VIC"
   },
   {
      "name": "Montrose",
      "countryCode": "AU",
      "stateCode": "VIC"
   },
   {
      "name": "Moolap",
      "countryCode": "AU",
      "stateCode": "VIC"
   },
   {
      "name": "Moonee Ponds",
      "countryCode": "AU",
      "stateCode": "VIC"
   },
   {
      "name": "Moonee Valley",
      "countryCode": "AU",
      "stateCode": "VIC"
   },
   {
      "name": "Moorabbin",
      "countryCode": "AU",
      "stateCode": "VIC"
   },
   {
      "name": "Moorabool",
      "countryCode": "AU",
      "stateCode": "VIC"
   },
   {
      "name": "Moorooduc",
      "countryCode": "AU",
      "stateCode": "VIC"
   },
   {
      "name": "Mooroolbark",
      "countryCode": "AU",
      "stateCode": "VIC"
   },
   {
      "name": "Mooroopna",
      "countryCode": "AU",
      "stateCode": "VIC"
   },
   {
      "name": "Mordialloc",
      "countryCode": "AU",
      "stateCode": "VIC"
   },
   {
      "name": "Moreland",
      "countryCode": "AU",
      "stateCode": "VIC"
   },
   {
      "name": "Mornington",
      "countryCode": "AU",
      "stateCode": "VIC"
   },
   {
      "name": "Mornington Peninsula",
      "countryCode": "AU",
      "stateCode": "VIC"
   },
   {
      "name": "Mortlake",
      "countryCode": "AU",
      "stateCode": "VIC"
   },
   {
      "name": "Morwell",
      "countryCode": "AU",
      "stateCode": "VIC"
   },
   {
      "name": "Mount Alexander",
      "countryCode": "AU",
      "stateCode": "VIC"
   },
   {
      "name": "Mount Buller",
      "countryCode": "AU",
      "stateCode": "VIC"
   },
   {
      "name": "Mount Clear",
      "countryCode": "AU",
      "stateCode": "VIC"
   },
   {
      "name": "Mount Dandenong",
      "countryCode": "AU",
      "stateCode": "VIC"
   },
   {
      "name": "Mount Duneed",
      "countryCode": "AU",
      "stateCode": "VIC"
   },
   {
      "name": "Mount Eliza",
      "countryCode": "AU",
      "stateCode": "VIC"
   },
   {
      "name": "Mount Evelyn",
      "countryCode": "AU",
      "stateCode": "VIC"
   },
   {
      "name": "Mount Helen",
      "countryCode": "AU",
      "stateCode": "VIC"
   },
   {
      "name": "Mount Macedon",
      "countryCode": "AU",
      "stateCode": "VIC"
   },
   {
      "name": "Mount Martha",
      "countryCode": "AU",
      "stateCode": "VIC"
   },
   {
      "name": "Mount Pleasant",
      "countryCode": "AU",
      "stateCode": "VIC"
   },
   {
      "name": "Mount Waverley",
      "countryCode": "AU",
      "stateCode": "VIC"
   },
   {
      "name": "Moyne",
      "countryCode": "AU",
      "stateCode": "VIC"
   },
   {
      "name": "Mulgrave",
      "countryCode": "AU",
      "stateCode": "VIC"
   },
   {
      "name": "Murrindindi",
      "countryCode": "AU",
      "stateCode": "VIC"
   },
   {
      "name": "Murrumbeena",
      "countryCode": "AU",
      "stateCode": "VIC"
   },
   {
      "name": "Myrtleford",
      "countryCode": "AU",
      "stateCode": "VIC"
   },
   {
      "name": "Nagambie",
      "countryCode": "AU",
      "stateCode": "VIC"
   },
   {
      "name": "Narre Warren",
      "countryCode": "AU",
      "stateCode": "VIC"
   },
   {
      "name": "Narre Warren North",
      "countryCode": "AU",
      "stateCode": "VIC"
   },
   {
      "name": "Narre Warren South",
      "countryCode": "AU",
      "stateCode": "VIC"
   },
   {
      "name": "Nathalia",
      "countryCode": "AU",
      "stateCode": "VIC"
   },
   {
      "name": "Neerim South",
      "countryCode": "AU",
      "stateCode": "VIC"
   },
   {
      "name": "New Gisborne",
      "countryCode": "AU",
      "stateCode": "VIC"
   },
   {
      "name": "Newborough",
      "countryCode": "AU",
      "stateCode": "VIC"
   },
   {
      "name": "Newcomb",
      "countryCode": "AU",
      "stateCode": "VIC"
   },
   {
      "name": "Newington",
      "countryCode": "AU",
      "stateCode": "VIC"
   },
   {
      "name": "Newport",
      "countryCode": "AU",
      "stateCode": "VIC"
   },
   {
      "name": "Newtown",
      "countryCode": "AU",
      "stateCode": "VIC"
   },
   {
      "name": "Nhill",
      "countryCode": "AU",
      "stateCode": "VIC"
   },
   {
      "name": "Nichols Point",
      "countryCode": "AU",
      "stateCode": "VIC"
   },
   {
      "name": "Nicholson",
      "countryCode": "AU",
      "stateCode": "VIC"
   },
   {
      "name": "Niddrie",
      "countryCode": "AU",
      "stateCode": "VIC"
   },
   {
      "name": "Nillumbik",
      "countryCode": "AU",
      "stateCode": "VIC"
   },
   {
      "name": "Noble Park",
      "countryCode": "AU",
      "stateCode": "VIC"
   },
   {
      "name": "Noble Park North",
      "countryCode": "AU",
      "stateCode": "VIC"
   },
   {
      "name": "Norlane",
      "countryCode": "AU",
      "stateCode": "VIC"
   },
   {
      "name": "North Bendigo",
      "countryCode": "AU",
      "stateCode": "VIC"
   },
   {
      "name": "North Brighton",
      "countryCode": "AU",
      "stateCode": "VIC"
   },
   {
      "name": "North Geelong",
      "countryCode": "AU",
      "stateCode": "VIC"
   },
   {
      "name": "North Melbourne",
      "countryCode": "AU",
      "stateCode": "VIC"
   },
   {
      "name": "North Warrandyte",
      "countryCode": "AU",
      "stateCode": "VIC"
   },
   {
      "name": "North Wonthaggi",
      "countryCode": "AU",
      "stateCode": "VIC"
   },
   {
      "name": "Northcote",
      "countryCode": "AU",
      "stateCode": "VIC"
   },
   {
      "name": "Northern Grampians",
      "countryCode": "AU",
      "stateCode": "VIC"
   },
   {
      "name": "Notting Hill",
      "countryCode": "AU",
      "stateCode": "VIC"
   },
   {
      "name": "Numurkah",
      "countryCode": "AU",
      "stateCode": "VIC"
   },
   {
      "name": "Nunawading",
      "countryCode": "AU",
      "stateCode": "VIC"
   },
   {
      "name": "Nyora",
      "countryCode": "AU",
      "stateCode": "VIC"
   },
   {
      "name": "Oak Park",
      "countryCode": "AU",
      "stateCode": "VIC"
   },
   {
      "name": "Oakleigh",
      "countryCode": "AU",
      "stateCode": "VIC"
   },
   {
      "name": "Oakleigh East",
      "countryCode": "AU",
      "stateCode": "VIC"
   },
   {
      "name": "Oakleigh South",
      "countryCode": "AU",
      "stateCode": "VIC"
   },
   {
      "name": "Ocean Grove",
      "countryCode": "AU",
      "stateCode": "VIC"
   },
   {
      "name": "Officer",
      "countryCode": "AU",
      "stateCode": "VIC"
   },
   {
      "name": "Olinda",
      "countryCode": "AU",
      "stateCode": "VIC"
   },
   {
      "name": "Orbost",
      "countryCode": "AU",
      "stateCode": "VIC"
   },
   {
      "name": "Ormond",
      "countryCode": "AU",
      "stateCode": "VIC"
   },
   {
      "name": "Ouyen",
      "countryCode": "AU",
      "stateCode": "VIC"
   },
   {
      "name": "Pakenham",
      "countryCode": "AU",
      "stateCode": "VIC"
   },
   {
      "name": "Pakenham Upper",
      "countryCode": "AU",
      "stateCode": "VIC"
   },
   {
      "name": "Panton Hill",
      "countryCode": "AU",
      "stateCode": "VIC"
   },
   {
      "name": "Park Orchards",
      "countryCode": "AU",
      "stateCode": "VIC"
   },
   {
      "name": "Parkdale",
      "countryCode": "AU",
      "stateCode": "VIC"
   },
   {
      "name": "Parkville",
      "countryCode": "AU",
      "stateCode": "VIC"
   },
   {
      "name": "Pascoe Vale",
      "countryCode": "AU",
      "stateCode": "VIC"
   },
   {
      "name": "Pascoe Vale South",
      "countryCode": "AU",
      "stateCode": "VIC"
   },
   {
      "name": "Patterson Lakes",
      "countryCode": "AU",
      "stateCode": "VIC"
   },
   {
      "name": "Paynesville",
      "countryCode": "AU",
      "stateCode": "VIC"
   },
   {
      "name": "Pearcedale",
      "countryCode": "AU",
      "stateCode": "VIC"
   },
   {
      "name": "Phillip Island",
      "countryCode": "AU",
      "stateCode": "VIC"
   },
   {
      "name": "Plenty",
      "countryCode": "AU",
      "stateCode": "VIC"
   },
   {
      "name": "Plumpton",
      "countryCode": "AU",
      "stateCode": "VIC"
   },
   {
      "name": "Point Cook",
      "countryCode": "AU",
      "stateCode": "VIC"
   },
   {
      "name": "Point Lonsdale",
      "countryCode": "AU",
      "stateCode": "VIC"
   },
   {
      "name": "Port Fairy",
      "countryCode": "AU",
      "stateCode": "VIC"
   },
   {
      "name": "Port Melbourne",
      "countryCode": "AU",
      "stateCode": "VIC"
   },
   {
      "name": "Port Phillip",
      "countryCode": "AU",
      "stateCode": "VIC"
   },
   {
      "name": "Portarlington",
      "countryCode": "AU",
      "stateCode": "VIC"
   },
   {
      "name": "Portland",
      "countryCode": "AU",
      "stateCode": "VIC"
   },
   {
      "name": "Prahran",
      "countryCode": "AU",
      "stateCode": "VIC"
   },
   {
      "name": "Preston",
      "countryCode": "AU",
      "stateCode": "VIC"
   },
   {
      "name": "Princes Hill",
      "countryCode": "AU",
      "stateCode": "VIC"
   },
   {
      "name": "Puckapunyal",
      "countryCode": "AU",
      "stateCode": "VIC"
   },
   {
      "name": "Pyrenees",
      "countryCode": "AU",
      "stateCode": "VIC"
   },
   {
      "name": "Quarry Hill",
      "countryCode": "AU",
      "stateCode": "VIC"
   },
   {
      "name": "Queenscliff",
      "countryCode": "AU",
      "stateCode": "VIC"
   },
   {
      "name": "Queenscliffe",
      "countryCode": "AU",
      "stateCode": "VIC"
   },
   {
      "name": "Ravenhall",
      "countryCode": "AU",
      "stateCode": "VIC"
   },
   {
      "name": "Red Cliffs",
      "countryCode": "AU",
      "stateCode": "VIC"
   },
   {
      "name": "Redan",
      "countryCode": "AU",
      "stateCode": "VIC"
   },
   {
      "name": "Research",
      "countryCode": "AU",
      "stateCode": "VIC"
   },
   {
      "name": "Reservoir",
      "countryCode": "AU",
      "stateCode": "VIC"
   },
   {
      "name": "Richmond",
      "countryCode": "AU",
      "stateCode": "VIC"
   },
   {
      "name": "Ringwood",
      "countryCode": "AU",
      "stateCode": "VIC"
   },
   {
      "name": "Ringwood East",
      "countryCode": "AU",
      "stateCode": "VIC"
   },
   {
      "name": "Ringwood North",
      "countryCode": "AU",
      "stateCode": "VIC"
   },
   {
      "name": "Ripponlea",
      "countryCode": "AU",
      "stateCode": "VIC"
   },
   {
      "name": "Robinvale",
      "countryCode": "AU",
      "stateCode": "VIC"
   },
   {
      "name": "Rochester",
      "countryCode": "AU",
      "stateCode": "VIC"
   },
   {
      "name": "Rockbank",
      "countryCode": "AU",
      "stateCode": "VIC"
   },
   {
      "name": "Romsey",
      "countryCode": "AU",
      "stateCode": "VIC"
   },
   {
      "name": "Rosanna",
      "countryCode": "AU",
      "stateCode": "VIC"
   },
   {
      "name": "Rosebud",
      "countryCode": "AU",
      "stateCode": "VIC"
   },
   {
      "name": "Rosebud West",
      "countryCode": "AU",
      "stateCode": "VIC"
   },
   {
      "name": "Rosedale",
      "countryCode": "AU",
      "stateCode": "VIC"
   },
   {
      "name": "Ross Creek",
      "countryCode": "AU",
      "stateCode": "VIC"
   },
   {
      "name": "Rowville",
      "countryCode": "AU",
      "stateCode": "VIC"
   },
   {
      "name": "Roxburgh Park",
      "countryCode": "AU",
      "stateCode": "VIC"
   },
   {
      "name": "Rushworth",
      "countryCode": "AU",
      "stateCode": "VIC"
   },
   {
      "name": "Rutherglen",
      "countryCode": "AU",
      "stateCode": "VIC"
   },
   {
      "name": "Rye",
      "countryCode": "AU",
      "stateCode": "VIC"
   },
   {
      "name": "Safety Beach",
      "countryCode": "AU",
      "stateCode": "VIC"
   },
   {
      "name": "Saint Albans",
      "countryCode": "AU",
      "stateCode": "VIC"
   },
   {
      "name": "Saint Andrews",
      "countryCode": "AU",
      "stateCode": "VIC"
   },
   {
      "name": "Saint Andrews Beach",
      "countryCode": "AU",
      "stateCode": "VIC"
   },
   {
      "name": "Saint Helena",
      "countryCode": "AU",
      "stateCode": "VIC"
   },
   {
      "name": "Saint Kilda",
      "countryCode": "AU",
      "stateCode": "VIC"
   },
   {
      "name": "Saint Leonards",
      "countryCode": "AU",
      "stateCode": "VIC"
   },
   {
      "name": "Sale",
      "countryCode": "AU",
      "stateCode": "VIC"
   },
   {
      "name": "San Remo",
      "countryCode": "AU",
      "stateCode": "VIC"
   },
   {
      "name": "Sandhurst",
      "countryCode": "AU",
      "stateCode": "VIC"
   },
   {
      "name": "Sandringham",
      "countryCode": "AU",
      "stateCode": "VIC"
   },
   {
      "name": "Sassafras",
      "countryCode": "AU",
      "stateCode": "VIC"
   },
   {
      "name": "Scoresby",
      "countryCode": "AU",
      "stateCode": "VIC"
   },
   {
      "name": "Seabrook",
      "countryCode": "AU",
      "stateCode": "VIC"
   },
   {
      "name": "Seaford",
      "countryCode": "AU",
      "stateCode": "VIC"
   },
   {
      "name": "Seaholme",
      "countryCode": "AU",
      "stateCode": "VIC"
   },
   {
      "name": "Sebastopol",
      "countryCode": "AU",
      "stateCode": "VIC"
   },
   {
      "name": "Seddon",
      "countryCode": "AU",
      "stateCode": "VIC"
   },
   {
      "name": "Selby",
      "countryCode": "AU",
      "stateCode": "VIC"
   },
   {
      "name": "Seville",
      "countryCode": "AU",
      "stateCode": "VIC"
   },
   {
      "name": "Seymour",
      "countryCode": "AU",
      "stateCode": "VIC"
   },
   {
      "name": "Shepparton",
      "countryCode": "AU",
      "stateCode": "VIC"
   },
   {
      "name": "Shepparton East",
      "countryCode": "AU",
      "stateCode": "VIC"
   },
   {
      "name": "Silvan",
      "countryCode": "AU",
      "stateCode": "VIC"
   },
   {
      "name": "Skye",
      "countryCode": "AU",
      "stateCode": "VIC"
   },
   {
      "name": "Smythes Creek",
      "countryCode": "AU",
      "stateCode": "VIC"
   },
   {
      "name": "Smythesdale",
      "countryCode": "AU",
      "stateCode": "VIC"
   },
   {
      "name": "Soldiers Hill",
      "countryCode": "AU",
      "stateCode": "VIC"
   },
   {
      "name": "Somers",
      "countryCode": "AU",
      "stateCode": "VIC"
   },
   {
      "name": "Somerville",
      "countryCode": "AU",
      "stateCode": "VIC"
   },
   {
      "name": "Sorrento",
      "countryCode": "AU",
      "stateCode": "VIC"
   },
   {
      "name": "South Gippsland",
      "countryCode": "AU",
      "stateCode": "VIC"
   },
   {
      "name": "South Kingsville",
      "countryCode": "AU",
      "stateCode": "VIC"
   },
   {
      "name": "South Melbourne",
      "countryCode": "AU",
      "stateCode": "VIC"
   },
   {
      "name": "South Morang",
      "countryCode": "AU",
      "stateCode": "VIC"
   },
   {
      "name": "South Yarra",
      "countryCode": "AU",
      "stateCode": "VIC"
   },
   {
      "name": "Southbank",
      "countryCode": "AU",
      "stateCode": "VIC"
   },
   {
      "name": "Southern Grampians",
      "countryCode": "AU",
      "stateCode": "VIC"
   },
   {
      "name": "Spotswood",
      "countryCode": "AU",
      "stateCode": "VIC"
   },
   {
      "name": "Springvale",
      "countryCode": "AU",
      "stateCode": "VIC"
   },
   {
      "name": "Springvale South",
      "countryCode": "AU",
      "stateCode": "VIC"
   },
   {
      "name": "St Albans Park",
      "countryCode": "AU",
      "stateCode": "VIC"
   },
   {
      "name": "St Helena",
      "countryCode": "AU",
      "stateCode": "VIC"
   },
   {
      "name": "St Kilda East",
      "countryCode": "AU",
      "stateCode": "VIC"
   },
   {
      "name": "St Kilda West",
      "countryCode": "AU",
      "stateCode": "VIC"
   },
   {
      "name": "Stawell",
      "countryCode": "AU",
      "stateCode": "VIC"
   },
   {
      "name": "Stonnington",
      "countryCode": "AU",
      "stateCode": "VIC"
   },
   {
      "name": "Stratford",
      "countryCode": "AU",
      "stateCode": "VIC"
   },
   {
      "name": "Strathbogie",
      "countryCode": "AU",
      "stateCode": "VIC"
   },
   {
      "name": "Strathdale",
      "countryCode": "AU",
      "stateCode": "VIC"
   },
   {
      "name": "Strathfieldsaye",
      "countryCode": "AU",
      "stateCode": "VIC"
   },
   {
      "name": "Strathmerton",
      "countryCode": "AU",
      "stateCode": "VIC"
   },
   {
      "name": "Strathmore",
      "countryCode": "AU",
      "stateCode": "VIC"
   },
   {
      "name": "Sunbury",
      "countryCode": "AU",
      "stateCode": "VIC"
   },
   {
      "name": "Sunshine",
      "countryCode": "AU",
      "stateCode": "VIC"
   },
   {
      "name": "Sunshine North",
      "countryCode": "AU",
      "stateCode": "VIC"
   },
   {
      "name": "Sunshine West",
      "countryCode": "AU",
      "stateCode": "VIC"
   },
   {
      "name": "Surf Coast",
      "countryCode": "AU",
      "stateCode": "VIC"
   },
   {
      "name": "Surrey Hills",
      "countryCode": "AU",
      "stateCode": "VIC"
   },
   {
      "name": "Swan Hill",
      "countryCode": "AU",
      "stateCode": "VIC"
   },
   {
      "name": "Sydenham",
      "countryCode": "AU",
      "stateCode": "VIC"
   },
   {
      "name": "Tallangatta",
      "countryCode": "AU",
      "stateCode": "VIC"
   },
   {
      "name": "Tarneit",
      "countryCode": "AU",
      "stateCode": "VIC"
   },
   {
      "name": "Tatura",
      "countryCode": "AU",
      "stateCode": "VIC"
   },
   {
      "name": "Taylors Hill",
      "countryCode": "AU",
      "stateCode": "VIC"
   },
   {
      "name": "Taylors Lakes",
      "countryCode": "AU",
      "stateCode": "VIC"
   },
   {
      "name": "Tecoma",
      "countryCode": "AU",
      "stateCode": "VIC"
   },
   {
      "name": "Teesdale",
      "countryCode": "AU",
      "stateCode": "VIC"
   },
   {
      "name": "Templestowe",
      "countryCode": "AU",
      "stateCode": "VIC"
   },
   {
      "name": "Templestowe Lower",
      "countryCode": "AU",
      "stateCode": "VIC"
   },
   {
      "name": "Terang",
      "countryCode": "AU",
      "stateCode": "VIC"
   },
   {
      "name": "The Basin",
      "countryCode": "AU",
      "stateCode": "VIC"
   },
   {
      "name": "The Patch",
      "countryCode": "AU",
      "stateCode": "VIC"
   },
   {
      "name": "Thomastown",
      "countryCode": "AU",
      "stateCode": "VIC"
   },
   {
      "name": "Thomson",
      "countryCode": "AU",
      "stateCode": "VIC"
   },
   {
      "name": "Thornbury",
      "countryCode": "AU",
      "stateCode": "VIC"
   },
   {
      "name": "Timboon",
      "countryCode": "AU",
      "stateCode": "VIC"
   },
   {
      "name": "Tongala",
      "countryCode": "AU",
      "stateCode": "VIC"
   },
   {
      "name": "Tooradin",
      "countryCode": "AU",
      "stateCode": "VIC"
   },
   {
      "name": "Toorak",
      "countryCode": "AU",
      "stateCode": "VIC"
   },
   {
      "name": "Tootgarook",
      "countryCode": "AU",
      "stateCode": "VIC"
   },
   {
      "name": "Torquay",
      "countryCode": "AU",
      "stateCode": "VIC"
   },
   {
      "name": "Towong",
      "countryCode": "AU",
      "stateCode": "VIC"
   },
   {
      "name": "Trafalgar",
      "countryCode": "AU",
      "stateCode": "VIC"
   },
   {
      "name": "Traralgon",
      "countryCode": "AU",
      "stateCode": "VIC"
   },
   {
      "name": "Travancore",
      "countryCode": "AU",
      "stateCode": "VIC"
   },
   {
      "name": "Trentham",
      "countryCode": "AU",
      "stateCode": "VIC"
   },
   {
      "name": "Truganina",
      "countryCode": "AU",
      "stateCode": "VIC"
   },
   {
      "name": "Tullamarine",
      "countryCode": "AU",
      "stateCode": "VIC"
   },
   {
      "name": "Tyabb",
      "countryCode": "AU",
      "stateCode": "VIC"
   },
   {
      "name": "Upwey",
      "countryCode": "AU",
      "stateCode": "VIC"
   },
   {
      "name": "Vermont",
      "countryCode": "AU",
      "stateCode": "VIC"
   },
   {
      "name": "Vermont South",
      "countryCode": "AU",
      "stateCode": "VIC"
   },
   {
      "name": "Viewbank",
      "countryCode": "AU",
      "stateCode": "VIC"
   },
   {
      "name": "Wahgunyah",
      "countryCode": "AU",
      "stateCode": "VIC"
   },
   {
      "name": "Wallan",
      "countryCode": "AU",
      "stateCode": "VIC"
   },
   {
      "name": "Wallington",
      "countryCode": "AU",
      "stateCode": "VIC"
   },
   {
      "name": "Wandana Heights",
      "countryCode": "AU",
      "stateCode": "VIC"
   },
   {
      "name": "Wandin North",
      "countryCode": "AU",
      "stateCode": "VIC"
   },
   {
      "name": "Wandong",
      "countryCode": "AU",
      "stateCode": "VIC"
   },
   {
      "name": "Wangaratta",
      "countryCode": "AU",
      "stateCode": "VIC"
   },
   {
      "name": "Wantirna",
      "countryCode": "AU",
      "stateCode": "VIC"
   },
   {
      "name": "Wantirna South",
      "countryCode": "AU",
      "stateCode": "VIC"
   },
   {
      "name": "Warburton",
      "countryCode": "AU",
      "stateCode": "VIC"
   },
   {
      "name": "Warracknabeal",
      "countryCode": "AU",
      "stateCode": "VIC"
   },
   {
      "name": "Warragul",
      "countryCode": "AU",
      "stateCode": "VIC"
   },
   {
      "name": "Warrandyte",
      "countryCode": "AU",
      "stateCode": "VIC"
   },
   {
      "name": "Warranwood",
      "countryCode": "AU",
      "stateCode": "VIC"
   },
   {
      "name": "Warrnambool",
      "countryCode": "AU",
      "stateCode": "VIC"
   },
   {
      "name": "Waterways",
      "countryCode": "AU",
      "stateCode": "VIC"
   },
   {
      "name": "Watsonia",
      "countryCode": "AU",
      "stateCode": "VIC"
   },
   {
      "name": "Watsonia North",
      "countryCode": "AU",
      "stateCode": "VIC"
   },
   {
      "name": "Wattleglen",
      "countryCode": "AU",
      "stateCode": "VIC"
   },
   {
      "name": "Waurn Ponds",
      "countryCode": "AU",
      "stateCode": "VIC"
   },
   {
      "name": "Wellington",
      "countryCode": "AU",
      "stateCode": "VIC"
   },
   {
      "name": "Wendouree",
      "countryCode": "AU",
      "stateCode": "VIC"
   },
   {
      "name": "Werribee",
      "countryCode": "AU",
      "stateCode": "VIC"
   },
   {
      "name": "Werribee South",
      "countryCode": "AU",
      "stateCode": "VIC"
   },
   {
      "name": "Wesburn",
      "countryCode": "AU",
      "stateCode": "VIC"
   },
   {
      "name": "West Footscray",
      "countryCode": "AU",
      "stateCode": "VIC"
   },
   {
      "name": "West Melbourne",
      "countryCode": "AU",
      "stateCode": "VIC"
   },
   {
      "name": "West Wimmera",
      "countryCode": "AU",
      "stateCode": "VIC"
   },
   {
      "name": "West Wodonga",
      "countryCode": "AU",
      "stateCode": "VIC"
   },
   {
      "name": "Westmeadows",
      "countryCode": "AU",
      "stateCode": "VIC"
   },
   {
      "name": "Wheelers Hill",
      "countryCode": "AU",
      "stateCode": "VIC"
   },
   {
      "name": "White Hills",
      "countryCode": "AU",
      "stateCode": "VIC"
   },
   {
      "name": "Whitehorse",
      "countryCode": "AU",
      "stateCode": "VIC"
   },
   {
      "name": "Whittington",
      "countryCode": "AU",
      "stateCode": "VIC"
   },
   {
      "name": "Whittlesea",
      "countryCode": "AU",
      "stateCode": "VIC"
   },
   {
      "name": "Williams Landing",
      "countryCode": "AU",
      "stateCode": "VIC"
   },
   {
      "name": "Williamstown",
      "countryCode": "AU",
      "stateCode": "VIC"
   },
   {
      "name": "Williamstown North",
      "countryCode": "AU",
      "stateCode": "VIC"
   },
   {
      "name": "Winchelsea",
      "countryCode": "AU",
      "stateCode": "VIC"
   },
   {
      "name": "Windsor",
      "countryCode": "AU",
      "stateCode": "VIC"
   },
   {
      "name": "Wodonga",
      "countryCode": "AU",
      "stateCode": "VIC"
   },
   {
      "name": "Wollert",
      "countryCode": "AU",
      "stateCode": "VIC"
   },
   {
      "name": "Wonga Park",
      "countryCode": "AU",
      "stateCode": "VIC"
   },
   {
      "name": "Wonthaggi",
      "countryCode": "AU",
      "stateCode": "VIC"
   },
   {
      "name": "Woodend",
      "countryCode": "AU",
      "stateCode": "VIC"
   },
   {
      "name": "Woori Yallock",
      "countryCode": "AU",
      "stateCode": "VIC"
   },
   {
      "name": "Wurruk",
      "countryCode": "AU",
      "stateCode": "VIC"
   },
   {
      "name": "Wy Yung",
      "countryCode": "AU",
      "stateCode": "VIC"
   },
   {
      "name": "Wyndham",
      "countryCode": "AU",
      "stateCode": "VIC"
   },
   {
      "name": "Wyndham Vale",
      "countryCode": "AU",
      "stateCode": "VIC"
   },
   {
      "name": "Yackandandah",
      "countryCode": "AU",
      "stateCode": "VIC"
   },
   {
      "name": "Yallambie",
      "countryCode": "AU",
      "stateCode": "VIC"
   },
   {
      "name": "Yallourn North",
      "countryCode": "AU",
      "stateCode": "VIC"
   },
   {
      "name": "Yarra",
      "countryCode": "AU",
      "stateCode": "VIC"
   },
   {
      "name": "Yarra Glen",
      "countryCode": "AU",
      "stateCode": "VIC"
   },
   {
      "name": "Yarra Junction",
      "countryCode": "AU",
      "stateCode": "VIC"
   },
   {
      "name": "Yarra Ranges",
      "countryCode": "AU",
      "stateCode": "VIC"
   },
   {
      "name": "Yarragon",
      "countryCode": "AU",
      "stateCode": "VIC"
   },
   {
      "name": "Yarram",
      "countryCode": "AU",
      "stateCode": "VIC"
   },
   {
      "name": "Yarrambat",
      "countryCode": "AU",
      "stateCode": "VIC"
   },
   {
      "name": "Yarraville",
      "countryCode": "AU",
      "stateCode": "VIC"
   },
   {
      "name": "Yarrawonga",
      "countryCode": "AU",
      "stateCode": "VIC"
   },
   {
      "name": "Yarriambiack",
      "countryCode": "AU",
      "stateCode": "VIC"
   },
   {
      "name": "Yea",
      "countryCode": "AU",
      "stateCode": "VIC"
   }
]