[
   {
      "name": "Alto de Jesús",
      "countryCode": "PA",
      "stateCode": "9",
      "latitude": "8.26152000",
      "longitude": "-81.48412000"
   },
   {
      "name": "Arenas",
      "countryCode": "PA",
      "stateCode": "9",
      "latitude": "7.36865000",
      "longitude": "-80.86268000"
   },
   {
      "name": "Atalaya",
      "countryCode": "PA",
      "stateCode": "9",
      "latitude": "8.04213000",
      "longitude": "-80.92528000"
   },
   {
      "name": "Barnizal",
      "countryCode": "PA",
      "stateCode": "9",
      "latitude": "8.40460000",
      "longitude": "-80.77765000"
   },
   {
      "name": "Bisvalles",
      "countryCode": "PA",
      "stateCode": "9",
      "latitude": "8.18298000",
      "longitude": "-81.22092000"
   },
   {
      "name": "Boquerón",
      "countryCode": "PA",
      "stateCode": "9",
      "latitude": "8.24414000",
      "longitude": "-80.85897000"
   },
   {
      "name": "Boró",
      "countryCode": "PA",
      "stateCode": "9",
      "latitude": "8.16933000",
      "longitude": "-81.30071000"
   },
   {
      "name": "Calabacito",
      "countryCode": "PA",
      "stateCode": "9",
      "latitude": "8.24817000",
      "longitude": "-81.08187000"
   },
   {
      "name": "Calidonia",
      "countryCode": "PA",
      "stateCode": "9",
      "latitude": "7.95756000",
      "longitude": "-81.38633000"
   },
   {
      "name": "Calobre",
      "countryCode": "PA",
      "stateCode": "9",
      "latitude": "8.31886000",
      "longitude": "-80.84067000"
   },
   {
      "name": "Calovébora",
      "countryCode": "PA",
      "stateCode": "9",
      "latitude": "8.78703000",
      "longitude": "-81.21056000"
   },
   {
      "name": "Canto del Llano",
      "countryCode": "PA",
      "stateCode": "9",
      "latitude": "8.12472000",
      "longitude": "-80.96374000"
   },
   {
      "name": "Cañazas",
      "countryCode": "PA",
      "stateCode": "9",
      "latitude": "8.32004000",
      "longitude": "-81.21152000"
   },
   {
      "name": "Corozal",
      "countryCode": "PA",
      "stateCode": "9",
      "latitude": "8.07712000",
      "longitude": "-81.43990000"
   },
   {
      "name": "Distrito de Atalaya",
      "countryCode": "PA",
      "stateCode": "9",
      "latitude": "8.02899000",
      "longitude": "-80.91739000"
   },
   {
      "name": "Distrito de Calobre",
      "countryCode": "PA",
      "stateCode": "9",
      "latitude": "8.39684000",
      "longitude": "-80.85124000"
   },
   {
      "name": "Distrito de Cañazas",
      "countryCode": "PA",
      "stateCode": "9",
      "latitude": "8.35596000",
      "longitude": "-81.28633000"
   },
   {
      "name": "Distrito de La Mesa",
      "countryCode": "PA",
      "stateCode": "9",
      "latitude": "8.10976000",
      "longitude": "-81.17767000"
   },
   {
      "name": "Distrito de Las Palmas",
      "countryCode": "PA",
      "stateCode": "9",
      "latitude": "8.14532000",
      "longitude": "-81.42849000"
   },
   {
      "name": "Distrito de Montijo",
      "countryCode": "PA",
      "stateCode": "9",
      "latitude": "7.95316000",
      "longitude": "-81.05301000"
   },
   {
      "name": "Distrito de Río de Jesús",
      "countryCode": "PA",
      "stateCode": "9",
      "latitude": "7.91438000",
      "longitude": "-81.16133000"
   },
   {
      "name": "Distrito de San Francisco",
      "countryCode": "PA",
      "stateCode": "9",
      "latitude": "8.26965000",
      "longitude": "-81.00108000"
   },
   {
      "name": "Distrito de Santa Fé",
      "countryCode": "PA",
      "stateCode": "9",
      "latitude": "8.72063000",
      "longitude": "-80.95858000"
   },
   {
      "name": "Distrito de Santiago",
      "countryCode": "PA",
      "stateCode": "9",
      "latitude": "8.12425000",
      "longitude": "-80.87827000"
   },
   {
      "name": "Distrito de Soná",
      "countryCode": "PA",
      "stateCode": "9",
      "latitude": "7.84378000",
      "longitude": "-81.36612000"
   },
   {
      "name": "El Alto",
      "countryCode": "PA",
      "stateCode": "9",
      "latitude": "8.51191000",
      "longitude": "-81.03646000"
   },
   {
      "name": "El Barrito",
      "countryCode": "PA",
      "stateCode": "9",
      "latitude": "7.96059000",
      "longitude": "-80.94801000"
   },
   {
      "name": "El Coclá",
      "countryCode": "PA",
      "stateCode": "9",
      "latitude": "8.32143000",
      "longitude": "-80.92069000"
   },
   {
      "name": "El Espino de Santa Rosa",
      "countryCode": "PA",
      "stateCode": "9",
      "latitude": "8.09286000",
      "longitude": "-80.82380000"
   },
   {
      "name": "El Marañón",
      "countryCode": "PA",
      "stateCode": "9",
      "latitude": "8.03582000",
      "longitude": "-81.21489000"
   },
   {
      "name": "El María",
      "countryCode": "PA",
      "stateCode": "9",
      "latitude": "8.02905000",
      "longitude": "-81.44384000"
   },
   {
      "name": "El Pantano",
      "countryCode": "PA",
      "stateCode": "9",
      "latitude": "8.53755000",
      "longitude": "-81.06941000"
   },
   {
      "name": "El Peñón",
      "countryCode": "PA",
      "stateCode": "9",
      "latitude": "8.35000000",
      "longitude": "-80.97620000"
   },
   {
      "name": "El Picador",
      "countryCode": "PA",
      "stateCode": "9",
      "latitude": "8.37803000",
      "longitude": "-81.25621000"
   },
   {
      "name": "El Potrero",
      "countryCode": "PA",
      "stateCode": "9",
      "latitude": "8.37692000",
      "longitude": "-80.79434000"
   },
   {
      "name": "El Pájaro",
      "countryCode": "PA",
      "stateCode": "9",
      "latitude": "7.95342000",
      "longitude": "-81.12154000"
   },
   {
      "name": "El Rincón",
      "countryCode": "PA",
      "stateCode": "9",
      "latitude": "8.18422000",
      "longitude": "-81.43333000"
   },
   {
      "name": "El Uvito",
      "countryCode": "PA",
      "stateCode": "9",
      "latitude": "8.11648000",
      "longitude": "-80.98461000"
   },
   {
      "name": "Guarumal",
      "countryCode": "PA",
      "stateCode": "9",
      "latitude": "7.79404000",
      "longitude": "-81.25904000"
   },
   {
      "name": "La Colorada",
      "countryCode": "PA",
      "stateCode": "9",
      "latitude": "8.01319000",
      "longitude": "-80.98590000"
   },
   {
      "name": "La Garceana",
      "countryCode": "PA",
      "stateCode": "9",
      "latitude": "7.93708000",
      "longitude": "-81.01643000"
   },
   {
      "name": "La Laguna",
      "countryCode": "PA",
      "stateCode": "9",
      "latitude": "8.33882000",
      "longitude": "-80.72949000"
   },
   {
      "name": "La Loma",
      "countryCode": "PA",
      "stateCode": "9",
      "latitude": "7.43708000",
      "longitude": "-80.89118000"
   },
   {
      "name": "La Mesa",
      "countryCode": "PA",
      "stateCode": "9",
      "latitude": "8.14707000",
      "longitude": "-81.18114000"
   },
   {
      "name": "La Montañuela",
      "countryCode": "PA",
      "stateCode": "9",
      "latitude": "8.02487000",
      "longitude": "-80.86325000"
   },
   {
      "name": "La Peña",
      "countryCode": "PA",
      "stateCode": "9",
      "latitude": "8.12784000",
      "longitude": "-81.02693000"
   },
   {
      "name": "La Raya de Calobre",
      "countryCode": "PA",
      "stateCode": "9",
      "latitude": "8.21630000",
      "longitude": "-80.82729000"
   },
   {
      "name": "La Raya de Santa María",
      "countryCode": "PA",
      "stateCode": "9",
      "latitude": "8.16429000",
      "longitude": "-80.82143000"
   },
   {
      "name": "La Yeguada",
      "countryCode": "PA",
      "stateCode": "9",
      "latitude": "8.43060000",
      "longitude": "-80.85752000"
   },
   {
      "name": "Las Guías Abajo",
      "countryCode": "PA",
      "stateCode": "9",
      "latitude": "8.19451000",
      "longitude": "-80.75494000"
   },
   {
      "name": "Las Huacas",
      "countryCode": "PA",
      "stateCode": "9",
      "latitude": "7.90167000",
      "longitude": "-81.14056000"
   },
   {
      "name": "Las Palmas",
      "countryCode": "PA",
      "stateCode": "9",
      "latitude": "8.13564000",
      "longitude": "-81.45674000"
   },
   {
      "name": "Leones Arriba",
      "countryCode": "PA",
      "stateCode": "9",
      "latitude": "7.75415000",
      "longitude": "-81.11556000"
   },
   {
      "name": "Llano Grande",
      "countryCode": "PA",
      "stateCode": "9",
      "latitude": "8.07473000",
      "longitude": "-81.13626000"
   },
   {
      "name": "Lolá",
      "countryCode": "PA",
      "stateCode": "9",
      "latitude": "8.09326000",
      "longitude": "-81.47163000"
   },
   {
      "name": "Los Algarrobos",
      "countryCode": "PA",
      "stateCode": "9",
      "latitude": "8.10898000",
      "longitude": "-81.01355000"
   },
   {
      "name": "Los Castillos",
      "countryCode": "PA",
      "stateCode": "9",
      "latitude": "8.02326000",
      "longitude": "-81.11941000"
   },
   {
      "name": "Los Higos",
      "countryCode": "PA",
      "stateCode": "9",
      "latitude": "8.20553000",
      "longitude": "-80.86022000"
   },
   {
      "name": "Mariato District",
      "countryCode": "PA",
      "stateCode": "9",
      "latitude": "7.67810000",
      "longitude": "-81.00409000"
   },
   {
      "name": "Monjarás",
      "countryCode": "PA",
      "stateCode": "9",
      "latitude": "8.36942000",
      "longitude": "-80.86667000"
   },
   {
      "name": "Montijo",
      "countryCode": "PA",
      "stateCode": "9",
      "latitude": "7.98858000",
      "longitude": "-81.05643000"
   },
   {
      "name": "Piedras Gordas",
      "countryCode": "PA",
      "stateCode": "9",
      "latitude": "8.52419000",
      "longitude": "-80.91152000"
   },
   {
      "name": "Ponuga",
      "countryCode": "PA",
      "stateCode": "9",
      "latitude": "7.88245000",
      "longitude": "-80.97880000"
   },
   {
      "name": "Puerto Vidal",
      "countryCode": "PA",
      "stateCode": "9",
      "latitude": "8.04834000",
      "longitude": "-81.60499000"
   },
   {
      "name": "Quebrada de Oro",
      "countryCode": "PA",
      "stateCode": "9",
      "latitude": "8.03548000",
      "longitude": "-81.38692000"
   },
   {
      "name": "Rodeo Viejo",
      "countryCode": "PA",
      "stateCode": "9",
      "latitude": "8.11205000",
      "longitude": "-81.31684000"
   },
   {
      "name": "Río Grande",
      "countryCode": "PA",
      "stateCode": "9",
      "latitude": "7.71907000",
      "longitude": "-81.33423000"
   },
   {
      "name": "Río de Jesús",
      "countryCode": "PA",
      "stateCode": "9",
      "latitude": "7.97882000",
      "longitude": "-81.16162000"
   },
   {
      "name": "San Bartolo",
      "countryCode": "PA",
      "stateCode": "9",
      "latitude": "8.21063000",
      "longitude": "-81.27572000"
   },
   {
      "name": "San Francisco",
      "countryCode": "PA",
      "stateCode": "9",
      "latitude": "8.06667000",
      "longitude": "-81.36667000"
   },
   {
      "name": "San José",
      "countryCode": "PA",
      "stateCode": "9",
      "latitude": "8.46704000",
      "longitude": "-80.80514000"
   },
   {
      "name": "San Juan",
      "countryCode": "PA",
      "stateCode": "9",
      "latitude": "8.30311000",
      "longitude": "-81.01575000"
   },
   {
      "name": "San Marcelo",
      "countryCode": "PA",
      "stateCode": "9",
      "latitude": "8.27252000",
      "longitude": "-81.15988000"
   },
   {
      "name": "San Pedro del Espino",
      "countryCode": "PA",
      "stateCode": "9",
      "latitude": "8.14011000",
      "longitude": "-81.08663000"
   },
   {
      "name": "Santa Fé",
      "countryCode": "PA",
      "stateCode": "9",
      "latitude": "8.51063000",
      "longitude": "-81.07802000"
   },
   {
      "name": "Santiago de Veraguas",
      "countryCode": "PA",
      "stateCode": "9",
      "latitude": "8.10000000",
      "longitude": "-80.98333000"
   },
   {
      "name": "Soná",
      "countryCode": "PA",
      "stateCode": "9",
      "latitude": "8.01223000",
      "longitude": "-81.32163000"
   },
   {
      "name": "Tebario",
      "countryCode": "PA",
      "stateCode": "9",
      "latitude": "7.71369000",
      "longitude": "-80.97825000"
   },
   {
      "name": "Utirá",
      "countryCode": "PA",
      "stateCode": "9",
      "latitude": "7.97208000",
      "longitude": "-81.21777000"
   },
   {
      "name": "Viguí",
      "countryCode": "PA",
      "stateCode": "9",
      "latitude": "8.33921000",
      "longitude": "-81.49823000"
   },
   {
      "name": "Zapotillo",
      "countryCode": "PA",
      "stateCode": "9",
      "latitude": "8.00532000",
      "longitude": "-81.50653000"
   }
]