[
   {
      "name": "Abbateggio",
      "countryCode": "IT",
      "stateCode": "65"
   },
   {
      "name": "Acciano",
      "countryCode": "IT",
      "stateCode": "65"
   },
   {
      "name": "Aielli",
      "countryCode": "IT",
      "stateCode": "65"
   },
   {
      "name": "Alanno",
      "countryCode": "IT",
      "stateCode": "65"
   },
   {
      "name": "Alba Adriatica",
      "countryCode": "IT",
      "stateCode": "65"
   },
   {
      "name": "Alfedena",
      "countryCode": "IT",
      "stateCode": "65"
   },
   {
      "name": "Altino",
      "countryCode": "IT",
      "stateCode": "65"
   },
   {
      "name": "Ancarano",
      "countryCode": "IT",
      "stateCode": "65"
   },
   {
      "name": "Anversa degli Abruzzi",
      "countryCode": "IT",
      "stateCode": "65"
   },
   {
      "name": "Archi",
      "countryCode": "IT",
      "stateCode": "65"
   },
   {
      "name": "Ari",
      "countryCode": "IT",
      "stateCode": "65"
   },
   {
      "name": "Arielli",
      "countryCode": "IT",
      "stateCode": "65"
   },
   {
      "name": "Arsita",
      "countryCode": "IT",
      "stateCode": "65"
   },
   {
      "name": "Ateleta",
      "countryCode": "IT",
      "stateCode": "65"
   },
   {
      "name": "Atessa",
      "countryCode": "IT",
      "stateCode": "65"
   },
   {
      "name": "Atri",
      "countryCode": "IT",
      "stateCode": "65"
   },
   {
      "name": "Avezzano",
      "countryCode": "IT",
      "stateCode": "65"
   },
   {
      "name": "Balsorano",
      "countryCode": "IT",
      "stateCode": "65"
   },
   {
      "name": "Balsorano Nuovo",
      "countryCode": "IT",
      "stateCode": "65"
   },
   {
      "name": "Barberi",
      "countryCode": "IT",
      "stateCode": "65"
   },
   {
      "name": "Barete",
      "countryCode": "IT",
      "stateCode": "65"
   },
   {
      "name": "Barisciano",
      "countryCode": "IT",
      "stateCode": "65"
   },
   {
      "name": "Barrea",
      "countryCode": "IT",
      "stateCode": "65"
   },
   {
      "name": "Basciano",
      "countryCode": "IT",
      "stateCode": "65"
   },
   {
      "name": "Bellante",
      "countryCode": "IT",
      "stateCode": "65"
   },
   {
      "name": "Bellante Stazione",
      "countryCode": "IT",
      "stateCode": "65"
   },
   {
      "name": "Bisegna",
      "countryCode": "IT",
      "stateCode": "65"
   },
   {
      "name": "Bisenti",
      "countryCode": "IT",
      "stateCode": "65"
   },
   {
      "name": "Bolognano",
      "countryCode": "IT",
      "stateCode": "65"
   },
   {
      "name": "Bomba",
      "countryCode": "IT",
      "stateCode": "65"
   },
   {
      "name": "Borgo Santa Maria Immacolata",
      "countryCode": "IT",
      "stateCode": "65"
   },
   {
      "name": "Borrello",
      "countryCode": "IT",
      "stateCode": "65"
   },
   {
      "name": "Brittoli",
      "countryCode": "IT",
      "stateCode": "65"
   },
   {
      "name": "Bucchianico",
      "countryCode": "IT",
      "stateCode": "65"
   },
   {
      "name": "Bugnara",
      "countryCode": "IT",
      "stateCode": "65"
   },
   {
      "name": "Bussi sul Tirino",
      "countryCode": "IT",
      "stateCode": "65"
   },
   {
      "name": "Cagnano Amiterno",
      "countryCode": "IT",
      "stateCode": "65"
   },
   {
      "name": "Calascio",
      "countryCode": "IT",
      "stateCode": "65"
   },
   {
      "name": "Campli",
      "countryCode": "IT",
      "stateCode": "65"
   },
   {
      "name": "Campo di Giove",
      "countryCode": "IT",
      "stateCode": "65"
   },
   {
      "name": "Campotosto",
      "countryCode": "IT",
      "stateCode": "65"
   },
   {
      "name": "Canistro Inferiore",
      "countryCode": "IT",
      "stateCode": "65"
   },
   {
      "name": "Canosa Sannita",
      "countryCode": "IT",
      "stateCode": "65"
   },
   {
      "name": "Cansano",
      "countryCode": "IT",
      "stateCode": "65"
   },
   {
      "name": "Canzano",
      "countryCode": "IT",
      "stateCode": "65"
   },
   {
      "name": "Capestrano",
      "countryCode": "IT",
      "stateCode": "65"
   },
   {
      "name": "Capistrello",
      "countryCode": "IT",
      "stateCode": "65"
   },
   {
      "name": "Capitignano",
      "countryCode": "IT",
      "stateCode": "65"
   },
   {
      "name": "Caporciano",
      "countryCode": "IT",
      "stateCode": "65"
   },
   {
      "name": "Cappadocia",
      "countryCode": "IT",
      "stateCode": "65"
   },
   {
      "name": "Cappelle sul Tavo",
      "countryCode": "IT",
      "stateCode": "65"
   },
   {
      "name": "Caramanico Terme",
      "countryCode": "IT",
      "stateCode": "65"
   },
   {
      "name": "Carapelle Calvisio",
      "countryCode": "IT",
      "stateCode": "65"
   },
   {
      "name": "Carpineto Sinello",
      "countryCode": "IT",
      "stateCode": "65"
   },
   {
      "name": "Carpineto della Nora",
      "countryCode": "IT",
      "stateCode": "65"
   },
   {
      "name": "Carsoli",
      "countryCode": "IT",
      "stateCode": "65"
   },
   {
      "name": "Carunchio",
      "countryCode": "IT",
      "stateCode": "65"
   },
   {
      "name": "Casacanditella",
      "countryCode": "IT",
      "stateCode": "65"
   },
   {
      "name": "Casalanguida",
      "countryCode": "IT",
      "stateCode": "65"
   },
   {
      "name": "Casalbordino-Miracoli",
      "countryCode": "IT",
      "stateCode": "65"
   },
   {
      "name": "Casalincontrada",
      "countryCode": "IT",
      "stateCode": "65"
   },
   {
      "name": "Casoli",
      "countryCode": "IT",
      "stateCode": "65"
   },
   {
      "name": "Castel Castagna",
      "countryCode": "IT",
      "stateCode": "65"
   },
   {
      "name": "Castel Frentano",
      "countryCode": "IT",
      "stateCode": "65"
   },
   {
      "name": "Castel del Monte",
      "countryCode": "IT",
      "stateCode": "65"
   },
   {
      "name": "Castel di Ieri",
      "countryCode": "IT",
      "stateCode": "65"
   },
   {
      "name": "Castel di Sangro",
      "countryCode": "IT",
      "stateCode": "65"
   },
   {
      "name": "Castelguidone",
      "countryCode": "IT",
      "stateCode": "65"
   },
   {
      "name": "Castellafiume",
      "countryCode": "IT",
      "stateCode": "65"
   },
   {
      "name": "Castellalto",
      "countryCode": "IT",
      "stateCode": "65"
   },
   {
      "name": "Castelli",
      "countryCode": "IT",
      "stateCode": "65"
   },
   {
      "name": "Castelnuovo Vomano",
      "countryCode": "IT",
      "stateCode": "65"
   },
   {
      "name": "Castelvecchio Calvisio",
      "countryCode": "IT",
      "stateCode": "65"
   },
   {
      "name": "Castelvecchio Subequo",
      "countryCode": "IT",
      "stateCode": "65"
   },
   {
      "name": "Castiglione Messer Marino",
      "countryCode": "IT",
      "stateCode": "65"
   },
   {
      "name": "Castiglione Messer Raimondo",
      "countryCode": "IT",
      "stateCode": "65"
   },
   {
      "name": "Castiglione a Casauria",
      "countryCode": "IT",
      "stateCode": "65"
   },
   {
      "name": "Castilenti",
      "countryCode": "IT",
      "stateCode": "65"
   },
   {
      "name": "Catignano",
      "countryCode": "IT",
      "stateCode": "65"
   },
   {
      "name": "Celano",
      "countryCode": "IT",
      "stateCode": "65"
   },
   {
      "name": "Celenza sul Trigno",
      "countryCode": "IT",
      "stateCode": "65"
   },
   {
      "name": "Cellino Attanasio",
      "countryCode": "IT",
      "stateCode": "65"
   },
   {
      "name": "Cepagatti",
      "countryCode": "IT",
      "stateCode": "65"
   },
   {
      "name": "Cerchio",
      "countryCode": "IT",
      "stateCode": "65"
   },
   {
      "name": "Cermignano",
      "countryCode": "IT",
      "stateCode": "65"
   },
   {
      "name": "Cerratina",
      "countryCode": "IT",
      "stateCode": "65"
   },
   {
      "name": "Chieti",
      "countryCode": "IT",
      "stateCode": "65"
   },
   {
      "name": "Città Sant'Angelo",
      "countryCode": "IT",
      "stateCode": "65"
   },
   {
      "name": "Civita d'Antino",
      "countryCode": "IT",
      "stateCode": "65"
   },
   {
      "name": "Civitaluparella",
      "countryCode": "IT",
      "stateCode": "65"
   },
   {
      "name": "Civitaquana",
      "countryCode": "IT",
      "stateCode": "65"
   },
   {
      "name": "Civitella Alfedena",
      "countryCode": "IT",
      "stateCode": "65"
   },
   {
      "name": "Civitella Casanova",
      "countryCode": "IT",
      "stateCode": "65"
   },
   {
      "name": "Civitella Messer Raimondo",
      "countryCode": "IT",
      "stateCode": "65"
   },
   {
      "name": "Civitella Roveto",
      "countryCode": "IT",
      "stateCode": "65"
   },
   {
      "name": "Civitella del Tronto",
      "countryCode": "IT",
      "stateCode": "65"
   },
   {
      "name": "Cocullo",
      "countryCode": "IT",
      "stateCode": "65"
   },
   {
      "name": "Collarmele",
      "countryCode": "IT",
      "stateCode": "65"
   },
   {
      "name": "Collecorvino",
      "countryCode": "IT",
      "stateCode": "65"
   },
   {
      "name": "Colledara",
      "countryCode": "IT",
      "stateCode": "65"
   },
   {
      "name": "Colledimacine",
      "countryCode": "IT",
      "stateCode": "65"
   },
   {
      "name": "Colledimezzo",
      "countryCode": "IT",
      "stateCode": "65"
   },
   {
      "name": "Collelongo",
      "countryCode": "IT",
      "stateCode": "65"
   },
   {
      "name": "Collepietro",
      "countryCode": "IT",
      "stateCode": "65"
   },
   {
      "name": "Colleranesco",
      "countryCode": "IT",
      "stateCode": "65"
   },
   {
      "name": "Cologna Spiaggia",
      "countryCode": "IT",
      "stateCode": "65"
   },
   {
      "name": "Colonnella",
      "countryCode": "IT",
      "stateCode": "65"
   },
   {
      "name": "Cominio",
      "countryCode": "IT",
      "stateCode": "65"
   },
   {
      "name": "Controguerra",
      "countryCode": "IT",
      "stateCode": "65"
   },
   {
      "name": "Coppito",
      "countryCode": "IT",
      "stateCode": "65"
   },
   {
      "name": "Corfinio",
      "countryCode": "IT",
      "stateCode": "65"
   },
   {
      "name": "Corropoli",
      "countryCode": "IT",
      "stateCode": "65"
   },
   {
      "name": "Cortino",
      "countryCode": "IT",
      "stateCode": "65"
   },
   {
      "name": "Corvara",
      "countryCode": "IT",
      "stateCode": "65"
   },
   {
      "name": "Crecchio",
      "countryCode": "IT",
      "stateCode": "65"
   },
   {
      "name": "Crognaleto",
      "countryCode": "IT",
      "stateCode": "65"
   },
   {
      "name": "Cugnoli",
      "countryCode": "IT",
      "stateCode": "65"
   },
   {
      "name": "Cupello",
      "countryCode": "IT",
      "stateCode": "65"
   },
   {
      "name": "Dogliola",
      "countryCode": "IT",
      "stateCode": "65"
   },
   {
      "name": "Elice",
      "countryCode": "IT",
      "stateCode": "65"
   },
   {
      "name": "Fallo",
      "countryCode": "IT",
      "stateCode": "65"
   },
   {
      "name": "Fano Adriano",
      "countryCode": "IT",
      "stateCode": "65"
   },
   {
      "name": "Fara Filiorum Petri",
      "countryCode": "IT",
      "stateCode": "65"
   },
   {
      "name": "Fara San Martino",
      "countryCode": "IT",
      "stateCode": "65"
   },
   {
      "name": "Farindola",
      "countryCode": "IT",
      "stateCode": "65"
   },
   {
      "name": "Filetto",
      "countryCode": "IT",
      "stateCode": "65"
   },
   {
      "name": "Fonte Umano-San Martino Alta",
      "countryCode": "IT",
      "stateCode": "65"
   },
   {
      "name": "Fontecchio",
      "countryCode": "IT",
      "stateCode": "65"
   },
   {
      "name": "Fossa",
      "countryCode": "IT",
      "stateCode": "65"
   },
   {
      "name": "Fossacesia",
      "countryCode": "IT",
      "stateCode": "65"
   },
   {
      "name": "Fraine",
      "countryCode": "IT",
      "stateCode": "65"
   },
   {
      "name": "Francavilla al Mare",
      "countryCode": "IT",
      "stateCode": "65"
   },
   {
      "name": "Fresagrandinaria",
      "countryCode": "IT",
      "stateCode": "65"
   },
   {
      "name": "Frisa",
      "countryCode": "IT",
      "stateCode": "65"
   },
   {
      "name": "Furci",
      "countryCode": "IT",
      "stateCode": "65"
   },
   {
      "name": "Gagliano Aterno",
      "countryCode": "IT",
      "stateCode": "65"
   },
   {
      "name": "Gamberale",
      "countryCode": "IT",
      "stateCode": "65"
   },
   {
      "name": "Gessopalena",
      "countryCode": "IT",
      "stateCode": "65"
   },
   {
      "name": "Gioia dei Marsi",
      "countryCode": "IT",
      "stateCode": "65"
   },
   {
      "name": "Gissi",
      "countryCode": "IT",
      "stateCode": "65"
   },
   {
      "name": "Giuliano Teatino",
      "countryCode": "IT",
      "stateCode": "65"
   },
   {
      "name": "Giulianova",
      "countryCode": "IT",
      "stateCode": "65"
   },
   {
      "name": "Goriano Sicoli",
      "countryCode": "IT",
      "stateCode": "65"
   },
   {
      "name": "Guardiagrele",
      "countryCode": "IT",
      "stateCode": "65"
   },
   {
      "name": "Guilmi",
      "countryCode": "IT",
      "stateCode": "65"
   },
   {
      "name": "Imposte",
      "countryCode": "IT",
      "stateCode": "65"
   },
   {
      "name": "Introdacqua",
      "countryCode": "IT",
      "stateCode": "65"
   },
   {
      "name": "Isola del Gran Sasso d'Italia",
      "countryCode": "IT",
      "stateCode": "65"
   },
   {
      "name": "L'Aquila",
      "countryCode": "IT",
      "stateCode": "65"
   },
   {
      "name": "Lama dei Peligni",
      "countryCode": "IT",
      "stateCode": "65"
   },
   {
      "name": "Lanciano",
      "countryCode": "IT",
      "stateCode": "65"
   },
   {
      "name": "Lecce Nei Marsi",
      "countryCode": "IT",
      "stateCode": "65"
   },
   {
      "name": "Lentella",
      "countryCode": "IT",
      "stateCode": "65"
   },
   {
      "name": "Lettomanoppello",
      "countryCode": "IT",
      "stateCode": "65"
   },
   {
      "name": "Lettopalena",
      "countryCode": "IT",
      "stateCode": "65"
   },
   {
      "name": "Liscia",
      "countryCode": "IT",
      "stateCode": "65"
   },
   {
      "name": "Loreto Aprutino",
      "countryCode": "IT",
      "stateCode": "65"
   },
   {
      "name": "Luco dei Marsi",
      "countryCode": "IT",
      "stateCode": "65"
   },
   {
      "name": "Lucoli",
      "countryCode": "IT",
      "stateCode": "65"
   },
   {
      "name": "Magliano De'Marsi",
      "countryCode": "IT",
      "stateCode": "65"
   },
   {
      "name": "Manoppello",
      "countryCode": "IT",
      "stateCode": "65"
   },
   {
      "name": "Manoppello Scalo",
      "countryCode": "IT",
      "stateCode": "65"
   },
   {
      "name": "Marina di San Vito",
      "countryCode": "IT",
      "stateCode": "65"
   },
   {
      "name": "Marina di Vasto",
      "countryCode": "IT",
      "stateCode": "65"
   },
   {
      "name": "Martinsicuro",
      "countryCode": "IT",
      "stateCode": "65"
   },
   {
      "name": "Massa d'Albe-Corona",
      "countryCode": "IT",
      "stateCode": "65"
   },
   {
      "name": "Miglianico",
      "countryCode": "IT",
      "stateCode": "65"
   },
   {
      "name": "Molina Aterno",
      "countryCode": "IT",
      "stateCode": "65"
   },
   {
      "name": "Montazzoli",
      "countryCode": "IT",
      "stateCode": "65"
   },
   {
      "name": "Montebello di Bertona",
      "countryCode": "IT",
      "stateCode": "65"
   },
   {
      "name": "Montebello sul Sangro",
      "countryCode": "IT",
      "stateCode": "65"
   },
   {
      "name": "Monteferrante",
      "countryCode": "IT",
      "stateCode": "65"
   },
   {
      "name": "Montefino",
      "countryCode": "IT",
      "stateCode": "65"
   },
   {
      "name": "Montelapiano",
      "countryCode": "IT",
      "stateCode": "65"
   },
   {
      "name": "Montenerodomo",
      "countryCode": "IT",
      "stateCode": "65"
   },
   {
      "name": "Monteodorisio",
      "countryCode": "IT",
      "stateCode": "65"
   },
   {
      "name": "Montereale",
      "countryCode": "IT",
      "stateCode": "65"
   },
   {
      "name": "Montesilvano Marina",
      "countryCode": "IT",
      "stateCode": "65"
   },
   {
      "name": "Monticchio",
      "countryCode": "IT",
      "stateCode": "65"
   },
   {
      "name": "Montorio al Vomano",
      "countryCode": "IT",
      "stateCode": "65"
   },
   {
      "name": "Morino",
      "countryCode": "IT",
      "stateCode": "65"
   },
   {
      "name": "Morro d'Oro",
      "countryCode": "IT",
      "stateCode": "65"
   },
   {
      "name": "Mosciano Sant'Angelo",
      "countryCode": "IT",
      "stateCode": "65"
   },
   {
      "name": "Moscufo",
      "countryCode": "IT",
      "stateCode": "65"
   },
   {
      "name": "Mozzagrogna",
      "countryCode": "IT",
      "stateCode": "65"
   },
   {
      "name": "Navelli",
      "countryCode": "IT",
      "stateCode": "65"
   },
   {
      "name": "Nepezzano",
      "countryCode": "IT",
      "stateCode": "65"
   },
   {
      "name": "Nereto",
      "countryCode": "IT",
      "stateCode": "65"
   },
   {
      "name": "Nerito",
      "countryCode": "IT",
      "stateCode": "65"
   },
   {
      "name": "Nocciano",
      "countryCode": "IT",
      "stateCode": "65"
   },
   {
      "name": "Notaresco",
      "countryCode": "IT",
      "stateCode": "65"
   },
   {
      "name": "Nucleo Industriale di Bazzano",
      "countryCode": "IT",
      "stateCode": "65"
   },
   {
      "name": "Ofena",
      "countryCode": "IT",
      "stateCode": "65"
   },
   {
      "name": "Opi",
      "countryCode": "IT",
      "stateCode": "65"
   },
   {
      "name": "Oricola",
      "countryCode": "IT",
      "stateCode": "65"
   },
   {
      "name": "Orsogna",
      "countryCode": "IT",
      "stateCode": "65"
   },
   {
      "name": "Ortona",
      "countryCode": "IT",
      "stateCode": "65"
   },
   {
      "name": "Ortona dei Marsi",
      "countryCode": "IT",
      "stateCode": "65"
   },
   {
      "name": "Ortucchio",
      "countryCode": "IT",
      "stateCode": "65"
   },
   {
      "name": "Ovindoli",
      "countryCode": "IT",
      "stateCode": "65"
   },
   {
      "name": "Pacentro",
      "countryCode": "IT",
      "stateCode": "65"
   },
   {
      "name": "Paganica-Tempera",
      "countryCode": "IT",
      "stateCode": "65"
   },
   {
      "name": "Pagliare",
      "countryCode": "IT",
      "stateCode": "65"
   },
   {
      "name": "Paglieta",
      "countryCode": "IT",
      "stateCode": "65"
   },
   {
      "name": "Palena",
      "countryCode": "IT",
      "stateCode": "65"
   },
   {
      "name": "Palmoli",
      "countryCode": "IT",
      "stateCode": "65"
   },
   {
      "name": "Palombaro",
      "countryCode": "IT",
      "stateCode": "65"
   },
   {
      "name": "Penna Sant'Andrea",
      "countryCode": "IT",
      "stateCode": "65"
   },
   {
      "name": "Pennadomo",
      "countryCode": "IT",
      "stateCode": "65"
   },
   {
      "name": "Pennapiedimonte",
      "countryCode": "IT",
      "stateCode": "65"
   },
   {
      "name": "Penne",
      "countryCode": "IT",
      "stateCode": "65"
   },
   {
      "name": "Perano",
      "countryCode": "IT",
      "stateCode": "65"
   },
   {
      "name": "Pereto",
      "countryCode": "IT",
      "stateCode": "65"
   },
   {
      "name": "Pescara",
      "countryCode": "IT",
      "stateCode": "65"
   },
   {
      "name": "Pescasseroli",
      "countryCode": "IT",
      "stateCode": "65"
   },
   {
      "name": "Pescina",
      "countryCode": "IT",
      "stateCode": "65"
   },
   {
      "name": "Pescocostanzo",
      "countryCode": "IT",
      "stateCode": "65"
   },
   {
      "name": "Pescosansonesco Nuovo",
      "countryCode": "IT",
      "stateCode": "65"
   },
   {
      "name": "Pettorano sul Gizio",
      "countryCode": "IT",
      "stateCode": "65"
   },
   {
      "name": "Pianella",
      "countryCode": "IT",
      "stateCode": "65"
   },
   {
      "name": "Pianola",
      "countryCode": "IT",
      "stateCode": "65"
   },
   {
      "name": "Pianura Vomano",
      "countryCode": "IT",
      "stateCode": "65"
   },
   {
      "name": "Picciano",
      "countryCode": "IT",
      "stateCode": "65"
   },
   {
      "name": "Pietracamela",
      "countryCode": "IT",
      "stateCode": "65"
   },
   {
      "name": "Pietraferrazzana",
      "countryCode": "IT",
      "stateCode": "65"
   },
   {
      "name": "Pietranico",
      "countryCode": "IT",
      "stateCode": "65"
   },
   {
      "name": "Pineto",
      "countryCode": "IT",
      "stateCode": "65"
   },
   {
      "name": "Pizzoferrato",
      "countryCode": "IT",
      "stateCode": "65"
   },
   {
      "name": "Pizzoli",
      "countryCode": "IT",
      "stateCode": "65"
   },
   {
      "name": "Poggio Picenze",
      "countryCode": "IT",
      "stateCode": "65"
   },
   {
      "name": "Poggiofiorito",
      "countryCode": "IT",
      "stateCode": "65"
   },
   {
      "name": "Pollutri",
      "countryCode": "IT",
      "stateCode": "65"
   },
   {
      "name": "Popoli",
      "countryCode": "IT",
      "stateCode": "65"
   },
   {
      "name": "Prata d'Ansidonia",
      "countryCode": "IT",
      "stateCode": "65"
   },
   {
      "name": "Pratola Peligna",
      "countryCode": "IT",
      "stateCode": "65"
   },
   {
      "name": "Pretoro",
      "countryCode": "IT",
      "stateCode": "65"
   },
   {
      "name": "Preturo",
      "countryCode": "IT",
      "stateCode": "65"
   },
   {
      "name": "Prezza",
      "countryCode": "IT",
      "stateCode": "65"
   },
   {
      "name": "Progetto Case Bazzano",
      "countryCode": "IT",
      "stateCode": "65"
   },
   {
      "name": "Progetto Case Coppito 3",
      "countryCode": "IT",
      "stateCode": "65"
   },
   {
      "name": "Progetto Case Sassa Nsi",
      "countryCode": "IT",
      "stateCode": "65"
   },
   {
      "name": "Provincia dell' Aquila",
      "countryCode": "IT",
      "stateCode": "65"
   },
   {
      "name": "Provincia di Chieti",
      "countryCode": "IT",
      "stateCode": "65"
   },
   {
      "name": "Provincia di Pescara",
      "countryCode": "IT",
      "stateCode": "65"
   },
   {
      "name": "Provincia di Teramo",
      "countryCode": "IT",
      "stateCode": "65"
   },
   {
      "name": "Quadri",
      "countryCode": "IT",
      "stateCode": "65"
   },
   {
      "name": "Raiano",
      "countryCode": "IT",
      "stateCode": "65"
   },
   {
      "name": "Rapino",
      "countryCode": "IT",
      "stateCode": "65"
   },
   {
      "name": "Ripa Teatina",
      "countryCode": "IT",
      "stateCode": "65"
   },
   {
      "name": "Rivisondoli",
      "countryCode": "IT",
      "stateCode": "65"
   },
   {
      "name": "Rocca Pia",
      "countryCode": "IT",
      "stateCode": "65"
   },
   {
      "name": "Rocca San Giovanni",
      "countryCode": "IT",
      "stateCode": "65"
   },
   {
      "name": "Rocca di Botte",
      "countryCode": "IT",
      "stateCode": "65"
   },
   {
      "name": "Rocca di Cambio",
      "countryCode": "IT",
      "stateCode": "65"
   },
   {
      "name": "Rocca di Mezzo",
      "countryCode": "IT",
      "stateCode": "65"
   },
   {
      "name": "Roccacasale",
      "countryCode": "IT",
      "stateCode": "65"
   },
   {
      "name": "Roccamorice",
      "countryCode": "IT",
      "stateCode": "65"
   },
   {
      "name": "Roccaraso",
      "countryCode": "IT",
      "stateCode": "65"
   },
   {
      "name": "Roccascalegna",
      "countryCode": "IT",
      "stateCode": "65"
   },
   {
      "name": "Roccaspinalveti-Santa Giusta",
      "countryCode": "IT",
      "stateCode": "65"
   },
   {
      "name": "Roccavivi",
      "countryCode": "IT",
      "stateCode": "65"
   },
   {
      "name": "Roio del Sangro",
      "countryCode": "IT",
      "stateCode": "65"
   },
   {
      "name": "Rosciano",
      "countryCode": "IT",
      "stateCode": "65"
   },
   {
      "name": "Rosello",
      "countryCode": "IT",
      "stateCode": "65"
   },
   {
      "name": "Roseto degli Abruzzi",
      "countryCode": "IT",
      "stateCode": "65"
   },
   {
      "name": "Salino",
      "countryCode": "IT",
      "stateCode": "65"
   },
   {
      "name": "Salle",
      "countryCode": "IT",
      "stateCode": "65"
   },
   {
      "name": "Salvo Marina",
      "countryCode": "IT",
      "stateCode": "65"
   },
   {
      "name": "Sambuceto",
      "countryCode": "IT",
      "stateCode": "65"
   },
   {
      "name": "San Benedetto dei Marsi",
      "countryCode": "IT",
      "stateCode": "65"
   },
   {
      "name": "San Benedetto in Perillis",
      "countryCode": "IT",
      "stateCode": "65"
   },
   {
      "name": "San Buono",
      "countryCode": "IT",
      "stateCode": "65"
   },
   {
      "name": "San Demetrio Ne' Vestini",
      "countryCode": "IT",
      "stateCode": "65"
   },
   {
      "name": "San Giovanni Lipioni",
      "countryCode": "IT",
      "stateCode": "65"
   },
   {
      "name": "San Martino Bassa",
      "countryCode": "IT",
      "stateCode": "65"
   },
   {
      "name": "San Martino sulla Marrucina",
      "countryCode": "IT",
      "stateCode": "65"
   },
   {
      "name": "San Nicolò a Tordino",
      "countryCode": "IT",
      "stateCode": "65"
   },
   {
      "name": "San Panfilo d'Ocre",
      "countryCode": "IT",
      "stateCode": "65"
   },
   {
      "name": "San Pio delle Camere",
      "countryCode": "IT",
      "stateCode": "65"
   },
   {
      "name": "San Rocco",
      "countryCode": "IT",
      "stateCode": "65"
   },
   {
      "name": "San Salvo",
      "countryCode": "IT",
      "stateCode": "65"
   },
   {
      "name": "San Valentino in Abruzzo Citeriore",
      "countryCode": "IT",
      "stateCode": "65"
   },
   {
      "name": "San Vincenzo Valle Roveto",
      "countryCode": "IT",
      "stateCode": "65"
   },
   {
      "name": "San Vito Chietino",
      "countryCode": "IT",
      "stateCode": "65"
   },
   {
      "name": "Sant'Egidio alla Vibrata",
      "countryCode": "IT",
      "stateCode": "65"
   },
   {
      "name": "Sant'Eufemia a Maiella",
      "countryCode": "IT",
      "stateCode": "65"
   },
   {
      "name": "Sant'Eusanio Forconese",
      "countryCode": "IT",
      "stateCode": "65"
   },
   {
      "name": "Sant'Eusanio del Sangro",
      "countryCode": "IT",
      "stateCode": "65"
   },
   {
      "name": "Sant'Omero",
      "countryCode": "IT",
      "stateCode": "65"
   },
   {
      "name": "Santa Maria Imbaro",
      "countryCode": "IT",
      "stateCode": "65"
   },
   {
      "name": "Santa Teresa",
      "countryCode": "IT",
      "stateCode": "65"
   },
   {
      "name": "Sante Marie",
      "countryCode": "IT",
      "stateCode": "65"
   },
   {
      "name": "Santo Stefano di Sessanio",
      "countryCode": "IT",
      "stateCode": "65"
   },
   {
      "name": "Sassa",
      "countryCode": "IT",
      "stateCode": "65"
   },
   {
      "name": "Scafa",
      "countryCode": "IT",
      "stateCode": "65"
   },
   {
      "name": "Scanno",
      "countryCode": "IT",
      "stateCode": "65"
   },
   {
      "name": "Scerne",
      "countryCode": "IT",
      "stateCode": "65"
   },
   {
      "name": "Scerni",
      "countryCode": "IT",
      "stateCode": "65"
   },
   {
      "name": "Schiavi di Abruzzo",
      "countryCode": "IT",
      "stateCode": "65"
   },
   {
      "name": "Scontrone",
      "countryCode": "IT",
      "stateCode": "65"
   },
   {
      "name": "Scoppito",
      "countryCode": "IT",
      "stateCode": "65"
   },
   {
      "name": "Scurcola Marsicana",
      "countryCode": "IT",
      "stateCode": "65"
   },
   {
      "name": "Secinaro",
      "countryCode": "IT",
      "stateCode": "65"
   },
   {
      "name": "Selva",
      "countryCode": "IT",
      "stateCode": "65"
   },
   {
      "name": "Serramonacesca",
      "countryCode": "IT",
      "stateCode": "65"
   },
   {
      "name": "Silvi",
      "countryCode": "IT",
      "stateCode": "65"
   },
   {
      "name": "Spoltore",
      "countryCode": "IT",
      "stateCode": "65"
   },
   {
      "name": "Sulmona",
      "countryCode": "IT",
      "stateCode": "65"
   },
   {
      "name": "Tagliacozzo",
      "countryCode": "IT",
      "stateCode": "65"
   },
   {
      "name": "Taranta Peligna",
      "countryCode": "IT",
      "stateCode": "65"
   },
   {
      "name": "Teramo",
      "countryCode": "IT",
      "stateCode": "65"
   },
   {
      "name": "Tione degli Abruzzi",
      "countryCode": "IT",
      "stateCode": "65"
   },
   {
      "name": "Tocco da Casauria",
      "countryCode": "IT",
      "stateCode": "65"
   },
   {
      "name": "Tollo",
      "countryCode": "IT",
      "stateCode": "65"
   },
   {
      "name": "Torano Nuovo",
      "countryCode": "IT",
      "stateCode": "65"
   },
   {
      "name": "Torino di Sangro",
      "countryCode": "IT",
      "stateCode": "65"
   },
   {
      "name": "Tornareccio",
      "countryCode": "IT",
      "stateCode": "65"
   },
   {
      "name": "Tornimparte",
      "countryCode": "IT",
      "stateCode": "65"
   },
   {
      "name": "Torre de' Passeri",
      "countryCode": "IT",
      "stateCode": "65"
   },
   {
      "name": "Torrebruna",
      "countryCode": "IT",
      "stateCode": "65"
   },
   {
      "name": "Torrevecchia",
      "countryCode": "IT",
      "stateCode": "65"
   },
   {
      "name": "Torricella",
      "countryCode": "IT",
      "stateCode": "65"
   },
   {
      "name": "Torricella Peligna",
      "countryCode": "IT",
      "stateCode": "65"
   },
   {
      "name": "Tortoreto",
      "countryCode": "IT",
      "stateCode": "65"
   },
   {
      "name": "Tortoreto Lido",
      "countryCode": "IT",
      "stateCode": "65"
   },
   {
      "name": "Tossicia",
      "countryCode": "IT",
      "stateCode": "65"
   },
   {
      "name": "Trasacco",
      "countryCode": "IT",
      "stateCode": "65"
   },
   {
      "name": "Treglio",
      "countryCode": "IT",
      "stateCode": "65"
   },
   {
      "name": "Tufillo",
      "countryCode": "IT",
      "stateCode": "65"
   },
   {
      "name": "Turrivalignani",
      "countryCode": "IT",
      "stateCode": "65"
   },
   {
      "name": "Vacri",
      "countryCode": "IT",
      "stateCode": "65"
   },
   {
      "name": "Valle Castellana",
      "countryCode": "IT",
      "stateCode": "65"
   },
   {
      "name": "Vallecupa",
      "countryCode": "IT",
      "stateCode": "65"
   },
   {
      "name": "Vasto",
      "countryCode": "IT",
      "stateCode": "65"
   },
   {
      "name": "Vicoli",
      "countryCode": "IT",
      "stateCode": "65"
   },
   {
      "name": "Villa Caldari",
      "countryCode": "IT",
      "stateCode": "65"
   },
   {
      "name": "Villa Celiera",
      "countryCode": "IT",
      "stateCode": "65"
   },
   {
      "name": "Villa Lempa",
      "countryCode": "IT",
      "stateCode": "65"
   },
   {
      "name": "Villa Raspa",
      "countryCode": "IT",
      "stateCode": "65"
   },
   {
      "name": "Villa Rosa",
      "countryCode": "IT",
      "stateCode": "65"
   },
   {
      "name": "Villa Sant'Angelo",
      "countryCode": "IT",
      "stateCode": "65"
   },
   {
      "name": "Villa Santa Lucia degli Abruzzi",
      "countryCode": "IT",
      "stateCode": "65"
   },
   {
      "name": "Villa Santa Maria",
      "countryCode": "IT",
      "stateCode": "65"
   },
   {
      "name": "Villagrande",
      "countryCode": "IT",
      "stateCode": "65"
   },
   {
      "name": "Villalago",
      "countryCode": "IT",
      "stateCode": "65"
   },
   {
      "name": "Villalfonsina",
      "countryCode": "IT",
      "stateCode": "65"
   },
   {
      "name": "Villamagna",
      "countryCode": "IT",
      "stateCode": "65"
   },
   {
      "name": "Villanova",
      "countryCode": "IT",
      "stateCode": "65"
   },
   {
      "name": "Villavallelonga",
      "countryCode": "IT",
      "stateCode": "65"
   },
   {
      "name": "Villetta Barrea",
      "countryCode": "IT",
      "stateCode": "65"
   },
   {
      "name": "Vittorito",
      "countryCode": "IT",
      "stateCode": "65"
   }
]