[
   {
      "name": "Almolonga",
      "countryCode": "GT",
      "stateCode": "QZ",
      "latitude": "14.81591000",
      "longitude": "-91.49464000"
   },
   {
      "name": "Cabricán",
      "countryCode": "GT",
      "stateCode": "QZ",
      "latitude": "15.07485000",
      "longitude": "-91.64800000"
   },
   {
      "name": "Cajolá",
      "countryCode": "GT",
      "stateCode": "QZ",
      "latitude": "14.92205000",
      "longitude": "-91.61478000"
   },
   {
      "name": "Cantel",
      "countryCode": "GT",
      "stateCode": "QZ",
      "latitude": "14.81154000",
      "longitude": "-91.45536000"
   },
   {
      "name": "Coatepeque",
      "countryCode": "GT",
      "stateCode": "QZ",
      "latitude": "14.70413000",
      "longitude": "-91.86426000"
   },
   {
      "name": "Colomba",
      "countryCode": "GT",
      "stateCode": "QZ",
      "latitude": "14.70730000",
      "longitude": "-91.73167000"
   },
   {
      "name": "Concepción Chiquirichapa",
      "countryCode": "GT",
      "stateCode": "QZ",
      "latitude": "14.85510000",
      "longitude": "-91.62360000"
   },
   {
      "name": "El Palmar",
      "countryCode": "GT",
      "stateCode": "QZ",
      "latitude": "14.65083000",
      "longitude": "-91.57800000"
   },
   {
      "name": "Flores Costa Cuca",
      "countryCode": "GT",
      "stateCode": "QZ",
      "latitude": "14.63238000",
      "longitude": "-91.86341000"
   },
   {
      "name": "Génova",
      "countryCode": "GT",
      "stateCode": "QZ",
      "latitude": "14.61667000",
      "longitude": "-91.83333000"
   },
   {
      "name": "Huitán",
      "countryCode": "GT",
      "stateCode": "QZ",
      "latitude": "15.04920000",
      "longitude": "-91.63944000"
   },
   {
      "name": "La Esperanza",
      "countryCode": "GT",
      "stateCode": "QZ",
      "latitude": "14.87169000",
      "longitude": "-91.56140000"
   },
   {
      "name": "Municipio de Almolonga",
      "countryCode": "GT",
      "stateCode": "QZ",
      "latitude": "14.81118000",
      "longitude": "-91.48354000"
   },
   {
      "name": "Municipio de Cabricán",
      "countryCode": "GT",
      "stateCode": "QZ",
      "latitude": "15.10305000",
      "longitude": "-91.64918000"
   },
   {
      "name": "Municipio de Cantel",
      "countryCode": "GT",
      "stateCode": "QZ",
      "latitude": "14.81659000",
      "longitude": "-91.43781000"
   },
   {
      "name": "Municipio de Coatepeque",
      "countryCode": "GT",
      "stateCode": "QZ",
      "latitude": "14.64309000",
      "longitude": "-91.97926000"
   },
   {
      "name": "Municipio de Colomba",
      "countryCode": "GT",
      "stateCode": "QZ",
      "latitude": "14.71002000",
      "longitude": "-91.74691000"
   },
   {
      "name": "Municipio de Concepción Chiquirichapa",
      "countryCode": "GT",
      "stateCode": "QZ",
      "latitude": "14.84624000",
      "longitude": "-91.61854000"
   },
   {
      "name": "Municipio de Flores Costa Cuca",
      "countryCode": "GT",
      "stateCode": "QZ",
      "latitude": "14.63238000",
      "longitude": "-91.86341000"
   },
   {
      "name": "Municipio de San Juan Ostuncalco",
      "countryCode": "GT",
      "stateCode": "QZ",
      "latitude": "14.87477000",
      "longitude": "-91.68842000"
   },
   {
      "name": "Olintepeque",
      "countryCode": "GT",
      "stateCode": "QZ",
      "latitude": "14.88605000",
      "longitude": "-91.51472000"
   },
   {
      "name": "Ostuncalco",
      "countryCode": "GT",
      "stateCode": "QZ",
      "latitude": "14.86899000",
      "longitude": "-91.62137000"
   },
   {
      "name": "Palestina de los Altos",
      "countryCode": "GT",
      "stateCode": "QZ",
      "latitude": "14.93338000",
      "longitude": "-91.69403000"
   },
   {
      "name": "Quetzaltenango",
      "countryCode": "GT",
      "stateCode": "QZ",
      "latitude": "14.83472000",
      "longitude": "-91.51806000"
   },
   {
      "name": "Salcajá",
      "countryCode": "GT",
      "stateCode": "QZ",
      "latitude": "14.87964000",
      "longitude": "-91.45699000"
   },
   {
      "name": "Samayac",
      "countryCode": "GT",
      "stateCode": "QZ",
      "latitude": "14.58084000",
      "longitude": "-91.46135000"
   },
   {
      "name": "San Carlos Sija",
      "countryCode": "GT",
      "stateCode": "QZ",
      "latitude": "14.98436000",
      "longitude": "-91.54912000"
   },
   {
      "name": "San Francisco la Unión",
      "countryCode": "GT",
      "stateCode": "QZ",
      "latitude": "14.92350000",
      "longitude": "-91.54157000"
   },
   {
      "name": "San Martín Sacatepéquez",
      "countryCode": "GT",
      "stateCode": "QZ",
      "latitude": "14.82443000",
      "longitude": "-91.64192000"
   },
   {
      "name": "San Mateo",
      "countryCode": "GT",
      "stateCode": "QZ",
      "latitude": "14.85800000",
      "longitude": "-91.59004000"
   },
   {
      "name": "San Miguel Sigüilá",
      "countryCode": "GT",
      "stateCode": "QZ",
      "latitude": "14.89547000",
      "longitude": "-91.61457000"
   },
   {
      "name": "Sibilia",
      "countryCode": "GT",
      "stateCode": "QZ",
      "latitude": "14.99391000",
      "longitude": "-91.62371000"
   },
   {
      "name": "Zunil",
      "countryCode": "GT",
      "stateCode": "QZ",
      "latitude": "14.78463000",
      "longitude": "-91.48345000"
   }
]