[
   {
      "name": "Andili",
      "countryCode": "PH",
      "stateCode": "BOH"
   },
   {
      "name": "Andop",
      "countryCode": "PH",
      "stateCode": "BOH"
   },
   {
      "name": "Anibongan",
      "countryCode": "PH",
      "stateCode": "BOH"
   },
   {
      "name": "Astorga",
      "countryCode": "PH",
      "stateCode": "BOH"
   },
   {
      "name": "Asuncion",
      "countryCode": "PH",
      "stateCode": "BOH"
   },
   {
      "name": "Babag",
      "countryCode": "PH",
      "stateCode": "BOH"
   },
   {
      "name": "Baculin",
      "countryCode": "PH",
      "stateCode": "BOH"
   },
   {
      "name": "Baganga",
      "countryCode": "PH",
      "stateCode": "BOH"
   },
   {
      "name": "Balagunan",
      "countryCode": "PH",
      "stateCode": "BOH"
   },
   {
      "name": "Balangonan",
      "countryCode": "PH",
      "stateCode": "BOH"
   },
   {
      "name": "Balutakay",
      "countryCode": "PH",
      "stateCode": "BOH"
   },
   {
      "name": "Banaybanay",
      "countryCode": "PH",
      "stateCode": "BOH"
   },
   {
      "name": "Bansalan",
      "countryCode": "PH",
      "stateCode": "BOH"
   },
   {
      "name": "Bantacan",
      "countryCode": "PH",
      "stateCode": "BOH"
   },
   {
      "name": "Baon",
      "countryCode": "PH",
      "stateCode": "BOH"
   },
   {
      "name": "Baracatan",
      "countryCode": "PH",
      "stateCode": "BOH"
   },
   {
      "name": "Basiawan",
      "countryCode": "PH",
      "stateCode": "BOH"
   },
   {
      "name": "Batiano",
      "countryCode": "PH",
      "stateCode": "BOH"
   },
   {
      "name": "Bato",
      "countryCode": "PH",
      "stateCode": "BOH"
   },
   {
      "name": "Batobato",
      "countryCode": "PH",
      "stateCode": "BOH"
   },
   {
      "name": "Baylo",
      "countryCode": "PH",
      "stateCode": "BOH"
   },
   {
      "name": "Biao",
      "countryCode": "PH",
      "stateCode": "BOH"
   },
   {
      "name": "Bincoñgan",
      "countryCode": "PH",
      "stateCode": "BOH"
   },
   {
      "name": "Bitaogan",
      "countryCode": "PH",
      "stateCode": "BOH"
   },
   {
      "name": "Bobon",
      "countryCode": "PH",
      "stateCode": "BOH"
   },
   {
      "name": "Bolila",
      "countryCode": "PH",
      "stateCode": "BOH"
   },
   {
      "name": "Boston",
      "countryCode": "PH",
      "stateCode": "BOH"
   },
   {
      "name": "Buclad",
      "countryCode": "PH",
      "stateCode": "BOH"
   },
   {
      "name": "Buhangin",
      "countryCode": "PH",
      "stateCode": "BOH"
   },
   {
      "name": "Bukid",
      "countryCode": "PH",
      "stateCode": "BOH"
   },
   {
      "name": "Bulacan",
      "countryCode": "PH",
      "stateCode": "BOH"
   },
   {
      "name": "Bungabon",
      "countryCode": "PH",
      "stateCode": "BOH"
   },
   {
      "name": "Butulan",
      "countryCode": "PH",
      "stateCode": "BOH"
   },
   {
      "name": "Cabayangan",
      "countryCode": "PH",
      "stateCode": "BOH"
   },
   {
      "name": "Cabinuangan",
      "countryCode": "PH",
      "stateCode": "BOH"
   },
   {
      "name": "Caburan",
      "countryCode": "PH",
      "stateCode": "BOH"
   },
   {
      "name": "Cambanugoy",
      "countryCode": "PH",
      "stateCode": "BOH"
   },
   {
      "name": "Camudmud",
      "countryCode": "PH",
      "stateCode": "BOH"
   },
   {
      "name": "Caraga",
      "countryCode": "PH",
      "stateCode": "BOH"
   },
   {
      "name": "Carmen",
      "countryCode": "PH",
      "stateCode": "BOH"
   },
   {
      "name": "Cateel",
      "countryCode": "PH",
      "stateCode": "BOH"
   },
   {
      "name": "City of Mati",
      "countryCode": "PH",
      "stateCode": "BOH"
   },
   {
      "name": "City of Panabo",
      "countryCode": "PH",
      "stateCode": "BOH"
   },
   {
      "name": "City of Tagum",
      "countryCode": "PH",
      "stateCode": "BOH"
   },
   {
      "name": "Cogon",
      "countryCode": "PH",
      "stateCode": "BOH"
   },
   {
      "name": "Concepcion",
      "countryCode": "PH",
      "stateCode": "BOH"
   },
   {
      "name": "Corocotan",
      "countryCode": "PH",
      "stateCode": "BOH"
   },
   {
      "name": "Coronon",
      "countryCode": "PH",
      "stateCode": "BOH"
   },
   {
      "name": "Cuambog",
      "countryCode": "PH",
      "stateCode": "BOH"
   },
   {
      "name": "Culaman",
      "countryCode": "PH",
      "stateCode": "BOH"
   },
   {
      "name": "Dacudao",
      "countryCode": "PH",
      "stateCode": "BOH"
   },
   {
      "name": "Dakbayan sa Digos",
      "countryCode": "PH",
      "stateCode": "BOH"
   },
   {
      "name": "Davan",
      "countryCode": "PH",
      "stateCode": "BOH"
   },
   {
      "name": "Davao City",
      "countryCode": "PH",
      "stateCode": "BOH"
   },
   {
      "name": "Del Pilar",
      "countryCode": "PH",
      "stateCode": "BOH"
   },
   {
      "name": "Digos",
      "countryCode": "PH",
      "stateCode": "BOH"
   },
   {
      "name": "Dolo",
      "countryCode": "PH",
      "stateCode": "BOH"
   },
   {
      "name": "Don Marcelino",
      "countryCode": "PH",
      "stateCode": "BOH"
   },
   {
      "name": "Dumlan",
      "countryCode": "PH",
      "stateCode": "BOH"
   },
   {
      "name": "Esperanza",
      "countryCode": "PH",
      "stateCode": "BOH"
   },
   {
      "name": "Gabi",
      "countryCode": "PH",
      "stateCode": "BOH"
   },
   {
      "name": "Gabuyan",
      "countryCode": "PH",
      "stateCode": "BOH"
   },
   {
      "name": "Goma",
      "countryCode": "PH",
      "stateCode": "BOH"
   },
   {
      "name": "Governor Generoso",
      "countryCode": "PH",
      "stateCode": "BOH"
   },
   {
      "name": "Guihing Proper",
      "countryCode": "PH",
      "stateCode": "BOH"
   },
   {
      "name": "Gumalang",
      "countryCode": "PH",
      "stateCode": "BOH"
   },
   {
      "name": "Gupitan",
      "countryCode": "PH",
      "stateCode": "BOH"
   },
   {
      "name": "Hagonoy",
      "countryCode": "PH",
      "stateCode": "BOH"
   },
   {
      "name": "Ignit",
      "countryCode": "PH",
      "stateCode": "BOH"
   },
   {
      "name": "Ilangay",
      "countryCode": "PH",
      "stateCode": "BOH"
   },
   {
      "name": "Inawayan",
      "countryCode": "PH",
      "stateCode": "BOH"
   },
   {
      "name": "Island Garden City of Samal",
      "countryCode": "PH",
      "stateCode": "BOH"
   },
   {
      "name": "Jose Abad Santos",
      "countryCode": "PH",
      "stateCode": "BOH"
   },
   {
      "name": "Jovellar",
      "countryCode": "PH",
      "stateCode": "BOH"
   },
   {
      "name": "Kalbay",
      "countryCode": "PH",
      "stateCode": "BOH"
   },
   {
      "name": "Kalian",
      "countryCode": "PH",
      "stateCode": "BOH"
   },
   {
      "name": "Kaligutan",
      "countryCode": "PH",
      "stateCode": "BOH"
   },
   {
      "name": "Kapalong",
      "countryCode": "PH",
      "stateCode": "BOH"
   },
   {
      "name": "Katipunan",
      "countryCode": "PH",
      "stateCode": "BOH"
   },
   {
      "name": "Kiblawan",
      "countryCode": "PH",
      "stateCode": "BOH"
   },
   {
      "name": "Kinablangan",
      "countryCode": "PH",
      "stateCode": "BOH"
   },
   {
      "name": "Kinamayan",
      "countryCode": "PH",
      "stateCode": "BOH"
   },
   {
      "name": "Kinangan",
      "countryCode": "PH",
      "stateCode": "BOH"
   },
   {
      "name": "La Libertad",
      "countryCode": "PH",
      "stateCode": "BOH"
   },
   {
      "name": "La Paz",
      "countryCode": "PH",
      "stateCode": "BOH"
   },
   {
      "name": "La Union",
      "countryCode": "PH",
      "stateCode": "BOH"
   },
   {
      "name": "Lacaron",
      "countryCode": "PH",
      "stateCode": "BOH"
   },
   {
      "name": "Lacson",
      "countryCode": "PH",
      "stateCode": "BOH"
   },
   {
      "name": "Lais",
      "countryCode": "PH",
      "stateCode": "BOH"
   },
   {
      "name": "Lamitan",
      "countryCode": "PH",
      "stateCode": "BOH"
   },
   {
      "name": "Lapuan",
      "countryCode": "PH",
      "stateCode": "BOH"
   },
   {
      "name": "Lasang",
      "countryCode": "PH",
      "stateCode": "BOH"
   },
   {
      "name": "Libuganon",
      "countryCode": "PH",
      "stateCode": "BOH"
   },
   {
      "name": "Limao",
      "countryCode": "PH",
      "stateCode": "BOH"
   },
   {
      "name": "Limot",
      "countryCode": "PH",
      "stateCode": "BOH"
   },
   {
      "name": "Linao",
      "countryCode": "PH",
      "stateCode": "BOH"
   },
   {
      "name": "Linoan",
      "countryCode": "PH",
      "stateCode": "BOH"
   },
   {
      "name": "Lukatan",
      "countryCode": "PH",
      "stateCode": "BOH"
   },
   {
      "name": "Luna",
      "countryCode": "PH",
      "stateCode": "BOH"
   },
   {
      "name": "Lungaog",
      "countryCode": "PH",
      "stateCode": "BOH"
   },
   {
      "name": "Lupon",
      "countryCode": "PH",
      "stateCode": "BOH"
   },
   {
      "name": "Luzon",
      "countryCode": "PH",
      "stateCode": "BOH"
   },
   {
      "name": "Mabini",
      "countryCode": "PH",
      "stateCode": "BOH"
   },
   {
      "name": "Mabuhay",
      "countryCode": "PH",
      "stateCode": "BOH"
   },
   {
      "name": "Maco",
      "countryCode": "PH",
      "stateCode": "BOH"
   },
   {
      "name": "Maduao",
      "countryCode": "PH",
      "stateCode": "BOH"
   },
   {
      "name": "Magatos",
      "countryCode": "PH",
      "stateCode": "BOH"
   },
   {
      "name": "Magdug",
      "countryCode": "PH",
      "stateCode": "BOH"
   },
   {
      "name": "Magnaga",
      "countryCode": "PH",
      "stateCode": "BOH"
   },
   {
      "name": "Magsaysay",
      "countryCode": "PH",
      "stateCode": "BOH"
   },
   {
      "name": "Mahanob",
      "countryCode": "PH",
      "stateCode": "BOH"
   },
   {
      "name": "Mahayag",
      "countryCode": "PH",
      "stateCode": "BOH"
   },
   {
      "name": "Malagos",
      "countryCode": "PH",
      "stateCode": "BOH"
   },
   {
      "name": "Malalag",
      "countryCode": "PH",
      "stateCode": "BOH"
   },
   {
      "name": "Malinao",
      "countryCode": "PH",
      "stateCode": "BOH"
   },
   {
      "name": "Malita",
      "countryCode": "PH",
      "stateCode": "BOH"
   },
   {
      "name": "Mambago",
      "countryCode": "PH",
      "stateCode": "BOH"
   },
   {
      "name": "Managa",
      "countryCode": "PH",
      "stateCode": "BOH"
   },
   {
      "name": "Manaloal",
      "countryCode": "PH",
      "stateCode": "BOH"
   },
   {
      "name": "Manat",
      "countryCode": "PH",
      "stateCode": "BOH"
   },
   {
      "name": "Manay",
      "countryCode": "PH",
      "stateCode": "BOH"
   },
   {
      "name": "Mangili",
      "countryCode": "PH",
      "stateCode": "BOH"
   },
   {
      "name": "Manikling",
      "countryCode": "PH",
      "stateCode": "BOH"
   },
   {
      "name": "Matanao",
      "countryCode": "PH",
      "stateCode": "BOH"
   },
   {
      "name": "Mati",
      "countryCode": "PH",
      "stateCode": "BOH"
   },
   {
      "name": "Matiao",
      "countryCode": "PH",
      "stateCode": "BOH"
   },
   {
      "name": "Matti",
      "countryCode": "PH",
      "stateCode": "BOH"
   },
   {
      "name": "Mawab",
      "countryCode": "PH",
      "stateCode": "BOH"
   },
   {
      "name": "Mayo",
      "countryCode": "PH",
      "stateCode": "BOH"
   },
   {
      "name": "Monkayo",
      "countryCode": "PH",
      "stateCode": "BOH"
   },
   {
      "name": "Montevista",
      "countryCode": "PH",
      "stateCode": "BOH"
   },
   {
      "name": "Nabunturan",
      "countryCode": "PH",
      "stateCode": "BOH"
   },
   {
      "name": "Nangan",
      "countryCode": "PH",
      "stateCode": "BOH"
   },
   {
      "name": "Nanyo",
      "countryCode": "PH",
      "stateCode": "BOH"
   },
   {
      "name": "New Baclayon",
      "countryCode": "PH",
      "stateCode": "BOH"
   },
   {
      "name": "New Bataan",
      "countryCode": "PH",
      "stateCode": "BOH"
   },
   {
      "name": "New Bohol",
      "countryCode": "PH",
      "stateCode": "BOH"
   },
   {
      "name": "New Corella",
      "countryCode": "PH",
      "stateCode": "BOH"
   },
   {
      "name": "New Leyte",
      "countryCode": "PH",
      "stateCode": "BOH"
   },
   {
      "name": "New Sibonga",
      "countryCode": "PH",
      "stateCode": "BOH"
   },
   {
      "name": "New Visayas",
      "countryCode": "PH",
      "stateCode": "BOH"
   },
   {
      "name": "Nuing",
      "countryCode": "PH",
      "stateCode": "BOH"
   },
   {
      "name": "Padada",
      "countryCode": "PH",
      "stateCode": "BOH"
   },
   {
      "name": "Pag-asa",
      "countryCode": "PH",
      "stateCode": "BOH"
   },
   {
      "name": "Pagsabangan",
      "countryCode": "PH",
      "stateCode": "BOH"
   },
   {
      "name": "Palma Gil",
      "countryCode": "PH",
      "stateCode": "BOH"
   },
   {
      "name": "Panabo",
      "countryCode": "PH",
      "stateCode": "BOH"
   },
   {
      "name": "Pandasan",
      "countryCode": "PH",
      "stateCode": "BOH"
   },
   {
      "name": "Pangian",
      "countryCode": "PH",
      "stateCode": "BOH"
   },
   {
      "name": "Panikian",
      "countryCode": "PH",
      "stateCode": "BOH"
   },
   {
      "name": "Pantukan",
      "countryCode": "PH",
      "stateCode": "BOH"
   },
   {
      "name": "Pasian",
      "countryCode": "PH",
      "stateCode": "BOH"
   },
   {
      "name": "Pondaguitan",
      "countryCode": "PH",
      "stateCode": "BOH"
   },
   {
      "name": "Pung-Pang",
      "countryCode": "PH",
      "stateCode": "BOH"
   },
   {
      "name": "Samal",
      "countryCode": "PH",
      "stateCode": "BOH"
   },
   {
      "name": "Sampao",
      "countryCode": "PH",
      "stateCode": "BOH"
   },
   {
      "name": "San Alfonso",
      "countryCode": "PH",
      "stateCode": "BOH"
   },
   {
      "name": "San Antonio",
      "countryCode": "PH",
      "stateCode": "BOH"
   },
   {
      "name": "San Ignacio",
      "countryCode": "PH",
      "stateCode": "BOH"
   },
   {
      "name": "San Isidro",
      "countryCode": "PH",
      "stateCode": "BOH"
   },
   {
      "name": "San Luis",
      "countryCode": "PH",
      "stateCode": "BOH"
   },
   {
      "name": "San Mariano",
      "countryCode": "PH",
      "stateCode": "BOH"
   },
   {
      "name": "San Miguel",
      "countryCode": "PH",
      "stateCode": "BOH"
   },
   {
      "name": "San Pedro",
      "countryCode": "PH",
      "stateCode": "BOH"
   },
   {
      "name": "San Rafael",
      "countryCode": "PH",
      "stateCode": "BOH"
   },
   {
      "name": "San Remigio",
      "countryCode": "PH",
      "stateCode": "BOH"
   },
   {
      "name": "San Vicente",
      "countryCode": "PH",
      "stateCode": "BOH"
   },
   {
      "name": "Santa Cruz",
      "countryCode": "PH",
      "stateCode": "BOH"
   },
   {
      "name": "Santa Maria",
      "countryCode": "PH",
      "stateCode": "BOH"
   },
   {
      "name": "Santiago",
      "countryCode": "PH",
      "stateCode": "BOH"
   },
   {
      "name": "Santo Niño",
      "countryCode": "PH",
      "stateCode": "BOH"
   },
   {
      "name": "Santo Tomas",
      "countryCode": "PH",
      "stateCode": "BOH"
   },
   {
      "name": "Sarangani",
      "countryCode": "PH",
      "stateCode": "BOH"
   },
   {
      "name": "Sibulan",
      "countryCode": "PH",
      "stateCode": "BOH"
   },
   {
      "name": "Sigaboy",
      "countryCode": "PH",
      "stateCode": "BOH"
   },
   {
      "name": "Simod",
      "countryCode": "PH",
      "stateCode": "BOH"
   },
   {
      "name": "Sinawilan",
      "countryCode": "PH",
      "stateCode": "BOH"
   },
   {
      "name": "Sinayawan",
      "countryCode": "PH",
      "stateCode": "BOH"
   },
   {
      "name": "Sirib",
      "countryCode": "PH",
      "stateCode": "BOH"
   },
   {
      "name": "Sugal",
      "countryCode": "PH",
      "stateCode": "BOH"
   },
   {
      "name": "Sulop",
      "countryCode": "PH",
      "stateCode": "BOH"
   },
   {
      "name": "Surup",
      "countryCode": "PH",
      "stateCode": "BOH"
   },
   {
      "name": "Suz-on",
      "countryCode": "PH",
      "stateCode": "BOH"
   },
   {
      "name": "Tagakpan",
      "countryCode": "PH",
      "stateCode": "BOH"
   },
   {
      "name": "Tagdanua",
      "countryCode": "PH",
      "stateCode": "BOH"
   },
   {
      "name": "Tagnanan",
      "countryCode": "PH",
      "stateCode": "BOH"
   },
   {
      "name": "Tagum",
      "countryCode": "PH",
      "stateCode": "BOH"
   },
   {
      "name": "Takub",
      "countryCode": "PH",
      "stateCode": "BOH"
   },
   {
      "name": "Talagutong",
      "countryCode": "PH",
      "stateCode": "BOH"
   },
   {
      "name": "Talisay",
      "countryCode": "PH",
      "stateCode": "BOH"
   },
   {
      "name": "Talomo",
      "countryCode": "PH",
      "stateCode": "BOH"
   },
   {
      "name": "Tamayong",
      "countryCode": "PH",
      "stateCode": "BOH"
   },
   {
      "name": "Tambo",
      "countryCode": "PH",
      "stateCode": "BOH"
   },
   {
      "name": "Tamisan",
      "countryCode": "PH",
      "stateCode": "BOH"
   },
   {
      "name": "Tamugan",
      "countryCode": "PH",
      "stateCode": "BOH"
   },
   {
      "name": "Tanlad",
      "countryCode": "PH",
      "stateCode": "BOH"
   },
   {
      "name": "Tapia",
      "countryCode": "PH",
      "stateCode": "BOH"
   },
   {
      "name": "Tarragona",
      "countryCode": "PH",
      "stateCode": "BOH"
   },
   {
      "name": "Tawan tawan",
      "countryCode": "PH",
      "stateCode": "BOH"
   },
   {
      "name": "Taytayan",
      "countryCode": "PH",
      "stateCode": "BOH"
   },
   {
      "name": "Tibagon",
      "countryCode": "PH",
      "stateCode": "BOH"
   },
   {
      "name": "Tibanbang",
      "countryCode": "PH",
      "stateCode": "BOH"
   },
   {
      "name": "Tiblawan",
      "countryCode": "PH",
      "stateCode": "BOH"
   },
   {
      "name": "Tombongon",
      "countryCode": "PH",
      "stateCode": "BOH"
   },
   {
      "name": "Tubalan",
      "countryCode": "PH",
      "stateCode": "BOH"
   },
   {
      "name": "Tuban",
      "countryCode": "PH",
      "stateCode": "BOH"
   },
   {
      "name": "Tubod",
      "countryCode": "PH",
      "stateCode": "BOH"
   },
   {
      "name": "Tuganay",
      "countryCode": "PH",
      "stateCode": "BOH"
   },
   {
      "name": "Tuli",
      "countryCode": "PH",
      "stateCode": "BOH"
   },
   {
      "name": "Ula",
      "countryCode": "PH",
      "stateCode": "BOH"
   },
   {
      "name": "Wañgan",
      "countryCode": "PH",
      "stateCode": "BOH"
   },
   {
      "name": "Wines",
      "countryCode": "PH",
      "stateCode": "BOH"
   }
]