[
   {
      "name": "Piedmont",
      "isoCode": "21",
      "countryCode": "IT",
      "latitude": "45.05223660",
      "longitude": "7.51538850"
   },
   {
      "name": "Aosta Valley",
      "isoCode": "23",
      "countryCode": "IT",
      "latitude": "45.73888780",
      "longitude": "7.42618660"
   },
   {
      "name": "Lombardy",
      "isoCode": "25",
      "countryCode": "IT",
      "latitude": "45.47906710",
      "longitude": "9.84524330"
   },
   {
      "name": "Trentino-South Tyrol",
      "isoCode": "32",
      "countryCode": "IT",
      "latitude": "46.43366620",
      "longitude": "11.16932960"
   },
   {
      "name": "Veneto",
      "isoCode": "34",
      "countryCode": "IT",
      "latitude": "45.44146620",
      "longitude": "12.31525950"
   },
   {
      "name": "Friuli–Venezia Giulia",
      "isoCode": "36",
      "countryCode": "IT",
      "latitude": "46.22591770",
      "longitude": "13.10336460"
   },
   {
      "name": "Liguria",
      "isoCode": "42",
      "countryCode": "IT",
      "latitude": "44.31679170",
      "longitude": "8.39649380"
   },
   {
      "name": "Emilia-Romagna",
      "isoCode": "45",
      "countryCode": "IT",
      "latitude": "44.59676070",
      "longitude": "11.21863960"
   },
   {
      "name": "Tuscany",
      "isoCode": "52",
      "countryCode": "IT",
      "latitude": "43.77105130",
      "longitude": "11.24862080"
   },
   {
      "name": "Umbria",
      "isoCode": "55",
      "countryCode": "IT",
      "latitude": "42.93800400",
      "longitude": "12.62162110"
   },
   {
      "name": "Marche",
      "isoCode": "57",
      "countryCode": "IT",
      "latitude": "30.55670700",
      "longitude": "-81.44930300"
   },
   {
      "name": "Lazio",
      "isoCode": "62",
      "countryCode": "IT",
      "latitude": "45.69916670",
      "longitude": "-73.65583330"
   },
   {
      "name": "Abruzzo",
      "isoCode": "65",
      "countryCode": "IT",
      "latitude": "42.19201190",
      "longitude": "13.72891670"
   },
   {
      "name": "Molise",
      "isoCode": "67",
      "countryCode": "IT",
      "latitude": "41.67388650",
      "longitude": "14.75209390"
   },
   {
      "name": "Campania",
      "isoCode": "72",
      "countryCode": "IT",
      "latitude": "40.66708870",
      "longitude": "15.10681130"
   },
   {
      "name": "Apulia",
      "isoCode": "75",
      "countryCode": "IT",
      "latitude": "40.79283930",
      "longitude": "17.10119310"
   },
   {
      "name": "Basilicata",
      "isoCode": "77",
      "countryCode": "IT",
      "latitude": "40.64307660",
      "longitude": "15.96998780"
   },
   {
      "name": "Calabria",
      "isoCode": "78",
      "countryCode": "IT",
      "latitude": "39.30877140",
      "longitude": "16.34637910"
   },
   {
      "name": "Sicily",
      "isoCode": "82",
      "countryCode": "IT",
      "latitude": "37.59999380",
      "longitude": "14.01535570"
   },
   {
      "name": "Sardinia",
      "isoCode": "88",
      "countryCode": "IT",
      "latitude": "40.12087520",
      "longitude": "9.01289260"
   },
   {
      "name": "Libero consorzio comunale di Agrigento",
      "isoCode": "AG",
      "countryCode": "IT",
      "latitude": "37.31052020",
      "longitude": "13.58579780"
   },
   {
      "name": "Province of Alessandria",
      "isoCode": "AL",
      "countryCode": "IT",
      "latitude": "44.81755870",
      "longitude": "8.70466270"
   },
   {
      "name": "Province of Ancona",
      "isoCode": "AN",
      "countryCode": "IT",
      "latitude": "43.54932450",
      "longitude": "13.26634790"
   },
   {
      "name": "Province of Ascoli Piceno",
      "isoCode": "AP",
      "countryCode": "IT",
      "latitude": "42.86389330",
      "longitude": "13.58997330"
   },
   {
      "name": "Province of L'Aquila",
      "isoCode": "AQ",
      "countryCode": "IT",
      "latitude": "42.12563170",
      "longitude": "13.63627150"
   },
   {
      "name": "Province of Asti",
      "isoCode": "AT",
      "countryCode": "IT",
      "latitude": "44.90076520",
      "longitude": "8.20643150"
   },
   {
      "name": "Province of Avellino",
      "isoCode": "AV",
      "countryCode": "IT",
      "latitude": "40.99645100",
      "longitude": "15.12589550"
   },
   {
      "name": "Metropolitan City of Bari",
      "isoCode": "BA",
      "countryCode": "IT",
      "latitude": "41.11714320",
      "longitude": "16.87187150"
   },
   {
      "name": "Province of Bergamo",
      "isoCode": "BG",
      "countryCode": "IT",
      "latitude": "45.69826420",
      "longitude": "9.67726980"
   },
   {
      "name": "Province of Biella",
      "isoCode": "BI",
      "countryCode": "IT",
      "latitude": "45.56281760",
      "longitude": "8.05827170"
   },
   {
      "name": "Province of Belluno",
      "isoCode": "BL",
      "countryCode": "IT",
      "latitude": "46.24976590",
      "longitude": "12.19695650"
   },
   {
      "name": "Benevento Province",
      "isoCode": "BN",
      "countryCode": "IT",
      "latitude": "41.20350930",
      "longitude": "14.75209390"
   },
   {
      "name": "Metropolitan City of Bologna",
      "isoCode": "BO",
      "countryCode": "IT",
      "latitude": "44.49488700",
      "longitude": "11.34261620"
   },
   {
      "name": "Province of Brindisi",
      "isoCode": "BR",
      "countryCode": "IT",
      "latitude": "40.61126630",
      "longitude": "17.76362100"
   },
   {
      "name": "Province of Brescia",
      "isoCode": "BS",
      "countryCode": "IT",
      "latitude": "45.54155260",
      "longitude": "10.21180190"
   },
   {
      "name": "Province of Barletta-Andria-Trani",
      "isoCode": "BT",
      "countryCode": "IT",
      "latitude": "41.20045430",
      "longitude": "16.20514840"
   },
   {
      "name": "South Tyrol",
      "isoCode": "BZ",
      "countryCode": "IT",
      "latitude": "46.49494500",
      "longitude": "11.34026570"
   },
   {
      "name": "Metropolitan City of Cagliari",
      "isoCode": "CA",
      "countryCode": "IT",
      "latitude": "39.22384110",
      "longitude": "9.12166130"
   },
   {
      "name": "Province of Campobasso",
      "isoCode": "CB",
      "countryCode": "IT",
      "latitude": "41.67388650",
      "longitude": "14.75209390"
   },
   {
      "name": "Province of Caserta",
      "isoCode": "CE",
      "countryCode": "IT",
      "latitude": "41.20783540",
      "longitude": "14.10013260"
   },
   {
      "name": "Province of Chieti",
      "isoCode": "CH",
      "countryCode": "IT",
      "latitude": "42.03344280",
      "longitude": "14.37919120"
   },
   {
      "name": "Province of Carbonia-Iglesias",
      "isoCode": "CI",
      "countryCode": "IT",
      "latitude": "39.25346590",
      "longitude": "8.57210160"
   },
   {
      "name": "Libero consorzio comunale di Caltanissetta",
      "isoCode": "CL",
      "countryCode": "IT",
      "latitude": "37.48601300",
      "longitude": "14.06149820"
   },
   {
      "name": "Province of Cuneo",
      "isoCode": "CN",
      "countryCode": "IT",
      "latitude": "44.59703140",
      "longitude": "7.61142170"
   },
   {
      "name": "Province of Como",
      "isoCode": "CO",
      "countryCode": "IT",
      "latitude": "45.80804160",
      "longitude": "9.08517930"
   },
   {
      "name": "Province of Cremona",
      "isoCode": "CR",
      "countryCode": "IT",
      "latitude": "45.20143750",
      "longitude": "9.98365820"
   },
   {
      "name": "Province of Cosenza",
      "isoCode": "CS",
      "countryCode": "IT",
      "latitude": "39.56441050",
      "longitude": "16.25221430"
   },
   {
      "name": "Metropolitan City of Catania",
      "isoCode": "CT",
      "countryCode": "IT",
      "latitude": "37.45154380",
      "longitude": "15.05574150"
   },
   {
      "name": "Province of Catanzaro",
      "isoCode": "CZ",
      "countryCode": "IT",
      "latitude": "38.88963480",
      "longitude": "16.44058720"
   },
   {
      "name": "Libero consorzio comunale di Enna",
      "isoCode": "EN",
      "countryCode": "IT",
      "latitude": "37.56762160",
      "longitude": "14.27953490"
   },
   {
      "name": "Province of Forlì-Cesena",
      "isoCode": "FC",
      "countryCode": "IT",
      "latitude": "43.99476810",
      "longitude": "11.98046130"
   },
   {
      "name": "Province of Ferrara",
      "isoCode": "FE",
      "countryCode": "IT",
      "latitude": "44.76636800",
      "longitude": "11.76440680"
   },
   {
      "name": "Province of Foggia",
      "isoCode": "FG",
      "countryCode": "IT",
      "latitude": "41.63844800",
      "longitude": "15.59433880"
   },
   {
      "name": "Metropolitan City of Florence",
      "isoCode": "FI",
      "countryCode": "IT",
      "latitude": "43.76791780",
      "longitude": "11.25237920"
   },
   {
      "name": "Province of Fermo",
      "isoCode": "FM",
      "countryCode": "IT",
      "latitude": "43.09313670",
      "longitude": "13.58997330"
   },
   {
      "name": "Province of Frosinone",
      "isoCode": "FR",
      "countryCode": "IT",
      "latitude": "41.65765280",
      "longitude": "13.63627150"
   },
   {
      "name": "Metropolitan City of Genoa",
      "isoCode": "GE",
      "countryCode": "IT",
      "latitude": "44.40564930",
      "longitude": "8.94625640"
   },
   {
      "name": "Province of Gorizia",
      "isoCode": "GO",
      "countryCode": "IT",
      "latitude": "45.90538990",
      "longitude": "13.51637250"
   },
   {
      "name": "Province of Grosseto",
      "isoCode": "GR",
      "countryCode": "IT",
      "latitude": "42.85180070",
      "longitude": "11.25237920"
   },
   {
      "name": "Province of Imperia",
      "isoCode": "IM",
      "countryCode": "IT",
      "latitude": "43.94186600",
      "longitude": "7.82863680"
   },
   {
      "name": "Province of Isernia",
      "isoCode": "IS",
      "countryCode": "IT",
      "latitude": "41.58915550",
      "longitude": "14.19309180"
   },
   {
      "name": "Province of Crotone",
      "isoCode": "KR",
      "countryCode": "IT",
      "latitude": "39.13098560",
      "longitude": "17.00670310"
   },
   {
      "name": "Province of Lecco",
      "isoCode": "LC",
      "countryCode": "IT",
      "latitude": "45.93829410",
      "longitude": "9.38572900"
   },
   {
      "name": "Province of Lecce",
      "isoCode": "LE",
      "countryCode": "IT",
      "latitude": "40.23473930",
      "longitude": "18.14286690"
   },
   {
      "name": "Province of Livorno",
      "isoCode": "LI",
      "countryCode": "IT",
      "latitude": "43.02398480",
      "longitude": "10.66471010"
   },
   {
      "name": "Province of Lodi",
      "isoCode": "LO",
      "countryCode": "IT",
      "latitude": "45.24050360",
      "longitude": "9.52925120"
   },
   {
      "name": "Province of Latina",
      "isoCode": "LT",
      "countryCode": "IT",
      "latitude": "41.40874760",
      "longitude": "13.08179030"
   },
   {
      "name": "Province of Lucca",
      "isoCode": "LU",
      "countryCode": "IT",
      "latitude": "43.83767360",
      "longitude": "10.49505300"
   },
   {
      "name": "Province of Monza and Brianza",
      "isoCode": "MB",
      "countryCode": "IT",
      "latitude": "45.62359900",
      "longitude": "9.25880150"
   },
   {
      "name": "Province of Macerata",
      "isoCode": "MC",
      "countryCode": "IT",
      "latitude": "43.24593220",
      "longitude": "13.26634790"
   },
   {
      "name": "Metropolitan City of Messina",
      "isoCode": "ME",
      "countryCode": "IT",
      "latitude": "38.19373350",
      "longitude": "15.55420570"
   },
   {
      "name": "Metropolitan City of Milan",
      "isoCode": "MI",
      "countryCode": "IT",
      "latitude": "45.45862600",
      "longitude": "9.18187300"
   },
   {
      "name": "Province of Mantua",
      "isoCode": "MN",
      "countryCode": "IT",
      "latitude": "45.16677280",
      "longitude": "10.77536130"
   },
   {
      "name": "Province of Modena",
      "isoCode": "MO",
      "countryCode": "IT",
      "latitude": "44.55137990",
      "longitude": "10.91804800"
   },
   {
      "name": "Province of Massa and Carrara",
      "isoCode": "MS",
      "countryCode": "IT",
      "latitude": "44.22139980",
      "longitude": "10.03596610"
   },
   {
      "name": "Province of Matera",
      "isoCode": "MT",
      "countryCode": "IT",
      "latitude": "40.66634960",
      "longitude": "16.60436360"
   },
   {
      "name": "Metropolitan City of Naples",
      "isoCode": "NA",
      "countryCode": "IT",
      "latitude": "40.90197500",
      "longitude": "14.33264400"
   },
   {
      "name": "Province of Novara",
      "isoCode": "NO",
      "countryCode": "IT",
      "latitude": "45.54851330",
      "longitude": "8.51507930"
   },
   {
      "name": "Province of Nuoro",
      "isoCode": "NU",
      "countryCode": "IT",
      "latitude": "40.32869040",
      "longitude": "9.45615500"
   },
   {
      "name": "Province of Ogliastra",
      "isoCode": "OG",
      "countryCode": "IT",
      "latitude": "39.84105360",
      "longitude": "9.45615500"
   },
   {
      "name": "Province of Oristano",
      "isoCode": "OR",
      "countryCode": "IT",
      "latitude": "40.05990680",
      "longitude": "8.74811670"
   },
   {
      "name": "Province of Olbia-Tempio",
      "isoCode": "OT",
      "countryCode": "IT",
      "latitude": "40.82683830",
      "longitude": "9.27855830"
   },
   {
      "name": "Metropolitan City of Palermo",
      "isoCode": "PA",
      "countryCode": "IT",
      "latitude": "38.11569000",
      "longitude": "13.36148680"
   },
   {
      "name": "Province of Piacenza",
      "isoCode": "PC",
      "countryCode": "IT",
      "latitude": "44.82631120",
      "longitude": "9.52914470"
   },
   {
      "name": "Province of Padua",
      "isoCode": "PD",
      "countryCode": "IT",
      "latitude": "45.36618640",
      "longitude": "11.82091390"
   },
   {
      "name": "Province of Pescara",
      "isoCode": "PE",
      "countryCode": "IT",
      "latitude": "42.35706550",
      "longitude": "13.96080910"
   },
   {
      "name": "Province of Perugia",
      "isoCode": "PG",
      "countryCode": "IT",
      "latitude": "42.93800400",
      "longitude": "12.62162110"
   },
   {
      "name": "Province of Pisa",
      "isoCode": "PI",
      "countryCode": "IT",
      "latitude": "43.72283150",
      "longitude": "10.40171940"
   },
   {
      "name": "Province of Pordenone",
      "isoCode": "PN",
      "countryCode": "IT",
      "latitude": "46.03788620",
      "longitude": "12.71083500"
   },
   {
      "name": "Province of Prato",
      "isoCode": "PO",
      "countryCode": "IT",
      "latitude": "44.04539000",
      "longitude": "11.11644520"
   },
   {
      "name": "Province of Parma",
      "isoCode": "PR",
      "countryCode": "IT",
      "latitude": "44.80153220",
      "longitude": "10.32793540"
   },
   {
      "name": "Province of Pistoia",
      "isoCode": "PT",
      "countryCode": "IT",
      "latitude": "43.95437330",
      "longitude": "10.89030990"
   },
   {
      "name": "Pesaro and Urbino Province",
      "isoCode": "PU",
      "countryCode": "IT",
      "latitude": "43.61301180",
      "longitude": "12.71351210"
   },
   {
      "name": "Province of Pavia",
      "isoCode": "PV",
      "countryCode": "IT",
      "latitude": "45.32181660",
      "longitude": "8.84662360"
   },
   {
      "name": "Province of Potenza",
      "isoCode": "PZ",
      "countryCode": "IT",
      "latitude": "40.41821940",
      "longitude": "15.87600400"
   },
   {
      "name": "Province of Ravenna",
      "isoCode": "RA",
      "countryCode": "IT",
      "latitude": "44.41844430",
      "longitude": "12.20359980"
   },
   {
      "name": "Metropolitan City of Reggio Calabria",
      "isoCode": "RC",
      "countryCode": "IT",
      "latitude": "38.10843960",
      "longitude": "15.64370480"
   },
   {
      "name": "Province of Reggio Emilia",
      "isoCode": "RE",
      "countryCode": "IT",
      "latitude": "44.58565800",
      "longitude": "10.55647360"
   },
   {
      "name": "Libero consorzio comunale di Ragusa",
      "isoCode": "RG",
      "countryCode": "IT",
      "latitude": "36.92692730",
      "longitude": "14.72551290"
   },
   {
      "name": "Province of Rieti",
      "isoCode": "RI",
      "countryCode": "IT",
      "latitude": "42.36744050",
      "longitude": "12.89750980"
   },
   {
      "name": "Metropolitan City of Rome",
      "isoCode": "RM",
      "countryCode": "IT",
      "latitude": "41.90270080",
      "longitude": "12.49623520"
   },
   {
      "name": "Province of Rimini",
      "isoCode": "RN",
      "countryCode": "IT",
      "latitude": "44.06782880",
      "longitude": "12.56951580"
   },
   {
      "name": "Province of Rovigo",
      "isoCode": "RO",
      "countryCode": "IT",
      "latitude": "45.02418180",
      "longitude": "11.82381620"
   },
   {
      "name": "Province of Salerno",
      "isoCode": "SA",
      "countryCode": "IT",
      "latitude": "40.42878320",
      "longitude": "15.21948080"
   },
   {
      "name": "Province of Siena",
      "isoCode": "SI",
      "countryCode": "IT",
      "latitude": "43.29377320",
      "longitude": "11.43391480"
   },
   {
      "name": "Province of Sondrio",
      "isoCode": "SO",
      "countryCode": "IT",
      "latitude": "46.17276360",
      "longitude": "9.79949170"
   },
   {
      "name": "Province of La Spezia",
      "isoCode": "SP",
      "countryCode": "IT",
      "latitude": "44.24479130",
      "longitude": "9.76786870"
   },
   {
      "name": "Libero consorzio comunale di Siracusa",
      "isoCode": "SR",
      "countryCode": "IT",
      "latitude": "37.06569240",
      "longitude": "15.28571090"
   },
   {
      "name": "Province of Sassari",
      "isoCode": "SS",
      "countryCode": "IT",
      "latitude": "40.79679070",
      "longitude": "8.57504070"
   },
   {
      "name": "Province of Savona",
      "isoCode": "SV",
      "countryCode": "IT",
      "latitude": "44.28879950",
      "longitude": "8.26505800"
   },
   {
      "name": "Province of Taranto",
      "isoCode": "TA",
      "countryCode": "IT",
      "latitude": "40.57409010",
      "longitude": "17.24299760"
   },
   {
      "name": "Province of Teramo",
      "isoCode": "TE",
      "countryCode": "IT",
      "latitude": "42.58956080",
      "longitude": "13.63627150"
   },
   {
      "name": "Trentino",
      "isoCode": "TN",
      "countryCode": "IT",
      "latitude": "46.05120040",
      "longitude": "11.11753920"
   },
   {
      "name": "Metropolitan City of Turin",
      "isoCode": "TO",
      "countryCode": "IT",
      "latitude": "45.06329900",
      "longitude": "7.66928900"
   },
   {
      "name": "Libero consorzio comunale di Trapani",
      "isoCode": "TP",
      "countryCode": "IT",
      "latitude": "38.01831160",
      "longitude": "12.51482650"
   },
   {
      "name": "Province of Terni",
      "isoCode": "TR",
      "countryCode": "IT",
      "latitude": "42.56345340",
      "longitude": "12.52980280"
   },
   {
      "name": "Province of Trieste",
      "isoCode": "TS",
      "countryCode": "IT",
      "latitude": "45.68948230",
      "longitude": "13.78330720"
   },
   {
      "name": "Province of Treviso",
      "isoCode": "TV",
      "countryCode": "IT",
      "latitude": "45.66685170",
      "longitude": "12.24306170"
   },
   {
      "name": "Province of Udine",
      "isoCode": "UD",
      "countryCode": "IT",
      "latitude": "46.14079720",
      "longitude": "13.16628960"
   },
   {
      "name": "Province of Varese",
      "isoCode": "VA",
      "countryCode": "IT",
      "latitude": "45.79902600",
      "longitude": "8.73009450"
   },
   {
      "name": "Province of Verbano-Cusio-Ossola",
      "isoCode": "VB",
      "countryCode": "IT",
      "latitude": "46.13996880",
      "longitude": "8.27246490"
   },
   {
      "name": "Province of Vercelli",
      "isoCode": "VC",
      "countryCode": "IT",
      "latitude": "45.32022040",
      "longitude": "8.41850800"
   },
   {
      "name": "Metropolitan City of Venice",
      "isoCode": "VE",
      "countryCode": "IT",
      "latitude": "45.44146850",
      "longitude": "12.31526720"
   },
   {
      "name": "Province of Vicenza",
      "isoCode": "VI",
      "countryCode": "IT",
      "latitude": "45.69839950",
      "longitude": "11.56614650"
   },
   {
      "name": "Province of Verona",
      "isoCode": "VR",
      "countryCode": "IT",
      "latitude": "45.44184980",
      "longitude": "11.07353160"
   },
   {
      "name": "Province of Medio Campidano",
      "isoCode": "VS",
      "countryCode": "IT",
      "latitude": "39.53173890",
      "longitude": "8.70407500"
   },
   {
      "name": "Province of Viterbo",
      "isoCode": "VT",
      "countryCode": "IT",
      "latitude": "42.40024200",
      "longitude": "11.88917210"
   },
   {
      "name": "Province of Vibo Valentia",
      "isoCode": "VV",
      "countryCode": "IT",
      "latitude": "38.63785650",
      "longitude": "16.20514840"
   }
]