[
   {
      "name": "Agazzano",
      "countryCode": "IT",
      "stateCode": "45"
   },
   {
      "name": "Albareto",
      "countryCode": "IT",
      "stateCode": "45"
   },
   {
      "name": "Alberi",
      "countryCode": "IT",
      "stateCode": "45"
   },
   {
      "name": "Albinea",
      "countryCode": "IT",
      "stateCode": "45"
   },
   {
      "name": "Alfonsine",
      "countryCode": "IT",
      "stateCode": "45"
   },
   {
      "name": "Alseno",
      "countryCode": "IT",
      "stateCode": "45"
   },
   {
      "name": "Altedo",
      "countryCode": "IT",
      "stateCode": "45"
   },
   {
      "name": "Anzola dell'Emilia",
      "countryCode": "IT",
      "stateCode": "45"
   },
   {
      "name": "Arceto",
      "countryCode": "IT",
      "stateCode": "45"
   },
   {
      "name": "Argelato",
      "countryCode": "IT",
      "stateCode": "45"
   },
   {
      "name": "Argenta",
      "countryCode": "IT",
      "stateCode": "45"
   },
   {
      "name": "Argine",
      "countryCode": "IT",
      "stateCode": "45"
   },
   {
      "name": "Baganzola",
      "countryCode": "IT",
      "stateCode": "45"
   },
   {
      "name": "Baggiovara",
      "countryCode": "IT",
      "stateCode": "45"
   },
   {
      "name": "Bagnacavallo",
      "countryCode": "IT",
      "stateCode": "45"
   },
   {
      "name": "Bagnara di Romagna",
      "countryCode": "IT",
      "stateCode": "45"
   },
   {
      "name": "Bagnarola",
      "countryCode": "IT",
      "stateCode": "45"
   },
   {
      "name": "Bagno",
      "countryCode": "IT",
      "stateCode": "45"
   },
   {
      "name": "Bagnolo in Piano",
      "countryCode": "IT",
      "stateCode": "45"
   },
   {
      "name": "Baiso",
      "countryCode": "IT",
      "stateCode": "45"
   },
   {
      "name": "Barbiano",
      "countryCode": "IT",
      "stateCode": "45"
   },
   {
      "name": "Barco",
      "countryCode": "IT",
      "stateCode": "45"
   },
   {
      "name": "Bardi",
      "countryCode": "IT",
      "stateCode": "45"
   },
   {
      "name": "Baricella",
      "countryCode": "IT",
      "stateCode": "45"
   },
   {
      "name": "Basilicagoiano",
      "countryCode": "IT",
      "stateCode": "45"
   },
   {
      "name": "Basilicanova",
      "countryCode": "IT",
      "stateCode": "45"
   },
   {
      "name": "Bastiglia",
      "countryCode": "IT",
      "stateCode": "45"
   },
   {
      "name": "Bazzano",
      "countryCode": "IT",
      "stateCode": "45"
   },
   {
      "name": "Bedonia",
      "countryCode": "IT",
      "stateCode": "45"
   },
   {
      "name": "Bellaria-Igea Marina",
      "countryCode": "IT",
      "stateCode": "45"
   },
   {
      "name": "Bentivoglio",
      "countryCode": "IT",
      "stateCode": "45"
   },
   {
      "name": "Berceto",
      "countryCode": "IT",
      "stateCode": "45"
   },
   {
      "name": "Berra",
      "countryCode": "IT",
      "stateCode": "45"
   },
   {
      "name": "Bertinoro",
      "countryCode": "IT",
      "stateCode": "45"
   },
   {
      "name": "Berzantina",
      "countryCode": "IT",
      "stateCode": "45"
   },
   {
      "name": "Besenzone",
      "countryCode": "IT",
      "stateCode": "45"
   },
   {
      "name": "Bettola",
      "countryCode": "IT",
      "stateCode": "45"
   },
   {
      "name": "Bibbiano",
      "countryCode": "IT",
      "stateCode": "45"
   },
   {
      "name": "Bobbio",
      "countryCode": "IT",
      "stateCode": "45"
   },
   {
      "name": "Bologna",
      "countryCode": "IT",
      "stateCode": "45"
   },
   {
      "name": "Bomporto",
      "countryCode": "IT",
      "stateCode": "45"
   },
   {
      "name": "Bondeno",
      "countryCode": "IT",
      "stateCode": "45"
   },
   {
      "name": "Bora Bassa",
      "countryCode": "IT",
      "stateCode": "45"
   },
   {
      "name": "Bore",
      "countryCode": "IT",
      "stateCode": "45"
   },
   {
      "name": "Borello",
      "countryCode": "IT",
      "stateCode": "45"
   },
   {
      "name": "Boretto",
      "countryCode": "IT",
      "stateCode": "45"
   },
   {
      "name": "Borghi",
      "countryCode": "IT",
      "stateCode": "45"
   },
   {
      "name": "Borgo Tossignano",
      "countryCode": "IT",
      "stateCode": "45"
   },
   {
      "name": "Borgo Val di Taro",
      "countryCode": "IT",
      "stateCode": "45"
   },
   {
      "name": "Borgonovo Valtidone",
      "countryCode": "IT",
      "stateCode": "45"
   },
   {
      "name": "Borgonuovo",
      "countryCode": "IT",
      "stateCode": "45"
   },
   {
      "name": "Borzano",
      "countryCode": "IT",
      "stateCode": "45"
   },
   {
      "name": "Bosco Mesola",
      "countryCode": "IT",
      "stateCode": "45"
   },
   {
      "name": "Brescello",
      "countryCode": "IT",
      "stateCode": "45"
   },
   {
      "name": "Brisighella",
      "countryCode": "IT",
      "stateCode": "45"
   },
   {
      "name": "Bubano",
      "countryCode": "IT",
      "stateCode": "45"
   },
   {
      "name": "Budrio",
      "countryCode": "IT",
      "stateCode": "45"
   },
   {
      "name": "Busana",
      "countryCode": "IT",
      "stateCode": "45"
   },
   {
      "name": "Busseto",
      "countryCode": "IT",
      "stateCode": "45"
   },
   {
      "name": "Ca' di Sola",
      "countryCode": "IT",
      "stateCode": "45"
   },
   {
      "name": "Cadelbosco di Sopra",
      "countryCode": "IT",
      "stateCode": "45"
   },
   {
      "name": "Cadelbosco di Sotto",
      "countryCode": "IT",
      "stateCode": "45"
   },
   {
      "name": "Cadè-Gaida",
      "countryCode": "IT",
      "stateCode": "45"
   },
   {
      "name": "Calcara",
      "countryCode": "IT",
      "stateCode": "45"
   },
   {
      "name": "Calderara di Reno",
      "countryCode": "IT",
      "stateCode": "45"
   },
   {
      "name": "Calderino",
      "countryCode": "IT",
      "stateCode": "45"
   },
   {
      "name": "Calendasco",
      "countryCode": "IT",
      "stateCode": "45"
   },
   {
      "name": "Calerno",
      "countryCode": "IT",
      "stateCode": "45"
   },
   {
      "name": "Calestano",
      "countryCode": "IT",
      "stateCode": "45"
   },
   {
      "name": "Caminata",
      "countryCode": "IT",
      "stateCode": "45"
   },
   {
      "name": "Campagnola Emilia",
      "countryCode": "IT",
      "stateCode": "45"
   },
   {
      "name": "Campegine",
      "countryCode": "IT",
      "stateCode": "45"
   },
   {
      "name": "Campogalliano",
      "countryCode": "IT",
      "stateCode": "45"
   },
   {
      "name": "Camposanto",
      "countryCode": "IT",
      "stateCode": "45"
   },
   {
      "name": "Camugnano",
      "countryCode": "IT",
      "stateCode": "45"
   },
   {
      "name": "Caorso",
      "countryCode": "IT",
      "stateCode": "45"
   },
   {
      "name": "Caprara",
      "countryCode": "IT",
      "stateCode": "45"
   },
   {
      "name": "Carpaneto Piacentino",
      "countryCode": "IT",
      "stateCode": "45"
   },
   {
      "name": "Carpi Centro",
      "countryCode": "IT",
      "stateCode": "45"
   },
   {
      "name": "Carpineti",
      "countryCode": "IT",
      "stateCode": "45"
   },
   {
      "name": "Casale",
      "countryCode": "IT",
      "stateCode": "45"
   },
   {
      "name": "Casalecchio di Reno",
      "countryCode": "IT",
      "stateCode": "45"
   },
   {
      "name": "Casalfiumanese",
      "countryCode": "IT",
      "stateCode": "45"
   },
   {
      "name": "Casalgrande",
      "countryCode": "IT",
      "stateCode": "45"
   },
   {
      "name": "Casina",
      "countryCode": "IT",
      "stateCode": "45"
   },
   {
      "name": "Casola Valsenio",
      "countryCode": "IT",
      "stateCode": "45"
   },
   {
      "name": "Castel Bolognese",
      "countryCode": "IT",
      "stateCode": "45"
   },
   {
      "name": "Castel Guelfo di Bologna",
      "countryCode": "IT",
      "stateCode": "45"
   },
   {
      "name": "Castel Maggiore",
      "countryCode": "IT",
      "stateCode": "45"
   },
   {
      "name": "Castel San Giovanni",
      "countryCode": "IT",
      "stateCode": "45"
   },
   {
      "name": "Castel San Pietro Terme",
      "countryCode": "IT",
      "stateCode": "45"
   },
   {
      "name": "Castel d'Aiano",
      "countryCode": "IT",
      "stateCode": "45"
   },
   {
      "name": "Castel del Rio",
      "countryCode": "IT",
      "stateCode": "45"
   },
   {
      "name": "Castel di Casio",
      "countryCode": "IT",
      "stateCode": "45"
   },
   {
      "name": "Casteldelci",
      "countryCode": "IT",
      "stateCode": "45"
   },
   {
      "name": "Castelfranco Emilia",
      "countryCode": "IT",
      "stateCode": "45"
   },
   {
      "name": "Castell'Arquato",
      "countryCode": "IT",
      "stateCode": "45"
   },
   {
      "name": "Castellarano",
      "countryCode": "IT",
      "stateCode": "45"
   },
   {
      "name": "Castelletto",
      "countryCode": "IT",
      "stateCode": "45"
   },
   {
      "name": "Castello d'Argile",
      "countryCode": "IT",
      "stateCode": "45"
   },
   {
      "name": "Castelnovo di Sotto",
      "countryCode": "IT",
      "stateCode": "45"
   },
   {
      "name": "Castelnovo ne'Monti",
      "countryCode": "IT",
      "stateCode": "45"
   },
   {
      "name": "Castelnuovo Rangone",
      "countryCode": "IT",
      "stateCode": "45"
   },
   {
      "name": "Castelvetro Piacentino",
      "countryCode": "IT",
      "stateCode": "45"
   },
   {
      "name": "Castelvetro di Modena",
      "countryCode": "IT",
      "stateCode": "45"
   },
   {
      "name": "Castenaso",
      "countryCode": "IT",
      "stateCode": "45"
   },
   {
      "name": "Castiglione dei Pepoli",
      "countryCode": "IT",
      "stateCode": "45"
   },
   {
      "name": "Castrocaro Terme e Terra del Sole",
      "countryCode": "IT",
      "stateCode": "45"
   },
   {
      "name": "Cattolica",
      "countryCode": "IT",
      "stateCode": "45"
   },
   {
      "name": "Cavazzona",
      "countryCode": "IT",
      "stateCode": "45"
   },
   {
      "name": "Cavezzo",
      "countryCode": "IT",
      "stateCode": "45"
   },
   {
      "name": "Cavriago",
      "countryCode": "IT",
      "stateCode": "45"
   },
   {
      "name": "Cento",
      "countryCode": "IT",
      "stateCode": "45"
   },
   {
      "name": "Cerasolo",
      "countryCode": "IT",
      "stateCode": "45"
   },
   {
      "name": "Cerignale",
      "countryCode": "IT",
      "stateCode": "45"
   },
   {
      "name": "Cervia",
      "countryCode": "IT",
      "stateCode": "45"
   },
   {
      "name": "Cesena",
      "countryCode": "IT",
      "stateCode": "45"
   },
   {
      "name": "Cesenatico",
      "countryCode": "IT",
      "stateCode": "45"
   },
   {
      "name": "Ciano d'Enza",
      "countryCode": "IT",
      "stateCode": "45"
   },
   {
      "name": "Civitella di Romagna",
      "countryCode": "IT",
      "stateCode": "45"
   },
   {
      "name": "Classe",
      "countryCode": "IT",
      "stateCode": "45"
   },
   {
      "name": "Coccanile-Cesta",
      "countryCode": "IT",
      "stateCode": "45"
   },
   {
      "name": "Codemondo-Quaresimo",
      "countryCode": "IT",
      "stateCode": "45"
   },
   {
      "name": "Codigoro",
      "countryCode": "IT",
      "stateCode": "45"
   },
   {
      "name": "Codisotto",
      "countryCode": "IT",
      "stateCode": "45"
   },
   {
      "name": "Coli",
      "countryCode": "IT",
      "stateCode": "45"
   },
   {
      "name": "Collagna",
      "countryCode": "IT",
      "stateCode": "45"
   },
   {
      "name": "Collecchio",
      "countryCode": "IT",
      "stateCode": "45"
   },
   {
      "name": "Colombaro",
      "countryCode": "IT",
      "stateCode": "45"
   },
   {
      "name": "Colorno",
      "countryCode": "IT",
      "stateCode": "45"
   },
   {
      "name": "Comacchio",
      "countryCode": "IT",
      "stateCode": "45"
   },
   {
      "name": "Compiano",
      "countryCode": "IT",
      "stateCode": "45"
   },
   {
      "name": "Cona",
      "countryCode": "IT",
      "stateCode": "45"
   },
   {
      "name": "Concordia sulla Secchia",
      "countryCode": "IT",
      "stateCode": "45"
   },
   {
      "name": "Consandolo",
      "countryCode": "IT",
      "stateCode": "45"
   },
   {
      "name": "Conselice",
      "countryCode": "IT",
      "stateCode": "45"
   },
   {
      "name": "Copparo",
      "countryCode": "IT",
      "stateCode": "45"
   },
   {
      "name": "Corcagnano",
      "countryCode": "IT",
      "stateCode": "45"
   },
   {
      "name": "Coriano",
      "countryCode": "IT",
      "stateCode": "45"
   },
   {
      "name": "Corniglio",
      "countryCode": "IT",
      "stateCode": "45"
   },
   {
      "name": "Corpo Reno",
      "countryCode": "IT",
      "stateCode": "45"
   },
   {
      "name": "Corpolò",
      "countryCode": "IT",
      "stateCode": "45"
   },
   {
      "name": "Correggio",
      "countryCode": "IT",
      "stateCode": "45"
   },
   {
      "name": "Cortemaggiore",
      "countryCode": "IT",
      "stateCode": "45"
   },
   {
      "name": "Cotignola",
      "countryCode": "IT",
      "stateCode": "45"
   },
   {
      "name": "Crespellano",
      "countryCode": "IT",
      "stateCode": "45"
   },
   {
      "name": "Crevalcore",
      "countryCode": "IT",
      "stateCode": "45"
   },
   {
      "name": "Cusercoli",
      "countryCode": "IT",
      "stateCode": "45"
   },
   {
      "name": "Cà Dè Fabbri",
      "countryCode": "IT",
      "stateCode": "45"
   },
   {
      "name": "Decima",
      "countryCode": "IT",
      "stateCode": "45"
   },
   {
      "name": "Dodici Morelli",
      "countryCode": "IT",
      "stateCode": "45"
   },
   {
      "name": "Dosso",
      "countryCode": "IT",
      "stateCode": "45"
   },
   {
      "name": "Dovadola",
      "countryCode": "IT",
      "stateCode": "45"
   },
   {
      "name": "Dozza",
      "countryCode": "IT",
      "stateCode": "45"
   },
   {
      "name": "Fabbrico",
      "countryCode": "IT",
      "stateCode": "45"
   },
   {
      "name": "Faenza",
      "countryCode": "IT",
      "stateCode": "45"
   },
   {
      "name": "Fanano",
      "countryCode": "IT",
      "stateCode": "45"
   },
   {
      "name": "Farini",
      "countryCode": "IT",
      "stateCode": "45"
   },
   {
      "name": "Felegara",
      "countryCode": "IT",
      "stateCode": "45"
   },
   {
      "name": "Felina",
      "countryCode": "IT",
      "stateCode": "45"
   },
   {
      "name": "Felino",
      "countryCode": "IT",
      "stateCode": "45"
   },
   {
      "name": "Fellegara",
      "countryCode": "IT",
      "stateCode": "45"
   },
   {
      "name": "Ferrara",
      "countryCode": "IT",
      "stateCode": "45"
   },
   {
      "name": "Ferriere",
      "countryCode": "IT",
      "stateCode": "45"
   },
   {
      "name": "Fidenza",
      "countryCode": "IT",
      "stateCode": "45"
   },
   {
      "name": "Finale Emilia",
      "countryCode": "IT",
      "stateCode": "45"
   },
   {
      "name": "Fiorano",
      "countryCode": "IT",
      "stateCode": "45"
   },
   {
      "name": "Fiorenzuola d'Arda",
      "countryCode": "IT",
      "stateCode": "45"
   },
   {
      "name": "Fiumalbo-Dogana",
      "countryCode": "IT",
      "stateCode": "45"
   },
   {
      "name": "Fiumana",
      "countryCode": "IT",
      "stateCode": "45"
   },
   {
      "name": "Fogliano",
      "countryCode": "IT",
      "stateCode": "45"
   },
   {
      "name": "Fognano",
      "countryCode": "IT",
      "stateCode": "45"
   },
   {
      "name": "Fontanelice",
      "countryCode": "IT",
      "stateCode": "45"
   },
   {
      "name": "Fontanellato",
      "countryCode": "IT",
      "stateCode": "45"
   },
   {
      "name": "Fontevivo",
      "countryCode": "IT",
      "stateCode": "45"
   },
   {
      "name": "Forche",
      "countryCode": "IT",
      "stateCode": "45"
   },
   {
      "name": "Forlimpopoli",
      "countryCode": "IT",
      "stateCode": "45"
   },
   {
      "name": "Forlì",
      "countryCode": "IT",
      "stateCode": "45"
   },
   {
      "name": "Formica",
      "countryCode": "IT",
      "stateCode": "45"
   },
   {
      "name": "Formigine",
      "countryCode": "IT",
      "stateCode": "45"
   },
   {
      "name": "Formignana",
      "countryCode": "IT",
      "stateCode": "45"
   },
   {
      "name": "Fornace Zarattini",
      "countryCode": "IT",
      "stateCode": "45"
   },
   {
      "name": "Fornovo di Taro",
      "countryCode": "IT",
      "stateCode": "45"
   },
   {
      "name": "Fossa",
      "countryCode": "IT",
      "stateCode": "45"
   },
   {
      "name": "Fosso Ghiaia",
      "countryCode": "IT",
      "stateCode": "45"
   },
   {
      "name": "Fossoli",
      "countryCode": "IT",
      "stateCode": "45"
   },
   {
      "name": "Francolino",
      "countryCode": "IT",
      "stateCode": "45"
   },
   {
      "name": "Frassinoro",
      "countryCode": "IT",
      "stateCode": "45"
   },
   {
      "name": "Fratta Terme",
      "countryCode": "IT",
      "stateCode": "45"
   },
   {
      "name": "Fusignano",
      "countryCode": "IT",
      "stateCode": "45"
   },
   {
      "name": "Gaggio",
      "countryCode": "IT",
      "stateCode": "45"
   },
   {
      "name": "Gaggio Montano",
      "countryCode": "IT",
      "stateCode": "45"
   },
   {
      "name": "Gaiano",
      "countryCode": "IT",
      "stateCode": "45"
   },
   {
      "name": "Gaibanella-Sant'Edigio",
      "countryCode": "IT",
      "stateCode": "45"
   },
   {
      "name": "Galeata",
      "countryCode": "IT",
      "stateCode": "45"
   },
   {
      "name": "Gallo",
      "countryCode": "IT",
      "stateCode": "45"
   },
   {
      "name": "Gambettola",
      "countryCode": "IT",
      "stateCode": "45"
   },
   {
      "name": "Gatteo a Mare",
      "countryCode": "IT",
      "stateCode": "45"
   },
   {
      "name": "Gatteo-Sant'Angelo",
      "countryCode": "IT",
      "stateCode": "45"
   },
   {
      "name": "Gazzola",
      "countryCode": "IT",
      "stateCode": "45"
   },
   {
      "name": "Gemmano",
      "countryCode": "IT",
      "stateCode": "45"
   },
   {
      "name": "Glorie",
      "countryCode": "IT",
      "stateCode": "45"
   },
   {
      "name": "Godo",
      "countryCode": "IT",
      "stateCode": "45"
   },
   {
      "name": "Goro",
      "countryCode": "IT",
      "stateCode": "45"
   },
   {
      "name": "Gorzano",
      "countryCode": "IT",
      "stateCode": "45"
   },
   {
      "name": "Gossolengo",
      "countryCode": "IT",
      "stateCode": "45"
   },
   {
      "name": "Gragnano Trebbiense",
      "countryCode": "IT",
      "stateCode": "45"
   },
   {
      "name": "Granarolo",
      "countryCode": "IT",
      "stateCode": "45"
   },
   {
      "name": "Granarolo dell'Emilia e Viadagola",
      "countryCode": "IT",
      "stateCode": "45"
   },
   {
      "name": "Grizzana",
      "countryCode": "IT",
      "stateCode": "45"
   },
   {
      "name": "Grizzana Morandi",
      "countryCode": "IT",
      "stateCode": "45"
   },
   {
      "name": "Gropparello",
      "countryCode": "IT",
      "stateCode": "45"
   },
   {
      "name": "Gualtieri",
      "countryCode": "IT",
      "stateCode": "45"
   },
   {
      "name": "Guastalla",
      "countryCode": "IT",
      "stateCode": "45"
   },
   {
      "name": "Guiglia",
      "countryCode": "IT",
      "stateCode": "45"
   },
   {
      "name": "Imola",
      "countryCode": "IT",
      "stateCode": "45"
   },
   {
      "name": "Jolanda di Savoia",
      "countryCode": "IT",
      "stateCode": "45"
   },
   {
      "name": "La Saletta-Tamara",
      "countryCode": "IT",
      "stateCode": "45"
   },
   {
      "name": "Lagosanto",
      "countryCode": "IT",
      "stateCode": "45"
   },
   {
      "name": "Lama",
      "countryCode": "IT",
      "stateCode": "45"
   },
   {
      "name": "Langhirano",
      "countryCode": "IT",
      "stateCode": "45"
   },
   {
      "name": "Lavezzola",
      "countryCode": "IT",
      "stateCode": "45"
   },
   {
      "name": "Lentigione-Sorbolo a Mane",
      "countryCode": "IT",
      "stateCode": "45"
   },
   {
      "name": "Lesignano de'Bagni",
      "countryCode": "IT",
      "stateCode": "45"
   },
   {
      "name": "Lido Adriano",
      "countryCode": "IT",
      "stateCode": "45"
   },
   {
      "name": "Lido degli Estensi",
      "countryCode": "IT",
      "stateCode": "45"
   },
   {
      "name": "Lido di Pomposa-Lido degli Scacchi",
      "countryCode": "IT",
      "stateCode": "45"
   },
   {
      "name": "Ligonchio",
      "countryCode": "IT",
      "stateCode": "45"
   },
   {
      "name": "Limidi",
      "countryCode": "IT",
      "stateCode": "45"
   },
   {
      "name": "Lizzano in Belvedere",
      "countryCode": "IT",
      "stateCode": "45"
   },
   {
      "name": "Loiano",
      "countryCode": "IT",
      "stateCode": "45"
   },
   {
      "name": "Longara",
      "countryCode": "IT",
      "stateCode": "45"
   },
   {
      "name": "Longastrino",
      "countryCode": "IT",
      "stateCode": "45"
   },
   {
      "name": "Longiano",
      "countryCode": "IT",
      "stateCode": "45"
   },
   {
      "name": "Lugagnano Val d'Arda",
      "countryCode": "IT",
      "stateCode": "45"
   },
   {
      "name": "Lugo",
      "countryCode": "IT",
      "stateCode": "45"
   },
   {
      "name": "Luzzara",
      "countryCode": "IT",
      "stateCode": "45"
   },
   {
      "name": "Madonna Dell'Albero",
      "countryCode": "IT",
      "stateCode": "45"
   },
   {
      "name": "Magreta",
      "countryCode": "IT",
      "stateCode": "45"
   },
   {
      "name": "Malalbergo",
      "countryCode": "IT",
      "stateCode": "45"
   },
   {
      "name": "Manzolino",
      "countryCode": "IT",
      "stateCode": "45"
   },
   {
      "name": "Maranello",
      "countryCode": "IT",
      "stateCode": "45"
   },
   {
      "name": "Marano sul Panaro",
      "countryCode": "IT",
      "stateCode": "45"
   },
   {
      "name": "Marina Romea",
      "countryCode": "IT",
      "stateCode": "45"
   },
   {
      "name": "Marina di Ravenna",
      "countryCode": "IT",
      "stateCode": "45"
   },
   {
      "name": "Marsaglia",
      "countryCode": "IT",
      "stateCode": "45"
   },
   {
      "name": "Marzabotto",
      "countryCode": "IT",
      "stateCode": "45"
   },
   {
      "name": "Masi-Torello",
      "countryCode": "IT",
      "stateCode": "45"
   },
   {
      "name": "Massa Finalese",
      "countryCode": "IT",
      "stateCode": "45"
   },
   {
      "name": "Massa Fiscaglia",
      "countryCode": "IT",
      "stateCode": "45"
   },
   {
      "name": "Massa Lombarda",
      "countryCode": "IT",
      "stateCode": "45"
   },
   {
      "name": "Massenzatico",
      "countryCode": "IT",
      "stateCode": "45"
   },
   {
      "name": "Medesano",
      "countryCode": "IT",
      "stateCode": "45"
   },
   {
      "name": "Medicina-Buda",
      "countryCode": "IT",
      "stateCode": "45"
   },
   {
      "name": "Medolla",
      "countryCode": "IT",
      "stateCode": "45"
   },
   {
      "name": "Meldola",
      "countryCode": "IT",
      "stateCode": "45"
   },
   {
      "name": "Mercato Saraceno",
      "countryCode": "IT",
      "stateCode": "45"
   },
   {
      "name": "Mesola",
      "countryCode": "IT",
      "stateCode": "45"
   },
   {
      "name": "Mezzano",
      "countryCode": "IT",
      "stateCode": "45"
   },
   {
      "name": "Mezzano Inferiore",
      "countryCode": "IT",
      "stateCode": "45"
   },
   {
      "name": "Mezzogoro",
      "countryCode": "IT",
      "stateCode": "45"
   },
   {
      "name": "Mezzolara",
      "countryCode": "IT",
      "stateCode": "45"
   },
   {
      "name": "Migliarina",
      "countryCode": "IT",
      "stateCode": "45"
   },
   {
      "name": "Migliarino",
      "countryCode": "IT",
      "stateCode": "45"
   },
   {
      "name": "Migliaro",
      "countryCode": "IT",
      "stateCode": "45"
   },
   {
      "name": "Milano Marittima",
      "countryCode": "IT",
      "stateCode": "45"
   },
   {
      "name": "Minerbio",
      "countryCode": "IT",
      "stateCode": "45"
   },
   {
      "name": "Mirabello",
      "countryCode": "IT",
      "stateCode": "45"
   },
   {
      "name": "Mirandola",
      "countryCode": "IT",
      "stateCode": "45"
   },
   {
      "name": "Misano Adriatico",
      "countryCode": "IT",
      "stateCode": "45"
   },
   {
      "name": "Modena",
      "countryCode": "IT",
      "stateCode": "45"
   },
   {
      "name": "Modigliana",
      "countryCode": "IT",
      "stateCode": "45"
   },
   {
      "name": "Molinella",
      "countryCode": "IT",
      "stateCode": "45"
   },
   {
      "name": "Molino del Pallone",
      "countryCode": "IT",
      "stateCode": "45"
   },
   {
      "name": "Monchio delle Corti",
      "countryCode": "IT",
      "stateCode": "45"
   },
   {
      "name": "Mondaino",
      "countryCode": "IT",
      "stateCode": "45"
   },
   {
      "name": "Monghidoro",
      "countryCode": "IT",
      "stateCode": "45"
   },
   {
      "name": "Montalbano",
      "countryCode": "IT",
      "stateCode": "45"
   },
   {
      "name": "Montale",
      "countryCode": "IT",
      "stateCode": "45"
   },
   {
      "name": "Monte Colombo",
      "countryCode": "IT",
      "stateCode": "45"
   },
   {
      "name": "Monte San Giovanni",
      "countryCode": "IT",
      "stateCode": "45"
   },
   {
      "name": "Montecavolo",
      "countryCode": "IT",
      "stateCode": "45"
   },
   {
      "name": "Montecchio Emilia",
      "countryCode": "IT",
      "stateCode": "45"
   },
   {
      "name": "Montechiarugolo",
      "countryCode": "IT",
      "stateCode": "45"
   },
   {
      "name": "Montecreto",
      "countryCode": "IT",
      "stateCode": "45"
   },
   {
      "name": "Montefiore Conca",
      "countryCode": "IT",
      "stateCode": "45"
   },
   {
      "name": "Montefiorino",
      "countryCode": "IT",
      "stateCode": "45"
   },
   {
      "name": "Montegridolfo",
      "countryCode": "IT",
      "stateCode": "45"
   },
   {
      "name": "Monterenzio",
      "countryCode": "IT",
      "stateCode": "45"
   },
   {
      "name": "Montescudo",
      "countryCode": "IT",
      "stateCode": "45"
   },
   {
      "name": "Montese",
      "countryCode": "IT",
      "stateCode": "45"
   },
   {
      "name": "Montiano",
      "countryCode": "IT",
      "stateCode": "45"
   },
   {
      "name": "Monticelli Terme",
      "countryCode": "IT",
      "stateCode": "45"
   },
   {
      "name": "Monticelli d'Ongina",
      "countryCode": "IT",
      "stateCode": "45"
   },
   {
      "name": "Monzuno",
      "countryCode": "IT",
      "stateCode": "45"
   },
   {
      "name": "Morciano di Romagna",
      "countryCode": "IT",
      "stateCode": "45"
   },
   {
      "name": "Mordano",
      "countryCode": "IT",
      "stateCode": "45"
   },
   {
      "name": "Morfasso",
      "countryCode": "IT",
      "stateCode": "45"
   },
   {
      "name": "Mulino",
      "countryCode": "IT",
      "stateCode": "45"
   },
   {
      "name": "Neviano degli Arduini",
      "countryCode": "IT",
      "stateCode": "45"
   },
   {
      "name": "Nibbiano",
      "countryCode": "IT",
      "stateCode": "45"
   },
   {
      "name": "Niviano",
      "countryCode": "IT",
      "stateCode": "45"
   },
   {
      "name": "Noceto",
      "countryCode": "IT",
      "stateCode": "45"
   },
   {
      "name": "Nonantola",
      "countryCode": "IT",
      "stateCode": "45"
   },
   {
      "name": "Novafeltria",
      "countryCode": "IT",
      "stateCode": "45"
   },
   {
      "name": "Novellara",
      "countryCode": "IT",
      "stateCode": "45"
   },
   {
      "name": "Novi di Modena",
      "countryCode": "IT",
      "stateCode": "45"
   },
   {
      "name": "Ospedaletto",
      "countryCode": "IT",
      "stateCode": "45"
   },
   {
      "name": "Ostellato",
      "countryCode": "IT",
      "stateCode": "45"
   },
   {
      "name": "Osteria Grande",
      "countryCode": "IT",
      "stateCode": "45"
   },
   {
      "name": "Osteria Nuova",
      "countryCode": "IT",
      "stateCode": "45"
   },
   {
      "name": "Ottone",
      "countryCode": "IT",
      "stateCode": "45"
   },
   {
      "name": "Ozzano Taro",
      "countryCode": "IT",
      "stateCode": "45"
   },
   {
      "name": "Ozzano dell'Emilia",
      "countryCode": "IT",
      "stateCode": "45"
   },
   {
      "name": "Padulle",
      "countryCode": "IT",
      "stateCode": "45"
   },
   {
      "name": "Palagano",
      "countryCode": "IT",
      "stateCode": "45"
   },
   {
      "name": "Palanzano",
      "countryCode": "IT",
      "stateCode": "45"
   },
   {
      "name": "Panighina",
      "countryCode": "IT",
      "stateCode": "45"
   },
   {
      "name": "Parma",
      "countryCode": "IT",
      "stateCode": "45"
   },
   {
      "name": "Pavullo nel Frignano",
      "countryCode": "IT",
      "stateCode": "45"
   },
   {
      "name": "Pecorara",
      "countryCode": "IT",
      "stateCode": "45"
   },
   {
      "name": "Pellegrino Parmense",
      "countryCode": "IT",
      "stateCode": "45"
   },
   {
      "name": "Pennabilli",
      "countryCode": "IT",
      "stateCode": "45"
   },
   {
      "name": "Piacenza",
      "countryCode": "IT",
      "stateCode": "45"
   },
   {
      "name": "Pianello Val Tidone",
      "countryCode": "IT",
      "stateCode": "45"
   },
   {
      "name": "Piangipane",
      "countryCode": "IT",
      "stateCode": "45"
   },
   {
      "name": "Pianoro",
      "countryCode": "IT",
      "stateCode": "45"
   },
   {
      "name": "Pietracuta",
      "countryCode": "IT",
      "stateCode": "45"
   },
   {
      "name": "Pieve di Cento",
      "countryCode": "IT",
      "stateCode": "45"
   },
   {
      "name": "Pievepelago",
      "countryCode": "IT",
      "stateCode": "45"
   },
   {
      "name": "Pilastro",
      "countryCode": "IT",
      "stateCode": "45"
   },
   {
      "name": "Pinarella",
      "countryCode": "IT",
      "stateCode": "45"
   },
   {
      "name": "Piozzano",
      "countryCode": "IT",
      "stateCode": "45"
   },
   {
      "name": "Pisignano",
      "countryCode": "IT",
      "stateCode": "45"
   },
   {
      "name": "Piumazzo",
      "countryCode": "IT",
      "stateCode": "45"
   },
   {
      "name": "Pizzano",
      "countryCode": "IT",
      "stateCode": "45"
   },
   {
      "name": "Podenzano",
      "countryCode": "IT",
      "stateCode": "45"
   },
   {
      "name": "Poggio Berni",
      "countryCode": "IT",
      "stateCode": "45"
   },
   {
      "name": "Poggio Renatico",
      "countryCode": "IT",
      "stateCode": "45"
   },
   {
      "name": "Polesine Parmense",
      "countryCode": "IT",
      "stateCode": "45"
   },
   {
      "name": "Polinago",
      "countryCode": "IT",
      "stateCode": "45"
   },
   {
      "name": "Ponte Ronca",
      "countryCode": "IT",
      "stateCode": "45"
   },
   {
      "name": "Ponte Taro",
      "countryCode": "IT",
      "stateCode": "45"
   },
   {
      "name": "Ponte dell'Olio",
      "countryCode": "IT",
      "stateCode": "45"
   },
   {
      "name": "Ponte della Venturina",
      "countryCode": "IT",
      "stateCode": "45"
   },
   {
      "name": "Pontegradella",
      "countryCode": "IT",
      "stateCode": "45"
   },
   {
      "name": "Pontelangorino",
      "countryCode": "IT",
      "stateCode": "45"
   },
   {
      "name": "Pontenure",
      "countryCode": "IT",
      "stateCode": "45"
   },
   {
      "name": "Ponticella",
      "countryCode": "IT",
      "stateCode": "45"
   },
   {
      "name": "Porotto-Cassama",
      "countryCode": "IT",
      "stateCode": "45"
   },
   {
      "name": "Porporano",
      "countryCode": "IT",
      "stateCode": "45"
   },
   {
      "name": "Porretta Terme",
      "countryCode": "IT",
      "stateCode": "45"
   },
   {
      "name": "Portico di Romagna",
      "countryCode": "IT",
      "stateCode": "45"
   },
   {
      "name": "Portico e San Benedetto",
      "countryCode": "IT",
      "stateCode": "45"
   },
   {
      "name": "Porto Corsini",
      "countryCode": "IT",
      "stateCode": "45"
   },
   {
      "name": "Porto Fuori",
      "countryCode": "IT",
      "stateCode": "45"
   },
   {
      "name": "Porto Garibaldi",
      "countryCode": "IT",
      "stateCode": "45"
   },
   {
      "name": "Portomaggiore",
      "countryCode": "IT",
      "stateCode": "45"
   },
   {
      "name": "Poviglio",
      "countryCode": "IT",
      "stateCode": "45"
   },
   {
      "name": "Pozza",
      "countryCode": "IT",
      "stateCode": "45"
   },
   {
      "name": "Praticello",
      "countryCode": "IT",
      "stateCode": "45"
   },
   {
      "name": "Pratissolo",
      "countryCode": "IT",
      "stateCode": "45"
   },
   {
      "name": "Prato",
      "countryCode": "IT",
      "stateCode": "45"
   },
   {
      "name": "Predappio",
      "countryCode": "IT",
      "stateCode": "45"
   },
   {
      "name": "Premilcuore",
      "countryCode": "IT",
      "stateCode": "45"
   },
   {
      "name": "Prignano",
      "countryCode": "IT",
      "stateCode": "45"
   },
   {
      "name": "Prignano sulla Secchia",
      "countryCode": "IT",
      "stateCode": "45"
   },
   {
      "name": "Progresso",
      "countryCode": "IT",
      "stateCode": "45"
   },
   {
      "name": "Provincia di Ferrara",
      "countryCode": "IT",
      "stateCode": "45"
   },
   {
      "name": "Provincia di Forlì-Cesena",
      "countryCode": "IT",
      "stateCode": "45"
   },
   {
      "name": "Provincia di Modena",
      "countryCode": "IT",
      "stateCode": "45"
   },
   {
      "name": "Provincia di Parma",
      "countryCode": "IT",
      "stateCode": "45"
   },
   {
      "name": "Provincia di Piacenza",
      "countryCode": "IT",
      "stateCode": "45"
   },
   {
      "name": "Provincia di Ravenna",
      "countryCode": "IT",
      "stateCode": "45"
   },
   {
      "name": "Provincia di Reggio Emilia",
      "countryCode": "IT",
      "stateCode": "45"
   },
   {
      "name": "Provincia di Rimini",
      "countryCode": "IT",
      "stateCode": "45"
   },
   {
      "name": "Puianello",
      "countryCode": "IT",
      "stateCode": "45"
   },
   {
      "name": "Pulce",
      "countryCode": "IT",
      "stateCode": "45"
   },
   {
      "name": "Punta Marina",
      "countryCode": "IT",
      "stateCode": "45"
   },
   {
      "name": "Quarantoli",
      "countryCode": "IT",
      "stateCode": "45"
   },
   {
      "name": "Quartesana",
      "countryCode": "IT",
      "stateCode": "45"
   },
   {
      "name": "Quarto Inferiore",
      "countryCode": "IT",
      "stateCode": "45"
   },
   {
      "name": "Quattro Castella",
      "countryCode": "IT",
      "stateCode": "45"
   },
   {
      "name": "Ramiola",
      "countryCode": "IT",
      "stateCode": "45"
   },
   {
      "name": "Ramiseto",
      "countryCode": "IT",
      "stateCode": "45"
   },
   {
      "name": "Rastignano-Carteria di Sesto",
      "countryCode": "IT",
      "stateCode": "45"
   },
   {
      "name": "Ravarino",
      "countryCode": "IT",
      "stateCode": "45"
   },
   {
      "name": "Ravenna",
      "countryCode": "IT",
      "stateCode": "45"
   },
   {
      "name": "Reggio nell'Emilia",
      "countryCode": "IT",
      "stateCode": "45"
   },
   {
      "name": "Reggiolo",
      "countryCode": "IT",
      "stateCode": "45"
   },
   {
      "name": "Renazzo",
      "countryCode": "IT",
      "stateCode": "45"
   },
   {
      "name": "Riale",
      "countryCode": "IT",
      "stateCode": "45"
   },
   {
      "name": "Riccione",
      "countryCode": "IT",
      "stateCode": "45"
   },
   {
      "name": "Riccò",
      "countryCode": "IT",
      "stateCode": "45"
   },
   {
      "name": "Rimini",
      "countryCode": "IT",
      "stateCode": "45"
   },
   {
      "name": "Rio Saliceto",
      "countryCode": "IT",
      "stateCode": "45"
   },
   {
      "name": "Riolo Terme",
      "countryCode": "IT",
      "stateCode": "45"
   },
   {
      "name": "Riolunato",
      "countryCode": "IT",
      "stateCode": "45"
   },
   {
      "name": "Rivazzurra",
      "countryCode": "IT",
      "stateCode": "45"
   },
   {
      "name": "Rivergaro",
      "countryCode": "IT",
      "stateCode": "45"
   },
   {
      "name": "Ro",
      "countryCode": "IT",
      "stateCode": "45"
   },
   {
      "name": "Rocca San Casciano",
      "countryCode": "IT",
      "stateCode": "45"
   },
   {
      "name": "Roccabianca",
      "countryCode": "IT",
      "stateCode": "45"
   },
   {
      "name": "Rolo",
      "countryCode": "IT",
      "stateCode": "45"
   },
   {
      "name": "Roncocesi",
      "countryCode": "IT",
      "stateCode": "45"
   },
   {
      "name": "Roncofreddo",
      "countryCode": "IT",
      "stateCode": "45"
   },
   {
      "name": "Roncofreddo-Santa Paola",
      "countryCode": "IT",
      "stateCode": "45"
   },
   {
      "name": "Roteglia",
      "countryCode": "IT",
      "stateCode": "45"
   },
   {
      "name": "Rottofreno",
      "countryCode": "IT",
      "stateCode": "45"
   },
   {
      "name": "Roveleto",
      "countryCode": "IT",
      "stateCode": "45"
   },
   {
      "name": "Rovereto",
      "countryCode": "IT",
      "stateCode": "45"
   },
   {
      "name": "Rubiera",
      "countryCode": "IT",
      "stateCode": "45"
   },
   {
      "name": "Russi",
      "countryCode": "IT",
      "stateCode": "45"
   },
   {
      "name": "Sala",
      "countryCode": "IT",
      "stateCode": "45"
   },
   {
      "name": "Sala Baganza",
      "countryCode": "IT",
      "stateCode": "45"
   },
   {
      "name": "Sala Bolognese",
      "countryCode": "IT",
      "stateCode": "45"
   },
   {
      "name": "Salsomaggiore Terme",
      "countryCode": "IT",
      "stateCode": "45"
   },
   {
      "name": "Saludecio",
      "countryCode": "IT",
      "stateCode": "45"
   },
   {
      "name": "Salvaterra",
      "countryCode": "IT",
      "stateCode": "45"
   },
   {
      "name": "Sam Marino",
      "countryCode": "IT",
      "stateCode": "45"
   },
   {
      "name": "San Bartolomeo",
      "countryCode": "IT",
      "stateCode": "45"
   },
   {
      "name": "San Bartolomeo In Bosco",
      "countryCode": "IT",
      "stateCode": "45"
   },
   {
      "name": "San Benedetto Val di Sambro",
      "countryCode": "IT",
      "stateCode": "45"
   },
   {
      "name": "San Biagio",
      "countryCode": "IT",
      "stateCode": "45"
   },
   {
      "name": "San Carlo",
      "countryCode": "IT",
      "stateCode": "45"
   },
   {
      "name": "San Cesario sul Panaro",
      "countryCode": "IT",
      "stateCode": "45"
   },
   {
      "name": "San Clemente",
      "countryCode": "IT",
      "stateCode": "45"
   },
   {
      "name": "San Damaso",
      "countryCode": "IT",
      "stateCode": "45"
   },
   {
      "name": "San Felice sul Panaro",
      "countryCode": "IT",
      "stateCode": "45"
   },
   {
      "name": "San Gabriele-Mondonuovo",
      "countryCode": "IT",
      "stateCode": "45"
   },
   {
      "name": "San Giorgio Piacentino",
      "countryCode": "IT",
      "stateCode": "45"
   },
   {
      "name": "San Giorgio di Piano",
      "countryCode": "IT",
      "stateCode": "45"
   },
   {
      "name": "San Giovanni in Marignano",
      "countryCode": "IT",
      "stateCode": "45"
   },
   {
      "name": "San Giovanni in Persiceto",
      "countryCode": "IT",
      "stateCode": "45"
   },
   {
      "name": "San Giovanni-San Bernardino",
      "countryCode": "IT",
      "stateCode": "45"
   },
   {
      "name": "San Giuseppe",
      "countryCode": "IT",
      "stateCode": "45"
   },
   {
      "name": "San Lazzaro",
      "countryCode": "IT",
      "stateCode": "45"
   },
   {
      "name": "San Leo",
      "countryCode": "IT",
      "stateCode": "45"
   },
   {
      "name": "San Martino",
      "countryCode": "IT",
      "stateCode": "45"
   },
   {
      "name": "San Martino dei Mulini",
      "countryCode": "IT",
      "stateCode": "45"
   },
   {
      "name": "San Martino in Argine",
      "countryCode": "IT",
      "stateCode": "45"
   },
   {
      "name": "San Martino in Rio",
      "countryCode": "IT",
      "stateCode": "45"
   },
   {
      "name": "San Mauro Pascoli",
      "countryCode": "IT",
      "stateCode": "45"
   },
   {
      "name": "San Mauro a Mare",
      "countryCode": "IT",
      "stateCode": "45"
   },
   {
      "name": "San Michele Tiorre",
      "countryCode": "IT",
      "stateCode": "45"
   },
   {
      "name": "San Michele dei Mucchietti",
      "countryCode": "IT",
      "stateCode": "45"
   },
   {
      "name": "San Nicolò",
      "countryCode": "IT",
      "stateCode": "45"
   },
   {
      "name": "San Pancrazio",
      "countryCode": "IT",
      "stateCode": "45"
   },
   {
      "name": "San Piero in Bagno",
      "countryCode": "IT",
      "stateCode": "45"
   },
   {
      "name": "San Pietro Capofiume",
      "countryCode": "IT",
      "stateCode": "45"
   },
   {
      "name": "San Pietro In Vincoli",
      "countryCode": "IT",
      "stateCode": "45"
   },
   {
      "name": "San Pietro in Casale",
      "countryCode": "IT",
      "stateCode": "45"
   },
   {
      "name": "San Pietro in Cerro",
      "countryCode": "IT",
      "stateCode": "45"
   },
   {
      "name": "San Polo",
      "countryCode": "IT",
      "stateCode": "45"
   },
   {
      "name": "San Polo d'Enza",
      "countryCode": "IT",
      "stateCode": "45"
   },
   {
      "name": "San Possidonio",
      "countryCode": "IT",
      "stateCode": "45"
   },
   {
      "name": "San Prospero",
      "countryCode": "IT",
      "stateCode": "45"
   },
   {
      "name": "San Secondo Parmense",
      "countryCode": "IT",
      "stateCode": "45"
   },
   {
      "name": "San Venanzio",
      "countryCode": "IT",
      "stateCode": "45"
   },
   {
      "name": "San Vincenzo",
      "countryCode": "IT",
      "stateCode": "45"
   },
   {
      "name": "San Vito",
      "countryCode": "IT",
      "stateCode": "45"
   },
   {
      "name": "Sant'Agata Bolognese",
      "countryCode": "IT",
      "stateCode": "45"
   },
   {
      "name": "Sant'Agata Feltria",
      "countryCode": "IT",
      "stateCode": "45"
   },
   {
      "name": "Sant'Agata sul Santerno",
      "countryCode": "IT",
      "stateCode": "45"
   },
   {
      "name": "Sant'Agostino",
      "countryCode": "IT",
      "stateCode": "45"
   },
   {
      "name": "Sant'Alberto",
      "countryCode": "IT",
      "stateCode": "45"
   },
   {
      "name": "Sant'Andrea",
      "countryCode": "IT",
      "stateCode": "45"
   },
   {
      "name": "Sant'Andrea in Casale",
      "countryCode": "IT",
      "stateCode": "45"
   },
   {
      "name": "Sant'Antonio",
      "countryCode": "IT",
      "stateCode": "45"
   },
   {
      "name": "Sant'Ilario d'Enza",
      "countryCode": "IT",
      "stateCode": "45"
   },
   {
      "name": "Santa Croce Scuole",
      "countryCode": "IT",
      "stateCode": "45"
   },
   {
      "name": "Santa Giustina",
      "countryCode": "IT",
      "stateCode": "45"
   },
   {
      "name": "Santa Maria Codifiume",
      "countryCode": "IT",
      "stateCode": "45"
   },
   {
      "name": "Santa Maria Nuova",
      "countryCode": "IT",
      "stateCode": "45"
   },
   {
      "name": "Santa Monica-Cella",
      "countryCode": "IT",
      "stateCode": "45"
   },
   {
      "name": "Santa Sofia",
      "countryCode": "IT",
      "stateCode": "45"
   },
   {
      "name": "Santa Vittoria",
      "countryCode": "IT",
      "stateCode": "45"
   },
   {
      "name": "Santarcangelo",
      "countryCode": "IT",
      "stateCode": "45"
   },
   {
      "name": "Santerno",
      "countryCode": "IT",
      "stateCode": "45"
   },
   {
      "name": "Santo Stefano-Carraie",
      "countryCode": "IT",
      "stateCode": "45"
   },
   {
      "name": "Sarmato",
      "countryCode": "IT",
      "stateCode": "45"
   },
   {
      "name": "Sarsina",
      "countryCode": "IT",
      "stateCode": "45"
   },
   {
      "name": "Sasso Marconi",
      "countryCode": "IT",
      "stateCode": "45"
   },
   {
      "name": "Sassuolo",
      "countryCode": "IT",
      "stateCode": "45"
   },
   {
      "name": "Savarna-Conventello",
      "countryCode": "IT",
      "stateCode": "45"
   },
   {
      "name": "Savignano sul Panaro",
      "countryCode": "IT",
      "stateCode": "45"
   },
   {
      "name": "Savignano sul Rubicone",
      "countryCode": "IT",
      "stateCode": "45"
   },
   {
      "name": "Savigno",
      "countryCode": "IT",
      "stateCode": "45"
   },
   {
      "name": "Savio",
      "countryCode": "IT",
      "stateCode": "45"
   },
   {
      "name": "Scandiano",
      "countryCode": "IT",
      "stateCode": "45"
   },
   {
      "name": "Scortichino",
      "countryCode": "IT",
      "stateCode": "45"
   },
   {
      "name": "Secchiano",
      "countryCode": "IT",
      "stateCode": "45"
   },
   {
      "name": "Serra di Maiolo",
      "countryCode": "IT",
      "stateCode": "45"
   },
   {
      "name": "Serramazzoni",
      "countryCode": "IT",
      "stateCode": "45"
   },
   {
      "name": "Serravalle",
      "countryCode": "IT",
      "stateCode": "45"
   },
   {
      "name": "Sesto Imolese",
      "countryCode": "IT",
      "stateCode": "45"
   },
   {
      "name": "Sestola",
      "countryCode": "IT",
      "stateCode": "45"
   },
   {
      "name": "Sissa",
      "countryCode": "IT",
      "stateCode": "45"
   },
   {
      "name": "Sogliano al Rubicone",
      "countryCode": "IT",
      "stateCode": "45"
   },
   {
      "name": "Solara",
      "countryCode": "IT",
      "stateCode": "45"
   },
   {
      "name": "Solarolo",
      "countryCode": "IT",
      "stateCode": "45"
   },
   {
      "name": "Soliera",
      "countryCode": "IT",
      "stateCode": "45"
   },
   {
      "name": "Solignano",
      "countryCode": "IT",
      "stateCode": "45"
   },
   {
      "name": "Solignano Nuovo",
      "countryCode": "IT",
      "stateCode": "45"
   },
   {
      "name": "Soragna",
      "countryCode": "IT",
      "stateCode": "45"
   },
   {
      "name": "Sorbara",
      "countryCode": "IT",
      "stateCode": "45"
   },
   {
      "name": "Sorbolo",
      "countryCode": "IT",
      "stateCode": "45"
   },
   {
      "name": "Spilamberto",
      "countryCode": "IT",
      "stateCode": "45"
   },
   {
      "name": "Stazione Valmozzola",
      "countryCode": "IT",
      "stateCode": "45"
   },
   {
      "name": "Talamello",
      "countryCode": "IT",
      "stateCode": "45"
   },
   {
      "name": "Taneto",
      "countryCode": "IT",
      "stateCode": "45"
   },
   {
      "name": "Terenzo",
      "countryCode": "IT",
      "stateCode": "45"
   },
   {
      "name": "Tizzano Val Parma",
      "countryCode": "IT",
      "stateCode": "45"
   },
   {
      "name": "Toano",
      "countryCode": "IT",
      "stateCode": "45"
   },
   {
      "name": "Tornolo",
      "countryCode": "IT",
      "stateCode": "45"
   },
   {
      "name": "Torriana",
      "countryCode": "IT",
      "stateCode": "45"
   },
   {
      "name": "Torrile",
      "countryCode": "IT",
      "stateCode": "45"
   },
   {
      "name": "Toscanella",
      "countryCode": "IT",
      "stateCode": "45"
   },
   {
      "name": "Trarivi",
      "countryCode": "IT",
      "stateCode": "45"
   },
   {
      "name": "Traversetolo",
      "countryCode": "IT",
      "stateCode": "45"
   },
   {
      "name": "Travo",
      "countryCode": "IT",
      "stateCode": "45"
   },
   {
      "name": "Trebbo",
      "countryCode": "IT",
      "stateCode": "45"
   },
   {
      "name": "Trecasali",
      "countryCode": "IT",
      "stateCode": "45"
   },
   {
      "name": "Tredozio",
      "countryCode": "IT",
      "stateCode": "45"
   },
   {
      "name": "Tresigallo-Final di Rero",
      "countryCode": "IT",
      "stateCode": "45"
   },
   {
      "name": "Vado",
      "countryCode": "IT",
      "stateCode": "45"
   },
   {
      "name": "Varano De' Melegari",
      "countryCode": "IT",
      "stateCode": "45"
   },
   {
      "name": "Varsi",
      "countryCode": "IT",
      "stateCode": "45"
   },
   {
      "name": "Veggia-Villalunga",
      "countryCode": "IT",
      "stateCode": "45"
   },
   {
      "name": "Venezzano",
      "countryCode": "IT",
      "stateCode": "45"
   },
   {
      "name": "Ventoso",
      "countryCode": "IT",
      "stateCode": "45"
   },
   {
      "name": "Vergato",
      "countryCode": "IT",
      "stateCode": "45"
   },
   {
      "name": "Verghereto",
      "countryCode": "IT",
      "stateCode": "45"
   },
   {
      "name": "Vernasca",
      "countryCode": "IT",
      "stateCode": "45"
   },
   {
      "name": "Verucchio",
      "countryCode": "IT",
      "stateCode": "45"
   },
   {
      "name": "Vetto",
      "countryCode": "IT",
      "stateCode": "45"
   },
   {
      "name": "Vezzano sul Crostolo",
      "countryCode": "IT",
      "stateCode": "45"
   },
   {
      "name": "Viano",
      "countryCode": "IT",
      "stateCode": "45"
   },
   {
      "name": "Vicofertile",
      "countryCode": "IT",
      "stateCode": "45"
   },
   {
      "name": "Vigarano Mainarda",
      "countryCode": "IT",
      "stateCode": "45"
   },
   {
      "name": "Vigarano Pieve",
      "countryCode": "IT",
      "stateCode": "45"
   },
   {
      "name": "Vigatto",
      "countryCode": "IT",
      "stateCode": "45"
   },
   {
      "name": "Vignola",
      "countryCode": "IT",
      "stateCode": "45"
   },
   {
      "name": "Vigolzone",
      "countryCode": "IT",
      "stateCode": "45"
   },
   {
      "name": "Villa Fontana",
      "countryCode": "IT",
      "stateCode": "45"
   },
   {
      "name": "Villa Minozzo",
      "countryCode": "IT",
      "stateCode": "45"
   },
   {
      "name": "Villa Verucchio",
      "countryCode": "IT",
      "stateCode": "45"
   },
   {
      "name": "Villanova",
      "countryCode": "IT",
      "stateCode": "45"
   },
   {
      "name": "Villarotta",
      "countryCode": "IT",
      "stateCode": "45"
   },
   {
      "name": "Voghiera",
      "countryCode": "IT",
      "stateCode": "45"
   },
   {
      "name": "Voltana",
      "countryCode": "IT",
      "stateCode": "45"
   },
   {
      "name": "Zerba",
      "countryCode": "IT",
      "stateCode": "45"
   },
   {
      "name": "Ziano Piacentino",
      "countryCode": "IT",
      "stateCode": "45"
   },
   {
      "name": "Zibello",
      "countryCode": "IT",
      "stateCode": "45"
   },
   {
      "name": "Zocca",
      "countryCode": "IT",
      "stateCode": "45"
   },
   {
      "name": "Zola Predosa",
      "countryCode": "IT",
      "stateCode": "45"
   }
]