[
   {
      "name": "Agazzano",
      "countryCode": "IT",
      "stateCode": "45",
      "latitude": "44.94726000",
      "longitude": "9.51875000"
   },
   {
      "name": "Albareto",
      "countryCode": "IT",
      "stateCode": "45",
      "latitude": "44.44692000",
      "longitude": "9.70228000"
   },
   {
      "name": "Alberi",
      "countryCode": "IT",
      "stateCode": "45",
      "latitude": "44.74837000",
      "longitude": "10.33045000"
   },
   {
      "name": "Albinea",
      "countryCode": "IT",
      "stateCode": "45",
      "latitude": "44.62859000",
      "longitude": "10.61024000"
   },
   {
      "name": "Alfonsine",
      "countryCode": "IT",
      "stateCode": "45",
      "latitude": "44.50768000",
      "longitude": "12.03743000"
   },
   {
      "name": "Alseno",
      "countryCode": "IT",
      "stateCode": "45",
      "latitude": "44.89759000",
      "longitude": "9.96405000"
   },
   {
      "name": "Altedo",
      "countryCode": "IT",
      "stateCode": "45",
      "latitude": "44.67057000",
      "longitude": "11.49019000"
   },
   {
      "name": "Anzola dell'Emilia",
      "countryCode": "IT",
      "stateCode": "45",
      "latitude": "44.54197000",
      "longitude": "11.20548000"
   },
   {
      "name": "Arceto",
      "countryCode": "IT",
      "stateCode": "45",
      "latitude": "44.61762000",
      "longitude": "10.72461000"
   },
   {
      "name": "Argelato",
      "countryCode": "IT",
      "stateCode": "45",
      "latitude": "44.64009000",
      "longitude": "11.34359000"
   },
   {
      "name": "Argenta",
      "countryCode": "IT",
      "stateCode": "45",
      "latitude": "44.61397000",
      "longitude": "11.83547000"
   },
   {
      "name": "Argine",
      "countryCode": "IT",
      "stateCode": "45",
      "latitude": "44.77494000",
      "longitude": "10.63432000"
   },
   {
      "name": "Baganzola",
      "countryCode": "IT",
      "stateCode": "45",
      "latitude": "44.85513000",
      "longitude": "10.30706000"
   },
   {
      "name": "Baggiovara",
      "countryCode": "IT",
      "stateCode": "45",
      "latitude": "44.60416000",
      "longitude": "10.86256000"
   },
   {
      "name": "Bagnacavallo",
      "countryCode": "IT",
      "stateCode": "45",
      "latitude": "44.41402000",
      "longitude": "11.97813000"
   },
   {
      "name": "Bagnara di Romagna",
      "countryCode": "IT",
      "stateCode": "45",
      "latitude": "44.38930000",
      "longitude": "11.82726000"
   },
   {
      "name": "Bagnarola",
      "countryCode": "IT",
      "stateCode": "45",
      "latitude": "44.16232000",
      "longitude": "12.34280000"
   },
   {
      "name": "Bagno",
      "countryCode": "IT",
      "stateCode": "45",
      "latitude": "44.65545000",
      "longitude": "10.75881000"
   },
   {
      "name": "Bagnolo in Piano",
      "countryCode": "IT",
      "stateCode": "45",
      "latitude": "44.76437000",
      "longitude": "10.67358000"
   },
   {
      "name": "Baiso",
      "countryCode": "IT",
      "stateCode": "45",
      "latitude": "44.49668000",
      "longitude": "10.60083000"
   },
   {
      "name": "Barbiano",
      "countryCode": "IT",
      "stateCode": "45",
      "latitude": "44.38950000",
      "longitude": "11.88650000"
   },
   {
      "name": "Barco",
      "countryCode": "IT",
      "stateCode": "45",
      "latitude": "44.68833000",
      "longitude": "10.49582000"
   },
   {
      "name": "Bardi",
      "countryCode": "IT",
      "stateCode": "45",
      "latitude": "44.63138000",
      "longitude": "9.72907000"
   },
   {
      "name": "Baricella",
      "countryCode": "IT",
      "stateCode": "45",
      "latitude": "44.64820000",
      "longitude": "11.53800000"
   },
   {
      "name": "Basilicagoiano",
      "countryCode": "IT",
      "stateCode": "45",
      "latitude": "44.70545000",
      "longitude": "10.40457000"
   },
   {
      "name": "Basilicanova",
      "countryCode": "IT",
      "stateCode": "45",
      "latitude": "44.69804000",
      "longitude": "10.35231000"
   },
   {
      "name": "Bastiglia",
      "countryCode": "IT",
      "stateCode": "45",
      "latitude": "44.72697000",
      "longitude": "10.99860000"
   },
   {
      "name": "Bazzano",
      "countryCode": "IT",
      "stateCode": "45",
      "latitude": "44.50176000",
      "longitude": "11.08675000"
   },
   {
      "name": "Bedonia",
      "countryCode": "IT",
      "stateCode": "45",
      "latitude": "44.50400000",
      "longitude": "9.63489000"
   },
   {
      "name": "Bellaria-Igea Marina",
      "countryCode": "IT",
      "stateCode": "45",
      "latitude": "44.14255000",
      "longitude": "12.47154000"
   },
   {
      "name": "Bentivoglio",
      "countryCode": "IT",
      "stateCode": "45",
      "latitude": "44.63690000",
      "longitude": "11.41737000"
   },
   {
      "name": "Berceto",
      "countryCode": "IT",
      "stateCode": "45",
      "latitude": "44.50899000",
      "longitude": "9.99104000"
   },
   {
      "name": "Berra",
      "countryCode": "IT",
      "stateCode": "45",
      "latitude": "44.97656000",
      "longitude": "11.97727000"
   },
   {
      "name": "Bertinoro",
      "countryCode": "IT",
      "stateCode": "45",
      "latitude": "44.14874000",
      "longitude": "12.13650000"
   },
   {
      "name": "Berzantina",
      "countryCode": "IT",
      "stateCode": "45",
      "latitude": "44.15786000",
      "longitude": "10.98083000"
   },
   {
      "name": "Besenzone",
      "countryCode": "IT",
      "stateCode": "45",
      "latitude": "44.98689000",
      "longitude": "9.95604000"
   },
   {
      "name": "Bettola",
      "countryCode": "IT",
      "stateCode": "45",
      "latitude": "44.77826000",
      "longitude": "9.60857000"
   },
   {
      "name": "Bibbiano",
      "countryCode": "IT",
      "stateCode": "45",
      "latitude": "44.66292000",
      "longitude": "10.47391000"
   },
   {
      "name": "Bobbio",
      "countryCode": "IT",
      "stateCode": "45",
      "latitude": "44.76832000",
      "longitude": "9.38415000"
   },
   {
      "name": "Bologna",
      "countryCode": "IT",
      "stateCode": "45",
      "latitude": "44.46667000",
      "longitude": "11.43333000"
   },
   {
      "name": "Bomporto",
      "countryCode": "IT",
      "stateCode": "45",
      "latitude": "44.73389000",
      "longitude": "11.03667000"
   },
   {
      "name": "Bondeno",
      "countryCode": "IT",
      "stateCode": "45",
      "latitude": "44.88944000",
      "longitude": "11.41542000"
   },
   {
      "name": "Bora Bassa",
      "countryCode": "IT",
      "stateCode": "45",
      "latitude": "44.04636000",
      "longitude": "12.18066000"
   },
   {
      "name": "Bore",
      "countryCode": "IT",
      "stateCode": "45",
      "latitude": "44.71866000",
      "longitude": "9.79207000"
   },
   {
      "name": "Borello",
      "countryCode": "IT",
      "stateCode": "45",
      "latitude": "44.05846000",
      "longitude": "12.17993000"
   },
   {
      "name": "Boretto",
      "countryCode": "IT",
      "stateCode": "45",
      "latitude": "44.90157000",
      "longitude": "10.55147000"
   },
   {
      "name": "Borghi",
      "countryCode": "IT",
      "stateCode": "45",
      "latitude": "44.03223000",
      "longitude": "12.35618000"
   },
   {
      "name": "Borgo Tossignano",
      "countryCode": "IT",
      "stateCode": "45",
      "latitude": "44.28233000",
      "longitude": "11.59659000"
   },
   {
      "name": "Borgo Val di Taro",
      "countryCode": "IT",
      "stateCode": "45",
      "latitude": "44.48899000",
      "longitude": "9.76906000"
   },
   {
      "name": "Borgonovo Valtidone",
      "countryCode": "IT",
      "stateCode": "45",
      "latitude": "45.01436000",
      "longitude": "9.44346000"
   },
   {
      "name": "Borgonuovo",
      "countryCode": "IT",
      "stateCode": "45",
      "latitude": "44.43557000",
      "longitude": "11.27069000"
   },
   {
      "name": "Borzano",
      "countryCode": "IT",
      "stateCode": "45",
      "latitude": "44.60360000",
      "longitude": "10.63675000"
   },
   {
      "name": "Bosco Mesola",
      "countryCode": "IT",
      "stateCode": "45",
      "latitude": "44.87639000",
      "longitude": "12.23139000"
   },
   {
      "name": "Brescello",
      "countryCode": "IT",
      "stateCode": "45",
      "latitude": "44.89531000",
      "longitude": "10.51269000"
   },
   {
      "name": "Brisighella",
      "countryCode": "IT",
      "stateCode": "45",
      "latitude": "44.22228000",
      "longitude": "11.77358000"
   },
   {
      "name": "Bubano",
      "countryCode": "IT",
      "stateCode": "45",
      "latitude": "44.41341000",
      "longitude": "11.78231000"
   },
   {
      "name": "Budrio",
      "countryCode": "IT",
      "stateCode": "45",
      "latitude": "44.53745000",
      "longitude": "11.53439000"
   },
   {
      "name": "Busana",
      "countryCode": "IT",
      "stateCode": "45",
      "latitude": "44.36886000",
      "longitude": "10.32339000"
   },
   {
      "name": "Busseto",
      "countryCode": "IT",
      "stateCode": "45",
      "latitude": "44.97940000",
      "longitude": "10.04331000"
   },
   {
      "name": "Ca' di Sola",
      "countryCode": "IT",
      "stateCode": "45",
      "latitude": "44.52986000",
      "longitude": "10.95448000"
   },
   {
      "name": "Cadelbosco di Sopra",
      "countryCode": "IT",
      "stateCode": "45",
      "latitude": "44.76573000",
      "longitude": "10.59898000"
   },
   {
      "name": "Cadelbosco di Sotto",
      "countryCode": "IT",
      "stateCode": "45",
      "latitude": "44.80141000",
      "longitude": "10.61578000"
   },
   {
      "name": "Cadè-Gaida",
      "countryCode": "IT",
      "stateCode": "45",
      "latitude": "44.73850000",
      "longitude": "10.51580000"
   },
   {
      "name": "Calcara",
      "countryCode": "IT",
      "stateCode": "45",
      "latitude": "44.54696000",
      "longitude": "11.13366000"
   },
   {
      "name": "Calderara di Reno",
      "countryCode": "IT",
      "stateCode": "45",
      "latitude": "44.56307000",
      "longitude": "11.27111000"
   },
   {
      "name": "Calderino",
      "countryCode": "IT",
      "stateCode": "45",
      "latitude": "44.45774000",
      "longitude": "11.19927000"
   },
   {
      "name": "Calendasco",
      "countryCode": "IT",
      "stateCode": "45",
      "latitude": "45.08659000",
      "longitude": "9.59647000"
   },
   {
      "name": "Calerno",
      "countryCode": "IT",
      "stateCode": "45",
      "latitude": "44.74875000",
      "longitude": "10.48603000"
   },
   {
      "name": "Calestano",
      "countryCode": "IT",
      "stateCode": "45",
      "latitude": "44.60224000",
      "longitude": "10.12363000"
   },
   {
      "name": "Caminata",
      "countryCode": "IT",
      "stateCode": "45",
      "latitude": "44.91036000",
      "longitude": "9.30816000"
   },
   {
      "name": "Campagnola Emilia",
      "countryCode": "IT",
      "stateCode": "45",
      "latitude": "44.83925000",
      "longitude": "10.76507000"
   },
   {
      "name": "Campegine",
      "countryCode": "IT",
      "stateCode": "45",
      "latitude": "44.78085000",
      "longitude": "10.52836000"
   },
   {
      "name": "Campogalliano",
      "countryCode": "IT",
      "stateCode": "45",
      "latitude": "44.68874000",
      "longitude": "10.84705000"
   },
   {
      "name": "Camposanto",
      "countryCode": "IT",
      "stateCode": "45",
      "latitude": "44.79009000",
      "longitude": "11.14049000"
   },
   {
      "name": "Camugnano",
      "countryCode": "IT",
      "stateCode": "45",
      "latitude": "44.17110000",
      "longitude": "11.08828000"
   },
   {
      "name": "Caorso",
      "countryCode": "IT",
      "stateCode": "45",
      "latitude": "45.04911000",
      "longitude": "9.87457000"
   },
   {
      "name": "Caprara",
      "countryCode": "IT",
      "stateCode": "45",
      "latitude": "44.77521000",
      "longitude": "10.51158000"
   },
   {
      "name": "Carpaneto Piacentino",
      "countryCode": "IT",
      "stateCode": "45",
      "latitude": "44.91355000",
      "longitude": "9.78703000"
   },
   {
      "name": "Carpi Centro",
      "countryCode": "IT",
      "stateCode": "45",
      "latitude": "44.78237000",
      "longitude": "10.87770000"
   },
   {
      "name": "Carpineti",
      "countryCode": "IT",
      "stateCode": "45",
      "latitude": "44.45574000",
      "longitude": "10.51780000"
   },
   {
      "name": "Casale",
      "countryCode": "IT",
      "stateCode": "45",
      "latitude": "44.91665000",
      "longitude": "10.43169000"
   },
   {
      "name": "Casalecchio di Reno",
      "countryCode": "IT",
      "stateCode": "45",
      "latitude": "44.47563000",
      "longitude": "11.27495000"
   },
   {
      "name": "Casalfiumanese",
      "countryCode": "IT",
      "stateCode": "45",
      "latitude": "44.29686000",
      "longitude": "11.62402000"
   },
   {
      "name": "Casalgrande",
      "countryCode": "IT",
      "stateCode": "45",
      "latitude": "44.58466000",
      "longitude": "10.73550000"
   },
   {
      "name": "Casina",
      "countryCode": "IT",
      "stateCode": "45",
      "latitude": "44.50982000",
      "longitude": "10.49951000"
   },
   {
      "name": "Casola Valsenio",
      "countryCode": "IT",
      "stateCode": "45",
      "latitude": "44.22443000",
      "longitude": "11.62487000"
   },
   {
      "name": "Castel Bolognese",
      "countryCode": "IT",
      "stateCode": "45",
      "latitude": "44.31981000",
      "longitude": "11.79903000"
   },
   {
      "name": "Castel Guelfo di Bologna",
      "countryCode": "IT",
      "stateCode": "45",
      "latitude": "44.43166000",
      "longitude": "11.67591000"
   },
   {
      "name": "Castel Maggiore",
      "countryCode": "IT",
      "stateCode": "45",
      "latitude": "44.57707000",
      "longitude": "11.36071000"
   },
   {
      "name": "Castel San Giovanni",
      "countryCode": "IT",
      "stateCode": "45",
      "latitude": "45.06014000",
      "longitude": "9.43784000"
   },
   {
      "name": "Castel San Pietro Terme",
      "countryCode": "IT",
      "stateCode": "45",
      "latitude": "44.39854000",
      "longitude": "11.58546000"
   },
   {
      "name": "Castel d'Aiano",
      "countryCode": "IT",
      "stateCode": "45",
      "latitude": "44.27751000",
      "longitude": "11.00097000"
   },
   {
      "name": "Castel del Rio",
      "countryCode": "IT",
      "stateCode": "45",
      "latitude": "44.21346000",
      "longitude": "11.50409000"
   },
   {
      "name": "Castel di Casio",
      "countryCode": "IT",
      "stateCode": "45",
      "latitude": "44.16276000",
      "longitude": "11.03505000"
   },
   {
      "name": "Casteldelci",
      "countryCode": "IT",
      "stateCode": "45",
      "latitude": "43.79116000",
      "longitude": "12.15514000"
   },
   {
      "name": "Castelfranco Emilia",
      "countryCode": "IT",
      "stateCode": "45",
      "latitude": "44.59445000",
      "longitude": "11.04979000"
   },
   {
      "name": "Castell'Arquato",
      "countryCode": "IT",
      "stateCode": "45",
      "latitude": "44.85451000",
      "longitude": "9.87326000"
   },
   {
      "name": "Castellarano",
      "countryCode": "IT",
      "stateCode": "45",
      "latitude": "44.51825000",
      "longitude": "10.73727000"
   },
   {
      "name": "Castelletto",
      "countryCode": "IT",
      "stateCode": "45",
      "latitude": "44.44015000",
      "longitude": "11.06478000"
   },
   {
      "name": "Castello d'Argile",
      "countryCode": "IT",
      "stateCode": "45",
      "latitude": "44.67797000",
      "longitude": "11.29715000"
   },
   {
      "name": "Castelnovo di Sotto",
      "countryCode": "IT",
      "stateCode": "45",
      "latitude": "44.81253000",
      "longitude": "10.56694000"
   },
   {
      "name": "Castelnovo ne'Monti",
      "countryCode": "IT",
      "stateCode": "45",
      "latitude": "44.43556000",
      "longitude": "10.40329000"
   },
   {
      "name": "Castelnuovo Rangone",
      "countryCode": "IT",
      "stateCode": "45",
      "latitude": "44.54935000",
      "longitude": "10.93350000"
   },
   {
      "name": "Castelvetro Piacentino",
      "countryCode": "IT",
      "stateCode": "45",
      "latitude": "45.10223000",
      "longitude": "9.99041000"
   },
   {
      "name": "Castelvetro di Modena",
      "countryCode": "IT",
      "stateCode": "45",
      "latitude": "44.50422000",
      "longitude": "10.94666000"
   },
   {
      "name": "Castenaso",
      "countryCode": "IT",
      "stateCode": "45",
      "latitude": "44.51398000",
      "longitude": "11.46842000"
   },
   {
      "name": "Castiglione dei Pepoli",
      "countryCode": "IT",
      "stateCode": "45",
      "latitude": "44.14280000",
      "longitude": "11.16028000"
   },
   {
      "name": "Castrocaro Terme e Terra del Sole",
      "countryCode": "IT",
      "stateCode": "45",
      "latitude": "44.18676000",
      "longitude": "11.96068000"
   },
   {
      "name": "Cattolica",
      "countryCode": "IT",
      "stateCode": "45",
      "latitude": "43.96182000",
      "longitude": "12.73631000"
   },
   {
      "name": "Cavazzona",
      "countryCode": "IT",
      "stateCode": "45",
      "latitude": "44.57326000",
      "longitude": "11.11903000"
   },
   {
      "name": "Cavezzo",
      "countryCode": "IT",
      "stateCode": "45",
      "latitude": "44.83500000",
      "longitude": "11.02890000"
   },
   {
      "name": "Cavriago",
      "countryCode": "IT",
      "stateCode": "45",
      "latitude": "44.69457000",
      "longitude": "10.52591000"
   },
   {
      "name": "Cento",
      "countryCode": "IT",
      "stateCode": "45",
      "latitude": "44.73099000",
      "longitude": "11.28716000"
   },
   {
      "name": "Cerasolo",
      "countryCode": "IT",
      "stateCode": "45",
      "latitude": "43.98805000",
      "longitude": "12.52988000"
   },
   {
      "name": "Cerignale",
      "countryCode": "IT",
      "stateCode": "45",
      "latitude": "44.67785000",
      "longitude": "9.35077000"
   },
   {
      "name": "Cervia",
      "countryCode": "IT",
      "stateCode": "45",
      "latitude": "44.26204000",
      "longitude": "12.34812000"
   },
   {
      "name": "Cesena",
      "countryCode": "IT",
      "stateCode": "45",
      "latitude": "44.13910000",
      "longitude": "12.24315000"
   },
   {
      "name": "Cesenatico",
      "countryCode": "IT",
      "stateCode": "45",
      "latitude": "44.19987000",
      "longitude": "12.39910000"
   },
   {
      "name": "Ciano d'Enza",
      "countryCode": "IT",
      "stateCode": "45",
      "latitude": "44.59982000",
      "longitude": "10.41040000"
   },
   {
      "name": "Civitella di Romagna",
      "countryCode": "IT",
      "stateCode": "45",
      "latitude": "44.00785000",
      "longitude": "11.94398000"
   },
   {
      "name": "Classe",
      "countryCode": "IT",
      "stateCode": "45",
      "latitude": "44.37955000",
      "longitude": "12.23654000"
   },
   {
      "name": "Coccanile-Cesta",
      "countryCode": "IT",
      "stateCode": "45",
      "latitude": "44.91667000",
      "longitude": "11.86667000"
   },
   {
      "name": "Codemondo-Quaresimo",
      "countryCode": "IT",
      "stateCode": "45",
      "latitude": "44.69082000",
      "longitude": "10.55098000"
   },
   {
      "name": "Codigoro",
      "countryCode": "IT",
      "stateCode": "45",
      "latitude": "44.83093000",
      "longitude": "12.11073000"
   },
   {
      "name": "Codisotto",
      "countryCode": "IT",
      "stateCode": "45",
      "latitude": "44.98278000",
      "longitude": "10.72750000"
   },
   {
      "name": "Coli",
      "countryCode": "IT",
      "stateCode": "45",
      "latitude": "44.74582000",
      "longitude": "9.41468000"
   },
   {
      "name": "Collagna",
      "countryCode": "IT",
      "stateCode": "45",
      "latitude": "44.34694000",
      "longitude": "10.27350000"
   },
   {
      "name": "Collecchio",
      "countryCode": "IT",
      "stateCode": "45",
      "latitude": "44.75197000",
      "longitude": "10.21540000"
   },
   {
      "name": "Colombaro",
      "countryCode": "IT",
      "stateCode": "45",
      "latitude": "44.55153000",
      "longitude": "10.89628000"
   },
   {
      "name": "Colorno",
      "countryCode": "IT",
      "stateCode": "45",
      "latitude": "44.92572000",
      "longitude": "10.37361000"
   },
   {
      "name": "Comacchio",
      "countryCode": "IT",
      "stateCode": "45",
      "latitude": "44.69478000",
      "longitude": "12.18194000"
   },
   {
      "name": "Compiano",
      "countryCode": "IT",
      "stateCode": "45",
      "latitude": "44.49605000",
      "longitude": "9.66207000"
   },
   {
      "name": "Cona",
      "countryCode": "IT",
      "stateCode": "45",
      "latitude": "44.80583000",
      "longitude": "11.70690000"
   },
   {
      "name": "Concordia sulla Secchia",
      "countryCode": "IT",
      "stateCode": "45",
      "latitude": "44.91258000",
      "longitude": "10.98802000"
   },
   {
      "name": "Consandolo",
      "countryCode": "IT",
      "stateCode": "45",
      "latitude": "44.65606000",
      "longitude": "11.77524000"
   },
   {
      "name": "Conselice",
      "countryCode": "IT",
      "stateCode": "45",
      "latitude": "44.51163000",
      "longitude": "11.82848000"
   },
   {
      "name": "Copparo",
      "countryCode": "IT",
      "stateCode": "45",
      "latitude": "44.89263000",
      "longitude": "11.82287000"
   },
   {
      "name": "Corcagnano",
      "countryCode": "IT",
      "stateCode": "45",
      "latitude": "44.72103000",
      "longitude": "10.30271000"
   },
   {
      "name": "Coriano",
      "countryCode": "IT",
      "stateCode": "45",
      "latitude": "43.96907000",
      "longitude": "12.60055000"
   },
   {
      "name": "Corniglio",
      "countryCode": "IT",
      "stateCode": "45",
      "latitude": "44.47425000",
      "longitude": "10.09009000"
   },
   {
      "name": "Corpo Reno",
      "countryCode": "IT",
      "stateCode": "45",
      "latitude": "44.75591000",
      "longitude": "11.30794000"
   },
   {
      "name": "Corpolò",
      "countryCode": "IT",
      "stateCode": "45",
      "latitude": "44.01905000",
      "longitude": "12.45266000"
   },
   {
      "name": "Correggio",
      "countryCode": "IT",
      "stateCode": "45",
      "latitude": "44.76737000",
      "longitude": "10.78345000"
   },
   {
      "name": "Cortemaggiore",
      "countryCode": "IT",
      "stateCode": "45",
      "latitude": "44.99185000",
      "longitude": "9.92844000"
   },
   {
      "name": "Cotignola",
      "countryCode": "IT",
      "stateCode": "45",
      "latitude": "44.38572000",
      "longitude": "11.93852000"
   },
   {
      "name": "Crespellano",
      "countryCode": "IT",
      "stateCode": "45",
      "latitude": "44.51196000",
      "longitude": "11.13224000"
   },
   {
      "name": "Crevalcore",
      "countryCode": "IT",
      "stateCode": "45",
      "latitude": "44.71966000",
      "longitude": "11.14765000"
   },
   {
      "name": "Cusercoli",
      "countryCode": "IT",
      "stateCode": "45",
      "latitude": "44.04514000",
      "longitude": "12.00740000"
   },
   {
      "name": "Cà Dè Fabbri",
      "countryCode": "IT",
      "stateCode": "45",
      "latitude": "44.61962000",
      "longitude": "11.45503000"
   },
   {
      "name": "Decima",
      "countryCode": "IT",
      "stateCode": "45",
      "latitude": "44.71045000",
      "longitude": "11.22978000"
   },
   {
      "name": "Dodici Morelli",
      "countryCode": "IT",
      "stateCode": "45",
      "latitude": "44.79234000",
      "longitude": "11.29124000"
   },
   {
      "name": "Dosso",
      "countryCode": "IT",
      "stateCode": "45",
      "latitude": "44.76806000",
      "longitude": "11.33938000"
   },
   {
      "name": "Dovadola",
      "countryCode": "IT",
      "stateCode": "45",
      "latitude": "44.12211000",
      "longitude": "11.88707000"
   },
   {
      "name": "Dozza",
      "countryCode": "IT",
      "stateCode": "45",
      "latitude": "44.36195000",
      "longitude": "11.63547000"
   },
   {
      "name": "Fabbrico",
      "countryCode": "IT",
      "stateCode": "45",
      "latitude": "44.87214000",
      "longitude": "10.80893000"
   },
   {
      "name": "Faenza",
      "countryCode": "IT",
      "stateCode": "45",
      "latitude": "44.29007000",
      "longitude": "11.87948000"
   },
   {
      "name": "Fanano",
      "countryCode": "IT",
      "stateCode": "45",
      "latitude": "44.21245000",
      "longitude": "10.79660000"
   },
   {
      "name": "Farini",
      "countryCode": "IT",
      "stateCode": "45",
      "latitude": "44.71266000",
      "longitude": "9.56887000"
   },
   {
      "name": "Felegara",
      "countryCode": "IT",
      "stateCode": "45",
      "latitude": "44.72187000",
      "longitude": "10.11273000"
   },
   {
      "name": "Felina",
      "countryCode": "IT",
      "stateCode": "45",
      "latitude": "44.45478000",
      "longitude": "10.46067000"
   },
   {
      "name": "Felino",
      "countryCode": "IT",
      "stateCode": "45",
      "latitude": "44.69902000",
      "longitude": "10.23828000"
   },
   {
      "name": "Fellegara",
      "countryCode": "IT",
      "stateCode": "45",
      "latitude": "44.61052000",
      "longitude": "10.69700000"
   },
   {
      "name": "Ferrara",
      "countryCode": "IT",
      "stateCode": "45",
      "latitude": "44.83804000",
      "longitude": "11.62057000"
   },
   {
      "name": "Ferriere",
      "countryCode": "IT",
      "stateCode": "45",
      "latitude": "44.64385000",
      "longitude": "9.49657000"
   },
   {
      "name": "Fidenza",
      "countryCode": "IT",
      "stateCode": "45",
      "latitude": "44.86694000",
      "longitude": "10.06039000"
   },
   {
      "name": "Finale Emilia",
      "countryCode": "IT",
      "stateCode": "45",
      "latitude": "44.83373000",
      "longitude": "11.29378000"
   },
   {
      "name": "Fiorano",
      "countryCode": "IT",
      "stateCode": "45",
      "latitude": "44.53889000",
      "longitude": "10.81166000"
   },
   {
      "name": "Fiorenzuola d'Arda",
      "countryCode": "IT",
      "stateCode": "45",
      "latitude": "44.92435000",
      "longitude": "9.91329000"
   },
   {
      "name": "Fiumalbo-Dogana",
      "countryCode": "IT",
      "stateCode": "45",
      "latitude": "44.17925000",
      "longitude": "10.64720000"
   },
   {
      "name": "Fiumana",
      "countryCode": "IT",
      "stateCode": "45",
      "latitude": "44.14325000",
      "longitude": "11.98719000"
   },
   {
      "name": "Fogliano",
      "countryCode": "IT",
      "stateCode": "45",
      "latitude": "44.64751000",
      "longitude": "10.64505000"
   },
   {
      "name": "Fognano",
      "countryCode": "IT",
      "stateCode": "45",
      "latitude": "44.20509000",
      "longitude": "11.73782000"
   },
   {
      "name": "Fontanelice",
      "countryCode": "IT",
      "stateCode": "45",
      "latitude": "44.25932000",
      "longitude": "11.55852000"
   },
   {
      "name": "Fontanellato",
      "countryCode": "IT",
      "stateCode": "45",
      "latitude": "44.88187000",
      "longitude": "10.17631000"
   },
   {
      "name": "Fontevivo",
      "countryCode": "IT",
      "stateCode": "45",
      "latitude": "44.85942000",
      "longitude": "10.17281000"
   },
   {
      "name": "Forche",
      "countryCode": "IT",
      "stateCode": "45",
      "latitude": "44.63646000",
      "longitude": "10.57316000"
   },
   {
      "name": "Forlimpopoli",
      "countryCode": "IT",
      "stateCode": "45",
      "latitude": "44.19107000",
      "longitude": "12.12873000"
   },
   {
      "name": "Forlì",
      "countryCode": "IT",
      "stateCode": "45",
      "latitude": "44.22177000",
      "longitude": "12.04144000"
   },
   {
      "name": "Formica",
      "countryCode": "IT",
      "stateCode": "45",
      "latitude": "44.46838000",
      "longitude": "11.01337000"
   },
   {
      "name": "Formigine",
      "countryCode": "IT",
      "stateCode": "45",
      "latitude": "44.57268000",
      "longitude": "10.84737000"
   },
   {
      "name": "Formignana",
      "countryCode": "IT",
      "stateCode": "45",
      "latitude": "44.84230000",
      "longitude": "11.85935000"
   },
   {
      "name": "Fornace Zarattini",
      "countryCode": "IT",
      "stateCode": "45",
      "latitude": "44.41667000",
      "longitude": "12.13333000"
   },
   {
      "name": "Fornovo di Taro",
      "countryCode": "IT",
      "stateCode": "45",
      "latitude": "44.69465000",
      "longitude": "10.10178000"
   },
   {
      "name": "Fossa",
      "countryCode": "IT",
      "stateCode": "45",
      "latitude": "44.92304000",
      "longitude": "11.02356000"
   },
   {
      "name": "Fosso Ghiaia",
      "countryCode": "IT",
      "stateCode": "45",
      "latitude": "44.35525000",
      "longitude": "12.25430000"
   },
   {
      "name": "Fossoli",
      "countryCode": "IT",
      "stateCode": "45",
      "latitude": "44.82160000",
      "longitude": "10.88977000"
   },
   {
      "name": "Francolino",
      "countryCode": "IT",
      "stateCode": "45",
      "latitude": "44.89662000",
      "longitude": "11.65701000"
   },
   {
      "name": "Frassinoro",
      "countryCode": "IT",
      "stateCode": "45",
      "latitude": "44.29451000",
      "longitude": "10.57117000"
   },
   {
      "name": "Fratta Terme",
      "countryCode": "IT",
      "stateCode": "45",
      "latitude": "44.14157000",
      "longitude": "12.10213000"
   },
   {
      "name": "Fusignano",
      "countryCode": "IT",
      "stateCode": "45",
      "latitude": "44.46656000",
      "longitude": "11.95636000"
   },
   {
      "name": "Gaggio",
      "countryCode": "IT",
      "stateCode": "45",
      "latitude": "44.63458000",
      "longitude": "11.01334000"
   },
   {
      "name": "Gaggio Montano",
      "countryCode": "IT",
      "stateCode": "45",
      "latitude": "44.19583000",
      "longitude": "10.93518000"
   },
   {
      "name": "Gaiano",
      "countryCode": "IT",
      "stateCode": "45",
      "latitude": "44.72391000",
      "longitude": "10.17267000"
   },
   {
      "name": "Gaibanella-Sant'Edigio",
      "countryCode": "IT",
      "stateCode": "45",
      "latitude": "44.76667000",
      "longitude": "11.65000000"
   },
   {
      "name": "Galeata",
      "countryCode": "IT",
      "stateCode": "45",
      "latitude": "43.99607000",
      "longitude": "11.91057000"
   },
   {
      "name": "Gallo",
      "countryCode": "IT",
      "stateCode": "45",
      "latitude": "44.73144000",
      "longitude": "11.55284000"
   },
   {
      "name": "Gambettola",
      "countryCode": "IT",
      "stateCode": "45",
      "latitude": "44.11748000",
      "longitude": "12.33705000"
   },
   {
      "name": "Gatteo a Mare",
      "countryCode": "IT",
      "stateCode": "45",
      "latitude": "44.17069000",
      "longitude": "12.43549000"
   },
   {
      "name": "Gatteo-Sant'Angelo",
      "countryCode": "IT",
      "stateCode": "45",
      "latitude": "44.11194000",
      "longitude": "12.39139000"
   },
   {
      "name": "Gazzola",
      "countryCode": "IT",
      "stateCode": "45",
      "latitude": "44.96006000",
      "longitude": "9.54896000"
   },
   {
      "name": "Gemmano",
      "countryCode": "IT",
      "stateCode": "45",
      "latitude": "43.90393000",
      "longitude": "12.58091000"
   },
   {
      "name": "Glorie",
      "countryCode": "IT",
      "stateCode": "45",
      "latitude": "44.46994000",
      "longitude": "12.07707000"
   },
   {
      "name": "Godo",
      "countryCode": "IT",
      "stateCode": "45",
      "latitude": "44.39173000",
      "longitude": "12.07495000"
   },
   {
      "name": "Goro",
      "countryCode": "IT",
      "stateCode": "45",
      "latitude": "44.85150000",
      "longitude": "12.29651000"
   },
   {
      "name": "Gorzano",
      "countryCode": "IT",
      "stateCode": "45",
      "latitude": "44.51626000",
      "longitude": "10.87983000"
   },
   {
      "name": "Gossolengo",
      "countryCode": "IT",
      "stateCode": "45",
      "latitude": "45.00248000",
      "longitude": "9.61799000"
   },
   {
      "name": "Gragnano Trebbiense",
      "countryCode": "IT",
      "stateCode": "45",
      "latitude": "45.01225000",
      "longitude": "9.57139000"
   },
   {
      "name": "Granarolo",
      "countryCode": "IT",
      "stateCode": "45",
      "latitude": "44.35859000",
      "longitude": "11.93459000"
   },
   {
      "name": "Granarolo dell'Emilia e Viadagola",
      "countryCode": "IT",
      "stateCode": "45",
      "latitude": "44.55327000",
      "longitude": "11.44291000"
   },
   {
      "name": "Grizzana",
      "countryCode": "IT",
      "stateCode": "45",
      "latitude": "44.25806000",
      "longitude": "11.15557000"
   },
   {
      "name": "Grizzana Morandi",
      "countryCode": "IT",
      "stateCode": "45",
      "latitude": "44.25820000",
      "longitude": "11.15288000"
   },
   {
      "name": "Gropparello",
      "countryCode": "IT",
      "stateCode": "45",
      "latitude": "44.83354000",
      "longitude": "9.72801000"
   },
   {
      "name": "Gualtieri",
      "countryCode": "IT",
      "stateCode": "45",
      "latitude": "44.89736000",
      "longitude": "10.62860000"
   },
   {
      "name": "Guastalla",
      "countryCode": "IT",
      "stateCode": "45",
      "latitude": "44.91172000",
      "longitude": "10.66186000"
   },
   {
      "name": "Guiglia",
      "countryCode": "IT",
      "stateCode": "45",
      "latitude": "44.42432000",
      "longitude": "10.96125000"
   },
   {
      "name": "Imola",
      "countryCode": "IT",
      "stateCode": "45",
      "latitude": "44.35916000",
      "longitude": "11.71320000"
   },
   {
      "name": "Jolanda di Savoia",
      "countryCode": "IT",
      "stateCode": "45",
      "latitude": "44.88319000",
      "longitude": "11.97910000"
   },
   {
      "name": "La Saletta-Tamara",
      "countryCode": "IT",
      "stateCode": "45",
      "latitude": "44.88151000",
      "longitude": "11.77236000"
   },
   {
      "name": "Lagosanto",
      "countryCode": "IT",
      "stateCode": "45",
      "latitude": "44.76282000",
      "longitude": "12.14005000"
   },
   {
      "name": "Lama",
      "countryCode": "IT",
      "stateCode": "45",
      "latitude": "44.30726000",
      "longitude": "10.73060000"
   },
   {
      "name": "Langhirano",
      "countryCode": "IT",
      "stateCode": "45",
      "latitude": "44.61913000",
      "longitude": "10.26652000"
   },
   {
      "name": "Lavezzola",
      "countryCode": "IT",
      "stateCode": "45",
      "latitude": "44.56099000",
      "longitude": "11.87557000"
   },
   {
      "name": "Lentigione-Sorbolo a Mane",
      "countryCode": "IT",
      "stateCode": "45",
      "latitude": "44.86667000",
      "longitude": "10.48333000"
   },
   {
      "name": "Lesignano de'Bagni",
      "countryCode": "IT",
      "stateCode": "45",
      "latitude": "44.64346000",
      "longitude": "10.30039000"
   },
   {
      "name": "Lido Adriano",
      "countryCode": "IT",
      "stateCode": "45",
      "latitude": "44.41673000",
      "longitude": "12.30552000"
   },
   {
      "name": "Lido degli Estensi",
      "countryCode": "IT",
      "stateCode": "45",
      "latitude": "44.66639000",
      "longitude": "12.25000000"
   },
   {
      "name": "Lido di Pomposa-Lido degli Scacchi",
      "countryCode": "IT",
      "stateCode": "45",
      "latitude": "44.70667000",
      "longitude": "12.23611000"
   },
   {
      "name": "Ligonchio",
      "countryCode": "IT",
      "stateCode": "45",
      "latitude": "44.31635000",
      "longitude": "10.34224000"
   },
   {
      "name": "Limidi",
      "countryCode": "IT",
      "stateCode": "45",
      "latitude": "44.76427000",
      "longitude": "10.92002000"
   },
   {
      "name": "Lizzano in Belvedere",
      "countryCode": "IT",
      "stateCode": "45",
      "latitude": "44.16135000",
      "longitude": "10.89408000"
   },
   {
      "name": "Loiano",
      "countryCode": "IT",
      "stateCode": "45",
      "latitude": "44.26806000",
      "longitude": "11.32841000"
   },
   {
      "name": "Longara",
      "countryCode": "IT",
      "stateCode": "45",
      "latitude": "44.57110000",
      "longitude": "11.30386000"
   },
   {
      "name": "Longastrino",
      "countryCode": "IT",
      "stateCode": "45",
      "latitude": "44.58848000",
      "longitude": "12.00982000"
   },
   {
      "name": "Longiano",
      "countryCode": "IT",
      "stateCode": "45",
      "latitude": "44.07446000",
      "longitude": "12.32970000"
   },
   {
      "name": "Lugagnano Val d'Arda",
      "countryCode": "IT",
      "stateCode": "45",
      "latitude": "44.82304000",
      "longitude": "9.82828000"
   },
   {
      "name": "Lugo",
      "countryCode": "IT",
      "stateCode": "45",
      "latitude": "44.42137000",
      "longitude": "11.91094000"
   },
   {
      "name": "Luzzara",
      "countryCode": "IT",
      "stateCode": "45",
      "latitude": "44.95925000",
      "longitude": "10.68953000"
   },
   {
      "name": "Madonna Dell'Albero",
      "countryCode": "IT",
      "stateCode": "45",
      "latitude": "44.38115000",
      "longitude": "12.20044000"
   },
   {
      "name": "Magreta",
      "countryCode": "IT",
      "stateCode": "45",
      "latitude": "44.60000000",
      "longitude": "10.80000000"
   },
   {
      "name": "Malalbergo",
      "countryCode": "IT",
      "stateCode": "45",
      "latitude": "44.71867000",
      "longitude": "11.53221000"
   },
   {
      "name": "Manzolino",
      "countryCode": "IT",
      "stateCode": "45",
      "latitude": "44.59577000",
      "longitude": "11.09982000"
   },
   {
      "name": "Maranello",
      "countryCode": "IT",
      "stateCode": "45",
      "latitude": "44.53101000",
      "longitude": "10.86888000"
   },
   {
      "name": "Marano sul Panaro",
      "countryCode": "IT",
      "stateCode": "45",
      "latitude": "44.45924000",
      "longitude": "10.96879000"
   },
   {
      "name": "Marina Romea",
      "countryCode": "IT",
      "stateCode": "45",
      "latitude": "44.51494000",
      "longitude": "12.27113000"
   },
   {
      "name": "Marina di Ravenna",
      "countryCode": "IT",
      "stateCode": "45",
      "latitude": "44.48625000",
      "longitude": "12.28087000"
   },
   {
      "name": "Marsaglia",
      "countryCode": "IT",
      "stateCode": "45",
      "latitude": "44.71228000",
      "longitude": "9.38353000"
   },
   {
      "name": "Marzabotto",
      "countryCode": "IT",
      "stateCode": "45",
      "latitude": "44.34297000",
      "longitude": "11.20593000"
   },
   {
      "name": "Masi-Torello",
      "countryCode": "IT",
      "stateCode": "45",
      "latitude": "44.79458000",
      "longitude": "11.80182000"
   },
   {
      "name": "Massa Finalese",
      "countryCode": "IT",
      "stateCode": "45",
      "latitude": "44.85240000",
      "longitude": "11.21429000"
   },
   {
      "name": "Massa Fiscaglia",
      "countryCode": "IT",
      "stateCode": "45",
      "latitude": "44.80983000",
      "longitude": "12.00746000"
   },
   {
      "name": "Massa Lombarda",
      "countryCode": "IT",
      "stateCode": "45",
      "latitude": "44.44703000",
      "longitude": "11.82095000"
   },
   {
      "name": "Massenzatico",
      "countryCode": "IT",
      "stateCode": "45",
      "latitude": "44.73477000",
      "longitude": "10.69736000"
   },
   {
      "name": "Medesano",
      "countryCode": "IT",
      "stateCode": "45",
      "latitude": "44.75824000",
      "longitude": "10.13794000"
   },
   {
      "name": "Medicina-Buda",
      "countryCode": "IT",
      "stateCode": "45",
      "latitude": "44.47867000",
      "longitude": "11.63812000"
   },
   {
      "name": "Medolla",
      "countryCode": "IT",
      "stateCode": "45",
      "latitude": "44.84667000",
      "longitude": "11.06760000"
   },
   {
      "name": "Meldola",
      "countryCode": "IT",
      "stateCode": "45",
      "latitude": "44.12775000",
      "longitude": "12.06260000"
   },
   {
      "name": "Mercato Saraceno",
      "countryCode": "IT",
      "stateCode": "45",
      "latitude": "43.96274000",
      "longitude": "12.19638000"
   },
   {
      "name": "Mesola",
      "countryCode": "IT",
      "stateCode": "45",
      "latitude": "44.91831000",
      "longitude": "12.23121000"
   },
   {
      "name": "Mezzano",
      "countryCode": "IT",
      "stateCode": "45",
      "latitude": "44.46625000",
      "longitude": "12.08632000"
   },
   {
      "name": "Mezzano Inferiore",
      "countryCode": "IT",
      "stateCode": "45",
      "latitude": "44.91291000",
      "longitude": "10.45838000"
   },
   {
      "name": "Mezzogoro",
      "countryCode": "IT",
      "stateCode": "45",
      "latitude": "44.90256000",
      "longitude": "12.09925000"
   },
   {
      "name": "Mezzolara",
      "countryCode": "IT",
      "stateCode": "45",
      "latitude": "44.58917000",
      "longitude": "11.56492000"
   },
   {
      "name": "Migliarina",
      "countryCode": "IT",
      "stateCode": "45",
      "latitude": "44.81042000",
      "longitude": "10.83600000"
   },
   {
      "name": "Migliarino",
      "countryCode": "IT",
      "stateCode": "45",
      "latitude": "44.76993000",
      "longitude": "11.93304000"
   },
   {
      "name": "Migliaro",
      "countryCode": "IT",
      "stateCode": "45",
      "latitude": "44.79916000",
      "longitude": "11.97440000"
   },
   {
      "name": "Milano Marittima",
      "countryCode": "IT",
      "stateCode": "45",
      "latitude": "44.27409000",
      "longitude": "12.35172000"
   },
   {
      "name": "Minerbio",
      "countryCode": "IT",
      "stateCode": "45",
      "latitude": "44.61811000",
      "longitude": "11.47257000"
   },
   {
      "name": "Mirabello",
      "countryCode": "IT",
      "stateCode": "45",
      "latitude": "44.82295000",
      "longitude": "11.45669000"
   },
   {
      "name": "Mirandola",
      "countryCode": "IT",
      "stateCode": "45",
      "latitude": "44.88515000",
      "longitude": "11.06902000"
   },
   {
      "name": "Misano Adriatico",
      "countryCode": "IT",
      "stateCode": "45",
      "latitude": "43.97714000",
      "longitude": "12.69805000"
   },
   {
      "name": "Modena",
      "countryCode": "IT",
      "stateCode": "45",
      "latitude": "44.64783000",
      "longitude": "10.92539000"
   },
   {
      "name": "Modigliana",
      "countryCode": "IT",
      "stateCode": "45",
      "latitude": "44.15954000",
      "longitude": "11.79286000"
   },
   {
      "name": "Molinella",
      "countryCode": "IT",
      "stateCode": "45",
      "latitude": "44.61758000",
      "longitude": "11.66719000"
   },
   {
      "name": "Molino del Pallone",
      "countryCode": "IT",
      "stateCode": "45",
      "latitude": "44.10028000",
      "longitude": "10.96135000"
   },
   {
      "name": "Monchio delle Corti",
      "countryCode": "IT",
      "stateCode": "45",
      "latitude": "44.41172000",
      "longitude": "10.12370000"
   },
   {
      "name": "Mondaino",
      "countryCode": "IT",
      "stateCode": "45",
      "latitude": "43.85796000",
      "longitude": "12.66845000"
   },
   {
      "name": "Monghidoro",
      "countryCode": "IT",
      "stateCode": "45",
      "latitude": "44.22327000",
      "longitude": "11.32331000"
   },
   {
      "name": "Montalbano",
      "countryCode": "IT",
      "stateCode": "45",
      "latitude": "43.95879000",
      "longitude": "12.71646000"
   },
   {
      "name": "Montale",
      "countryCode": "IT",
      "stateCode": "45",
      "latitude": "44.56923000",
      "longitude": "10.90771000"
   },
   {
      "name": "Monte Colombo",
      "countryCode": "IT",
      "stateCode": "45",
      "latitude": "43.92016000",
      "longitude": "12.55235000"
   },
   {
      "name": "Monte San Giovanni",
      "countryCode": "IT",
      "stateCode": "45",
      "latitude": "44.42014000",
      "longitude": "11.17170000"
   },
   {
      "name": "Montecavolo",
      "countryCode": "IT",
      "stateCode": "45",
      "latitude": "44.63275000",
      "longitude": "10.54264000"
   },
   {
      "name": "Montecchio Emilia",
      "countryCode": "IT",
      "stateCode": "45",
      "latitude": "44.69937000",
      "longitude": "10.45211000"
   },
   {
      "name": "Montechiarugolo",
      "countryCode": "IT",
      "stateCode": "45",
      "latitude": "44.69261000",
      "longitude": "10.42128000"
   },
   {
      "name": "Montecreto",
      "countryCode": "IT",
      "stateCode": "45",
      "latitude": "44.24596000",
      "longitude": "10.71760000"
   },
   {
      "name": "Montefiore Conca",
      "countryCode": "IT",
      "stateCode": "45",
      "latitude": "43.88916000",
      "longitude": "12.61145000"
   },
   {
      "name": "Montefiorino",
      "countryCode": "IT",
      "stateCode": "45",
      "latitude": "44.35382000",
      "longitude": "10.62375000"
   },
   {
      "name": "Montegridolfo",
      "countryCode": "IT",
      "stateCode": "45",
      "latitude": "43.85826000",
      "longitude": "12.68995000"
   },
   {
      "name": "Monterenzio",
      "countryCode": "IT",
      "stateCode": "45",
      "latitude": "44.32632000",
      "longitude": "11.40446000"
   },
   {
      "name": "Montescudo",
      "countryCode": "IT",
      "stateCode": "45",
      "latitude": "43.91753000",
      "longitude": "12.54083000"
   },
   {
      "name": "Montese",
      "countryCode": "IT",
      "stateCode": "45",
      "latitude": "44.26993000",
      "longitude": "10.94545000"
   },
   {
      "name": "Montiano",
      "countryCode": "IT",
      "stateCode": "45",
      "latitude": "44.08232000",
      "longitude": "12.30455000"
   },
   {
      "name": "Monticelli Terme",
      "countryCode": "IT",
      "stateCode": "45",
      "latitude": "44.72881000",
      "longitude": "10.39444000"
   },
   {
      "name": "Monticelli d'Ongina",
      "countryCode": "IT",
      "stateCode": "45",
      "latitude": "45.08851000",
      "longitude": "9.93424000"
   },
   {
      "name": "Monzuno",
      "countryCode": "IT",
      "stateCode": "45",
      "latitude": "44.27825000",
      "longitude": "11.26684000"
   },
   {
      "name": "Morciano di Romagna",
      "countryCode": "IT",
      "stateCode": "45",
      "latitude": "43.91440000",
      "longitude": "12.65104000"
   },
   {
      "name": "Mordano",
      "countryCode": "IT",
      "stateCode": "45",
      "latitude": "44.39696000",
      "longitude": "11.80763000"
   },
   {
      "name": "Morfasso",
      "countryCode": "IT",
      "stateCode": "45",
      "latitude": "44.72270000",
      "longitude": "9.70221000"
   },
   {
      "name": "Mulino",
      "countryCode": "IT",
      "stateCode": "45",
      "latitude": "44.49257000",
      "longitude": "11.04667000"
   },
   {
      "name": "Neviano degli Arduini",
      "countryCode": "IT",
      "stateCode": "45",
      "latitude": "44.58344000",
      "longitude": "10.31638000"
   },
   {
      "name": "Nibbiano",
      "countryCode": "IT",
      "stateCode": "45",
      "latitude": "44.90506000",
      "longitude": "9.32826000"
   },
   {
      "name": "Niviano",
      "countryCode": "IT",
      "stateCode": "45",
      "latitude": "44.94027000",
      "longitude": "9.62878000"
   },
   {
      "name": "Noceto",
      "countryCode": "IT",
      "stateCode": "45",
      "latitude": "44.80953000",
      "longitude": "10.17730000"
   },
   {
      "name": "Nonantola",
      "countryCode": "IT",
      "stateCode": "45",
      "latitude": "44.67785000",
      "longitude": "11.03785000"
   },
   {
      "name": "Novafeltria",
      "countryCode": "IT",
      "stateCode": "45",
      "latitude": "43.89486000",
      "longitude": "12.28894000"
   },
   {
      "name": "Novellara",
      "countryCode": "IT",
      "stateCode": "45",
      "latitude": "44.84488000",
      "longitude": "10.72745000"
   },
   {
      "name": "Novi di Modena",
      "countryCode": "IT",
      "stateCode": "45",
      "latitude": "44.88974000",
      "longitude": "10.90027000"
   },
   {
      "name": "Ospedaletto",
      "countryCode": "IT",
      "stateCode": "45",
      "latitude": "43.98380000",
      "longitude": "12.57056000"
   },
   {
      "name": "Ostellato",
      "countryCode": "IT",
      "stateCode": "45",
      "latitude": "44.74556000",
      "longitude": "11.94276000"
   },
   {
      "name": "Osteria Grande",
      "countryCode": "IT",
      "stateCode": "45",
      "latitude": "44.42845000",
      "longitude": "11.52180000"
   },
   {
      "name": "Osteria Nuova",
      "countryCode": "IT",
      "stateCode": "45",
      "latitude": "44.58457000",
      "longitude": "11.23739000"
   },
   {
      "name": "Ottone",
      "countryCode": "IT",
      "stateCode": "45",
      "latitude": "44.62325000",
      "longitude": "9.33267000"
   },
   {
      "name": "Ozzano Taro",
      "countryCode": "IT",
      "stateCode": "45",
      "latitude": "44.70969000",
      "longitude": "10.14086000"
   },
   {
      "name": "Ozzano dell'Emilia",
      "countryCode": "IT",
      "stateCode": "45",
      "latitude": "44.44427000",
      "longitude": "11.47552000"
   },
   {
      "name": "Padulle",
      "countryCode": "IT",
      "stateCode": "45",
      "latitude": "44.62945000",
      "longitude": "11.27738000"
   },
   {
      "name": "Palagano",
      "countryCode": "IT",
      "stateCode": "45",
      "latitude": "44.32152000",
      "longitude": "10.64660000"
   },
   {
      "name": "Palanzano",
      "countryCode": "IT",
      "stateCode": "45",
      "latitude": "44.43629000",
      "longitude": "10.19400000"
   },
   {
      "name": "Panighina",
      "countryCode": "IT",
      "stateCode": "45",
      "latitude": "44.17162000",
      "longitude": "12.16324000"
   },
   {
      "name": "Parma",
      "countryCode": "IT",
      "stateCode": "45",
      "latitude": "44.79935000",
      "longitude": "10.32618000"
   },
   {
      "name": "Pavullo nel Frignano",
      "countryCode": "IT",
      "stateCode": "45",
      "latitude": "44.33352000",
      "longitude": "10.83544000"
   },
   {
      "name": "Pecorara",
      "countryCode": "IT",
      "stateCode": "45",
      "latitude": "44.87582000",
      "longitude": "9.38387000"
   },
   {
      "name": "Pellegrino Parmense",
      "countryCode": "IT",
      "stateCode": "45",
      "latitude": "44.72950000",
      "longitude": "9.93240000"
   },
   {
      "name": "Pennabilli",
      "countryCode": "IT",
      "stateCode": "45",
      "latitude": "43.81746000",
      "longitude": "12.26708000"
   },
   {
      "name": "Piacenza",
      "countryCode": "IT",
      "stateCode": "45",
      "latitude": "45.05242000",
      "longitude": "9.69342000"
   },
   {
      "name": "Pianello Val Tidone",
      "countryCode": "IT",
      "stateCode": "45",
      "latitude": "44.94666000",
      "longitude": "9.40516000"
   },
   {
      "name": "Piangipane",
      "countryCode": "IT",
      "stateCode": "45",
      "latitude": "44.42198000",
      "longitude": "12.09066000"
   },
   {
      "name": "Pianoro",
      "countryCode": "IT",
      "stateCode": "45",
      "latitude": "44.38893000",
      "longitude": "11.34262000"
   },
   {
      "name": "Pietracuta",
      "countryCode": "IT",
      "stateCode": "45",
      "latitude": "43.95400000",
      "longitude": "12.37138000"
   },
   {
      "name": "Pieve di Cento",
      "countryCode": "IT",
      "stateCode": "45",
      "latitude": "44.71293000",
      "longitude": "11.30922000"
   },
   {
      "name": "Pievepelago",
      "countryCode": "IT",
      "stateCode": "45",
      "latitude": "44.20475000",
      "longitude": "10.61660000"
   },
   {
      "name": "Pilastro",
      "countryCode": "IT",
      "stateCode": "45",
      "latitude": "44.68254000",
      "longitude": "10.28879000"
   },
   {
      "name": "Pinarella",
      "countryCode": "IT",
      "stateCode": "45",
      "latitude": "44.24167000",
      "longitude": "12.37111000"
   },
   {
      "name": "Piozzano",
      "countryCode": "IT",
      "stateCode": "45",
      "latitude": "44.92533000",
      "longitude": "9.49559000"
   },
   {
      "name": "Pisignano",
      "countryCode": "IT",
      "stateCode": "45",
      "latitude": "44.23787000",
      "longitude": "12.26841000"
   },
   {
      "name": "Piumazzo",
      "countryCode": "IT",
      "stateCode": "45",
      "latitude": "44.54631000",
      "longitude": "11.06727000"
   },
   {
      "name": "Pizzano",
      "countryCode": "IT",
      "stateCode": "45",
      "latitude": "44.35500000",
      "longitude": "11.41499000"
   },
   {
      "name": "Podenzano",
      "countryCode": "IT",
      "stateCode": "45",
      "latitude": "44.95484000",
      "longitude": "9.68315000"
   },
   {
      "name": "Poggio Berni",
      "countryCode": "IT",
      "stateCode": "45",
      "latitude": "44.02639000",
      "longitude": "12.40944000"
   },
   {
      "name": "Poggio Renatico",
      "countryCode": "IT",
      "stateCode": "45",
      "latitude": "44.76581000",
      "longitude": "11.48695000"
   },
   {
      "name": "Polesine Parmense",
      "countryCode": "IT",
      "stateCode": "45",
      "latitude": "45.01682000",
      "longitude": "10.09015000"
   },
   {
      "name": "Polinago",
      "countryCode": "IT",
      "stateCode": "45",
      "latitude": "44.34502000",
      "longitude": "10.72597000"
   },
   {
      "name": "Ponte Ronca",
      "countryCode": "IT",
      "stateCode": "45",
      "latitude": "44.50166000",
      "longitude": "11.18973000"
   },
   {
      "name": "Ponte Taro",
      "countryCode": "IT",
      "stateCode": "45",
      "latitude": "44.82872000",
      "longitude": "10.21037000"
   },
   {
      "name": "Ponte dell'Olio",
      "countryCode": "IT",
      "stateCode": "45",
      "latitude": "44.86762000",
      "longitude": "9.64433000"
   },
   {
      "name": "Ponte della Venturina",
      "countryCode": "IT",
      "stateCode": "45",
      "latitude": "44.13042000",
      "longitude": "10.99113000"
   },
   {
      "name": "Pontegradella",
      "countryCode": "IT",
      "stateCode": "45",
      "latitude": "44.83813000",
      "longitude": "11.66280000"
   },
   {
      "name": "Pontelangorino",
      "countryCode": "IT",
      "stateCode": "45",
      "latitude": "44.86087000",
      "longitude": "12.14864000"
   },
   {
      "name": "Pontenure",
      "countryCode": "IT",
      "stateCode": "45",
      "latitude": "44.99821000",
      "longitude": "9.79139000"
   },
   {
      "name": "Ponticella",
      "countryCode": "IT",
      "stateCode": "45",
      "latitude": "44.45446000",
      "longitude": "11.37851000"
   },
   {
      "name": "Porotto-Cassama",
      "countryCode": "IT",
      "stateCode": "45",
      "latitude": "44.85000000",
      "longitude": "11.55000000"
   },
   {
      "name": "Porporano",
      "countryCode": "IT",
      "stateCode": "45",
      "latitude": "44.75266000",
      "longitude": "10.35054000"
   },
   {
      "name": "Porretta Terme",
      "countryCode": "IT",
      "stateCode": "45",
      "latitude": "44.16325000",
      "longitude": "10.97432000"
   },
   {
      "name": "Portico di Romagna",
      "countryCode": "IT",
      "stateCode": "45",
      "latitude": "44.02657000",
      "longitude": "11.78133000"
   },
   {
      "name": "Portico e San Benedetto",
      "countryCode": "IT",
      "stateCode": "45",
      "latitude": "44.02646000",
      "longitude": "11.78153000"
   },
   {
      "name": "Porto Corsini",
      "countryCode": "IT",
      "stateCode": "45",
      "latitude": "44.49410000",
      "longitude": "12.27875000"
   },
   {
      "name": "Porto Fuori",
      "countryCode": "IT",
      "stateCode": "45",
      "latitude": "44.40557000",
      "longitude": "12.25218000"
   },
   {
      "name": "Porto Garibaldi",
      "countryCode": "IT",
      "stateCode": "45",
      "latitude": "44.68123000",
      "longitude": "12.23678000"
   },
   {
      "name": "Portomaggiore",
      "countryCode": "IT",
      "stateCode": "45",
      "latitude": "44.69763000",
      "longitude": "11.80760000"
   },
   {
      "name": "Poviglio",
      "countryCode": "IT",
      "stateCode": "45",
      "latitude": "44.84227000",
      "longitude": "10.53936000"
   },
   {
      "name": "Pozza",
      "countryCode": "IT",
      "stateCode": "45",
      "latitude": "44.52641000",
      "longitude": "10.89234000"
   },
   {
      "name": "Praticello",
      "countryCode": "IT",
      "stateCode": "45",
      "latitude": "44.80436000",
      "longitude": "10.47310000"
   },
   {
      "name": "Pratissolo",
      "countryCode": "IT",
      "stateCode": "45",
      "latitude": "44.60416000",
      "longitude": "10.67400000"
   },
   {
      "name": "Prato",
      "countryCode": "IT",
      "stateCode": "45",
      "latitude": "44.71589000",
      "longitude": "10.74797000"
   },
   {
      "name": "Predappio",
      "countryCode": "IT",
      "stateCode": "45",
      "latitude": "44.10316000",
      "longitude": "11.98413000"
   },
   {
      "name": "Premilcuore",
      "countryCode": "IT",
      "stateCode": "45",
      "latitude": "43.98084000",
      "longitude": "11.78193000"
   },
   {
      "name": "Prignano",
      "countryCode": "IT",
      "stateCode": "45",
      "latitude": "44.43790000",
      "longitude": "10.69118000"
   },
   {
      "name": "Prignano sulla Secchia",
      "countryCode": "IT",
      "stateCode": "45",
      "latitude": "44.43836000",
      "longitude": "10.69190000"
   },
   {
      "name": "Progresso",
      "countryCode": "IT",
      "stateCode": "45",
      "latitude": "44.56892000",
      "longitude": "11.36420000"
   },
   {
      "name": "Provincia di Ferrara",
      "countryCode": "IT",
      "stateCode": "45",
      "latitude": "44.80000000",
      "longitude": "11.83333000"
   },
   {
      "name": "Provincia di Forlì-Cesena",
      "countryCode": "IT",
      "stateCode": "45",
      "latitude": "44.08333000",
      "longitude": "12.03333000"
   },
   {
      "name": "Provincia di Modena",
      "countryCode": "IT",
      "stateCode": "45",
      "latitude": "44.50000000",
      "longitude": "10.90000000"
   },
   {
      "name": "Provincia di Parma",
      "countryCode": "IT",
      "stateCode": "45",
      "latitude": "44.70000000",
      "longitude": "10.08333000"
   },
   {
      "name": "Provincia di Piacenza",
      "countryCode": "IT",
      "stateCode": "45",
      "latitude": "44.88333000",
      "longitude": "9.58333000"
   },
   {
      "name": "Provincia di Ravenna",
      "countryCode": "IT",
      "stateCode": "45",
      "latitude": "44.41667000",
      "longitude": "11.98333000"
   },
   {
      "name": "Provincia di Reggio Emilia",
      "countryCode": "IT",
      "stateCode": "45",
      "latitude": "44.61667000",
      "longitude": "10.61667000"
   },
   {
      "name": "Provincia di Rimini",
      "countryCode": "IT",
      "stateCode": "45",
      "latitude": "44.02405000",
      "longitude": "12.51858000"
   },
   {
      "name": "Puianello",
      "countryCode": "IT",
      "stateCode": "45",
      "latitude": "44.62630000",
      "longitude": "10.56420000"
   },
   {
      "name": "Pulce",
      "countryCode": "IT",
      "stateCode": "45",
      "latitude": "44.44909000",
      "longitude": "11.41153000"
   },
   {
      "name": "Punta Marina",
      "countryCode": "IT",
      "stateCode": "45",
      "latitude": "44.44272000",
      "longitude": "12.29089000"
   },
   {
      "name": "Quarantoli",
      "countryCode": "IT",
      "stateCode": "45",
      "latitude": "44.91954000",
      "longitude": "11.10324000"
   },
   {
      "name": "Quartesana",
      "countryCode": "IT",
      "stateCode": "45",
      "latitude": "44.80490000",
      "longitude": "11.73873000"
   },
   {
      "name": "Quarto Inferiore",
      "countryCode": "IT",
      "stateCode": "45",
      "latitude": "44.53090000",
      "longitude": "11.41679000"
   },
   {
      "name": "Quattro Castella",
      "countryCode": "IT",
      "stateCode": "45",
      "latitude": "44.63496000",
      "longitude": "10.47429000"
   },
   {
      "name": "Ramiola",
      "countryCode": "IT",
      "stateCode": "45",
      "latitude": "44.70055000",
      "longitude": "10.09110000"
   },
   {
      "name": "Ramiseto",
      "countryCode": "IT",
      "stateCode": "45",
      "latitude": "44.41284000",
      "longitude": "10.27689000"
   },
   {
      "name": "Rastignano-Carteria di Sesto",
      "countryCode": "IT",
      "stateCode": "45",
      "latitude": "44.43623000",
      "longitude": "11.35695000"
   },
   {
      "name": "Ravarino",
      "countryCode": "IT",
      "stateCode": "45",
      "latitude": "44.72475000",
      "longitude": "11.09588000"
   },
   {
      "name": "Ravenna",
      "countryCode": "IT",
      "stateCode": "45",
      "latitude": "44.41344000",
      "longitude": "12.20121000"
   },
   {
      "name": "Reggio nell'Emilia",
      "countryCode": "IT",
      "stateCode": "45",
      "latitude": "44.69825000",
      "longitude": "10.63125000"
   },
   {
      "name": "Reggiolo",
      "countryCode": "IT",
      "stateCode": "45",
      "latitude": "44.91824000",
      "longitude": "10.81016000"
   },
   {
      "name": "Renazzo",
      "countryCode": "IT",
      "stateCode": "45",
      "latitude": "44.76527000",
      "longitude": "11.28605000"
   },
   {
      "name": "Riale",
      "countryCode": "IT",
      "stateCode": "45",
      "latitude": "44.48333000",
      "longitude": "11.23333000"
   },
   {
      "name": "Riccione",
      "countryCode": "IT",
      "stateCode": "45",
      "latitude": "43.99942000",
      "longitude": "12.65689000"
   },
   {
      "name": "Riccò",
      "countryCode": "IT",
      "stateCode": "45",
      "latitude": "44.70050000",
      "longitude": "10.12095000"
   },
   {
      "name": "Rimini",
      "countryCode": "IT",
      "stateCode": "45",
      "latitude": "44.05755000",
      "longitude": "12.56528000"
   },
   {
      "name": "Rio Saliceto",
      "countryCode": "IT",
      "stateCode": "45",
      "latitude": "44.81147000",
      "longitude": "10.80414000"
   },
   {
      "name": "Riolo Terme",
      "countryCode": "IT",
      "stateCode": "45",
      "latitude": "44.27609000",
      "longitude": "11.72722000"
   },
   {
      "name": "Riolunato",
      "countryCode": "IT",
      "stateCode": "45",
      "latitude": "44.23102000",
      "longitude": "10.65310000"
   },
   {
      "name": "Rivazzurra",
      "countryCode": "IT",
      "stateCode": "45",
      "latitude": "44.04186000",
      "longitude": "12.60894000"
   },
   {
      "name": "Rivergaro",
      "countryCode": "IT",
      "stateCode": "45",
      "latitude": "44.91500000",
      "longitude": "9.60443000"
   },
   {
      "name": "Ro",
      "countryCode": "IT",
      "stateCode": "45",
      "latitude": "44.94695000",
      "longitude": "11.76006000"
   },
   {
      "name": "Rocca San Casciano",
      "countryCode": "IT",
      "stateCode": "45",
      "latitude": "44.05871000",
      "longitude": "11.84274000"
   },
   {
      "name": "Roccabianca",
      "countryCode": "IT",
      "stateCode": "45",
      "latitude": "45.00772000",
      "longitude": "10.21824000"
   },
   {
      "name": "Rolo",
      "countryCode": "IT",
      "stateCode": "45",
      "latitude": "44.88482000",
      "longitude": "10.85961000"
   },
   {
      "name": "Roncocesi",
      "countryCode": "IT",
      "stateCode": "45",
      "latitude": "44.73843000",
      "longitude": "10.57816000"
   },
   {
      "name": "Roncofreddo",
      "countryCode": "IT",
      "stateCode": "45",
      "latitude": "44.04222000",
      "longitude": "12.30083000"
   },
   {
      "name": "Roncofreddo-Santa Paola",
      "countryCode": "IT",
      "stateCode": "45",
      "latitude": "44.04251000",
      "longitude": "12.31523000"
   },
   {
      "name": "Roteglia",
      "countryCode": "IT",
      "stateCode": "45",
      "latitude": "44.48417000",
      "longitude": "10.68832000"
   },
   {
      "name": "Rottofreno",
      "countryCode": "IT",
      "stateCode": "45",
      "latitude": "45.05527000",
      "longitude": "9.55007000"
   },
   {
      "name": "Roveleto",
      "countryCode": "IT",
      "stateCode": "45",
      "latitude": "44.96332000",
      "longitude": "9.85390000"
   },
   {
      "name": "Rovereto",
      "countryCode": "IT",
      "stateCode": "45",
      "latitude": "44.83381000",
      "longitude": "10.95157000"
   },
   {
      "name": "Rubiera",
      "countryCode": "IT",
      "stateCode": "45",
      "latitude": "44.65158000",
      "longitude": "10.77940000"
   },
   {
      "name": "Russi",
      "countryCode": "IT",
      "stateCode": "45",
      "latitude": "44.37645000",
      "longitude": "12.03335000"
   },
   {
      "name": "Sala",
      "countryCode": "IT",
      "stateCode": "45",
      "latitude": "44.15638000",
      "longitude": "12.38340000"
   },
   {
      "name": "Sala Baganza",
      "countryCode": "IT",
      "stateCode": "45",
      "latitude": "44.71563000",
      "longitude": "10.22622000"
   },
   {
      "name": "Sala Bolognese",
      "countryCode": "IT",
      "stateCode": "45",
      "latitude": "44.61387000",
      "longitude": "11.25669000"
   },
   {
      "name": "Salsomaggiore Terme",
      "countryCode": "IT",
      "stateCode": "45",
      "latitude": "44.81592000",
      "longitude": "9.98637000"
   },
   {
      "name": "Saludecio",
      "countryCode": "IT",
      "stateCode": "45",
      "latitude": "43.87540000",
      "longitude": "12.66118000"
   },
   {
      "name": "Salvaterra",
      "countryCode": "IT",
      "stateCode": "45",
      "latitude": "44.59925000",
      "longitude": "10.76860000"
   },
   {
      "name": "Sam Marino",
      "countryCode": "IT",
      "stateCode": "45",
      "latitude": "44.80738000",
      "longitude": "10.91438000"
   },
   {
      "name": "San Bartolomeo",
      "countryCode": "IT",
      "stateCode": "45",
      "latitude": "44.67402000",
      "longitude": "10.53941000"
   },
   {
      "name": "San Bartolomeo In Bosco",
      "countryCode": "IT",
      "stateCode": "45",
      "latitude": "44.73094000",
      "longitude": "11.63573000"
   },
   {
      "name": "San Benedetto Val di Sambro",
      "countryCode": "IT",
      "stateCode": "45",
      "latitude": "44.21405000",
      "longitude": "11.23567000"
   },
   {
      "name": "San Biagio",
      "countryCode": "IT",
      "stateCode": "45",
      "latitude": "44.58695000",
      "longitude": "11.86918000"
   },
   {
      "name": "San Carlo",
      "countryCode": "IT",
      "stateCode": "45",
      "latitude": "44.80361000",
      "longitude": "11.40999000"
   },
   {
      "name": "San Cesario sul Panaro",
      "countryCode": "IT",
      "stateCode": "45",
      "latitude": "44.56352000",
      "longitude": "11.03508000"
   },
   {
      "name": "San Clemente",
      "countryCode": "IT",
      "stateCode": "45",
      "latitude": "43.93269000",
      "longitude": "12.62707000"
   },
   {
      "name": "San Damaso",
      "countryCode": "IT",
      "stateCode": "45",
      "latitude": "44.60102000",
      "longitude": "10.97373000"
   },
   {
      "name": "San Felice sul Panaro",
      "countryCode": "IT",
      "stateCode": "45",
      "latitude": "44.83671000",
      "longitude": "11.13791000"
   },
   {
      "name": "San Gabriele-Mondonuovo",
      "countryCode": "IT",
      "stateCode": "45",
      "latitude": "44.66667000",
      "longitude": "11.58333000"
   },
   {
      "name": "San Giorgio Piacentino",
      "countryCode": "IT",
      "stateCode": "45",
      "latitude": "44.95198000",
      "longitude": "9.73773000"
   },
   {
      "name": "San Giorgio di Piano",
      "countryCode": "IT",
      "stateCode": "45",
      "latitude": "44.64724000",
      "longitude": "11.37446000"
   },
   {
      "name": "San Giovanni in Marignano",
      "countryCode": "IT",
      "stateCode": "45",
      "latitude": "43.93989000",
      "longitude": "12.71166000"
   },
   {
      "name": "San Giovanni in Persiceto",
      "countryCode": "IT",
      "stateCode": "45",
      "latitude": "44.63838000",
      "longitude": "11.18419000"
   },
   {
      "name": "San Giovanni-San Bernardino",
      "countryCode": "IT",
      "stateCode": "45",
      "latitude": "44.79297000",
      "longitude": "9.60871000"
   },
   {
      "name": "San Giuseppe",
      "countryCode": "IT",
      "stateCode": "45",
      "latitude": "44.72202000",
      "longitude": "12.21712000"
   },
   {
      "name": "San Lazzaro",
      "countryCode": "IT",
      "stateCode": "45",
      "latitude": "44.47050000",
      "longitude": "11.40851000"
   },
   {
      "name": "San Leo",
      "countryCode": "IT",
      "stateCode": "45",
      "latitude": "43.89637000",
      "longitude": "12.34460000"
   },
   {
      "name": "San Martino",
      "countryCode": "IT",
      "stateCode": "45",
      "latitude": "44.77794000",
      "longitude": "11.58751000"
   },
   {
      "name": "San Martino dei Mulini",
      "countryCode": "IT",
      "stateCode": "45",
      "latitude": "44.03182000",
      "longitude": "12.46396000"
   },
   {
      "name": "San Martino in Argine",
      "countryCode": "IT",
      "stateCode": "45",
      "latitude": "44.58876000",
      "longitude": "11.60650000"
   },
   {
      "name": "San Martino in Rio",
      "countryCode": "IT",
      "stateCode": "45",
      "latitude": "44.73368000",
      "longitude": "10.78490000"
   },
   {
      "name": "San Mauro Pascoli",
      "countryCode": "IT",
      "stateCode": "45",
      "latitude": "44.10890000",
      "longitude": "12.41953000"
   },
   {
      "name": "San Mauro a Mare",
      "countryCode": "IT",
      "stateCode": "45",
      "latitude": "44.16367000",
      "longitude": "12.44631000"
   },
   {
      "name": "San Michele Tiorre",
      "countryCode": "IT",
      "stateCode": "45",
      "latitude": "44.68530000",
      "longitude": "10.26317000"
   },
   {
      "name": "San Michele dei Mucchietti",
      "countryCode": "IT",
      "stateCode": "45",
      "latitude": "44.50847000",
      "longitude": "10.74726000"
   },
   {
      "name": "San Nicolò",
      "countryCode": "IT",
      "stateCode": "45",
      "latitude": "45.05685000",
      "longitude": "9.60540000"
   },
   {
      "name": "San Pancrazio",
      "countryCode": "IT",
      "stateCode": "45",
      "latitude": "44.35810000",
      "longitude": "12.07852000"
   },
   {
      "name": "San Piero in Bagno",
      "countryCode": "IT",
      "stateCode": "45",
      "latitude": "43.85793000",
      "longitude": "11.97716000"
   },
   {
      "name": "San Pietro Capofiume",
      "countryCode": "IT",
      "stateCode": "45",
      "latitude": "44.65040000",
      "longitude": "11.64802000"
   },
   {
      "name": "San Pietro In Vincoli",
      "countryCode": "IT",
      "stateCode": "45",
      "latitude": "44.30051000",
      "longitude": "12.14556000"
   },
   {
      "name": "San Pietro in Casale",
      "countryCode": "IT",
      "stateCode": "45",
      "latitude": "44.70079000",
      "longitude": "11.40492000"
   },
   {
      "name": "San Pietro in Cerro",
      "countryCode": "IT",
      "stateCode": "45",
      "latitude": "45.02137000",
      "longitude": "9.94987000"
   },
   {
      "name": "San Polo",
      "countryCode": "IT",
      "stateCode": "45",
      "latitude": "44.97868000",
      "longitude": "9.74070000"
   },
   {
      "name": "San Polo d'Enza",
      "countryCode": "IT",
      "stateCode": "45",
      "latitude": "44.62690000",
      "longitude": "10.42667000"
   },
   {
      "name": "San Possidonio",
      "countryCode": "IT",
      "stateCode": "45",
      "latitude": "44.87402000",
      "longitude": "10.98087000"
   },
   {
      "name": "San Prospero",
      "countryCode": "IT",
      "stateCode": "45",
      "latitude": "44.78967000",
      "longitude": "11.02210000"
   },
   {
      "name": "San Secondo Parmense",
      "countryCode": "IT",
      "stateCode": "45",
      "latitude": "44.92218000",
      "longitude": "10.23038000"
   },
   {
      "name": "San Venanzio",
      "countryCode": "IT",
      "stateCode": "45",
      "latitude": "44.74517000",
      "longitude": "11.43727000"
   },
   {
      "name": "San Vincenzo",
      "countryCode": "IT",
      "stateCode": "45",
      "latitude": "44.73878000",
      "longitude": "11.43668000"
   },
   {
      "name": "San Vito",
      "countryCode": "IT",
      "stateCode": "45",
      "latitude": "44.55822000",
      "longitude": "10.97432000"
   },
   {
      "name": "Sant'Agata Bolognese",
      "countryCode": "IT",
      "stateCode": "45",
      "latitude": "44.66016000",
      "longitude": "11.13292000"
   },
   {
      "name": "Sant'Agata Feltria",
      "countryCode": "IT",
      "stateCode": "45",
      "latitude": "43.86282000",
      "longitude": "12.20690000"
   },
   {
      "name": "Sant'Agata sul Santerno",
      "countryCode": "IT",
      "stateCode": "45",
      "latitude": "44.44351000",
      "longitude": "11.86112000"
   },
   {
      "name": "Sant'Agostino",
      "countryCode": "IT",
      "stateCode": "45",
      "latitude": "44.79218000",
      "longitude": "11.38522000"
   },
   {
      "name": "Sant'Alberto",
      "countryCode": "IT",
      "stateCode": "45",
      "latitude": "44.53822000",
      "longitude": "12.16191000"
   },
   {
      "name": "Sant'Andrea",
      "countryCode": "IT",
      "stateCode": "45",
      "latitude": "44.03328000",
      "longitude": "12.41893000"
   },
   {
      "name": "Sant'Andrea in Casale",
      "countryCode": "IT",
      "stateCode": "45",
      "latitude": "43.93333000",
      "longitude": "12.65000000"
   },
   {
      "name": "Sant'Antonio",
      "countryCode": "IT",
      "stateCode": "45",
      "latitude": "44.36586000",
      "longitude": "10.83646000"
   },
   {
      "name": "Sant'Ilario d'Enza",
      "countryCode": "IT",
      "stateCode": "45",
      "latitude": "44.75890000",
      "longitude": "10.44737000"
   },
   {
      "name": "Santa Croce Scuole",
      "countryCode": "IT",
      "stateCode": "45",
      "latitude": "44.76281000",
      "longitude": "10.84944000"
   },
   {
      "name": "Santa Giustina",
      "countryCode": "IT",
      "stateCode": "45",
      "latitude": "44.06778000",
      "longitude": "12.48500000"
   },
   {
      "name": "Santa Maria Codifiume",
      "countryCode": "IT",
      "stateCode": "45",
      "latitude": "44.66424000",
      "longitude": "11.65099000"
   },
   {
      "name": "Santa Maria Nuova",
      "countryCode": "IT",
      "stateCode": "45",
      "latitude": "44.20000000",
      "longitude": "12.19389000"
   },
   {
      "name": "Santa Monica-Cella",
      "countryCode": "IT",
      "stateCode": "45",
      "latitude": "43.95765000",
      "longitude": "12.68846000"
   },
   {
      "name": "Santa Sofia",
      "countryCode": "IT",
      "stateCode": "45",
      "latitude": "43.94724000",
      "longitude": "11.90867000"
   },
   {
      "name": "Santa Vittoria",
      "countryCode": "IT",
      "stateCode": "45",
      "latitude": "44.85483000",
      "longitude": "10.63348000"
   },
   {
      "name": "Santarcangelo",
      "countryCode": "IT",
      "stateCode": "45",
      "latitude": "44.06326000",
      "longitude": "12.44657000"
   },
   {
      "name": "Santerno",
      "countryCode": "IT",
      "stateCode": "45",
      "latitude": "44.43697000",
      "longitude": "12.05533000"
   },
   {
      "name": "Santo Stefano-Carraie",
      "countryCode": "IT",
      "stateCode": "45",
      "latitude": "44.31525000",
      "longitude": "12.18573000"
   },
   {
      "name": "Sarmato",
      "countryCode": "IT",
      "stateCode": "45",
      "latitude": "45.05679000",
      "longitude": "9.49683000"
   },
   {
      "name": "Sarsina",
      "countryCode": "IT",
      "stateCode": "45",
      "latitude": "43.91981000",
      "longitude": "12.14255000"
   },
   {
      "name": "Sasso Marconi",
      "countryCode": "IT",
      "stateCode": "45",
      "latitude": "44.40064000",
      "longitude": "11.25177000"
   },
   {
      "name": "Sassuolo",
      "countryCode": "IT",
      "stateCode": "45",
      "latitude": "44.54320000",
      "longitude": "10.78480000"
   },
   {
      "name": "Savarna-Conventello",
      "countryCode": "IT",
      "stateCode": "45",
      "latitude": "44.50717000",
      "longitude": "12.10621000"
   },
   {
      "name": "Savignano sul Panaro",
      "countryCode": "IT",
      "stateCode": "45",
      "latitude": "44.48036000",
      "longitude": "11.03510000"
   },
   {
      "name": "Savignano sul Rubicone",
      "countryCode": "IT",
      "stateCode": "45",
      "latitude": "44.09009000",
      "longitude": "12.39935000"
   },
   {
      "name": "Savigno",
      "countryCode": "IT",
      "stateCode": "45",
      "latitude": "44.39186000",
      "longitude": "11.07481000"
   },
   {
      "name": "Savio",
      "countryCode": "IT",
      "stateCode": "45",
      "latitude": "44.31139000",
      "longitude": "12.29472000"
   },
   {
      "name": "Scandiano",
      "countryCode": "IT",
      "stateCode": "45",
      "latitude": "44.59830000",
      "longitude": "10.69558000"
   },
   {
      "name": "Scortichino",
      "countryCode": "IT",
      "stateCode": "45",
      "latitude": "44.88333000",
      "longitude": "11.33333000"
   },
   {
      "name": "Secchiano",
      "countryCode": "IT",
      "stateCode": "45",
      "latitude": "43.92399000",
      "longitude": "12.31615000"
   },
   {
      "name": "Serra di Maiolo",
      "countryCode": "IT",
      "stateCode": "45",
      "latitude": "43.87304000",
      "longitude": "12.31129000"
   },
   {
      "name": "Serramazzoni",
      "countryCode": "IT",
      "stateCode": "45",
      "latitude": "44.42735000",
      "longitude": "10.79055000"
   },
   {
      "name": "Serravalle",
      "countryCode": "IT",
      "stateCode": "45",
      "latitude": "44.96532000",
      "longitude": "12.04664000"
   },
   {
      "name": "Sesto Imolese",
      "countryCode": "IT",
      "stateCode": "45",
      "latitude": "44.45952000",
      "longitude": "11.72919000"
   },
   {
      "name": "Sestola",
      "countryCode": "IT",
      "stateCode": "45",
      "latitude": "44.22994000",
      "longitude": "10.77349000"
   },
   {
      "name": "Sissa",
      "countryCode": "IT",
      "stateCode": "45",
      "latitude": "44.95927000",
      "longitude": "10.26058000"
   },
   {
      "name": "Sogliano al Rubicone",
      "countryCode": "IT",
      "stateCode": "45",
      "latitude": "44.00500000",
      "longitude": "12.30122000"
   },
   {
      "name": "Solara",
      "countryCode": "IT",
      "stateCode": "45",
      "latitude": "44.77163000",
      "longitude": "11.09287000"
   },
   {
      "name": "Solarolo",
      "countryCode": "IT",
      "stateCode": "45",
      "latitude": "44.35892000",
      "longitude": "11.84661000"
   },
   {
      "name": "Soliera",
      "countryCode": "IT",
      "stateCode": "45",
      "latitude": "44.73387000",
      "longitude": "10.92177000"
   },
   {
      "name": "Solignano",
      "countryCode": "IT",
      "stateCode": "45",
      "latitude": "44.61306000",
      "longitude": "9.97548000"
   },
   {
      "name": "Solignano Nuovo",
      "countryCode": "IT",
      "stateCode": "45",
      "latitude": "44.52746000",
      "longitude": "10.92626000"
   },
   {
      "name": "Soragna",
      "countryCode": "IT",
      "stateCode": "45",
      "latitude": "44.92686000",
      "longitude": "10.12013000"
   },
   {
      "name": "Sorbara",
      "countryCode": "IT",
      "stateCode": "45",
      "latitude": "44.74808000",
      "longitude": "11.00731000"
   },
   {
      "name": "Sorbolo",
      "countryCode": "IT",
      "stateCode": "45",
      "latitude": "44.84587000",
      "longitude": "10.44375000"
   },
   {
      "name": "Spilamberto",
      "countryCode": "IT",
      "stateCode": "45",
      "latitude": "44.53273000",
      "longitude": "11.01697000"
   },
   {
      "name": "Stazione Valmozzola",
      "countryCode": "IT",
      "stateCode": "45",
      "latitude": "44.57879000",
      "longitude": "9.94290000"
   },
   {
      "name": "Talamello",
      "countryCode": "IT",
      "stateCode": "45",
      "latitude": "43.90566000",
      "longitude": "12.28484000"
   },
   {
      "name": "Taneto",
      "countryCode": "IT",
      "stateCode": "45",
      "latitude": "44.77202000",
      "longitude": "10.45563000"
   },
   {
      "name": "Terenzo",
      "countryCode": "IT",
      "stateCode": "45",
      "latitude": "44.61048000",
      "longitude": "10.08956000"
   },
   {
      "name": "Tizzano Val Parma",
      "countryCode": "IT",
      "stateCode": "45",
      "latitude": "44.51931000",
      "longitude": "10.19819000"
   },
   {
      "name": "Toano",
      "countryCode": "IT",
      "stateCode": "45",
      "latitude": "44.37601000",
      "longitude": "10.56311000"
   },
   {
      "name": "Tornolo",
      "countryCode": "IT",
      "stateCode": "45",
      "latitude": "44.48524000",
      "longitude": "9.62744000"
   },
   {
      "name": "Torriana",
      "countryCode": "IT",
      "stateCode": "45",
      "latitude": "43.98485000",
      "longitude": "12.38541000"
   },
   {
      "name": "Torrile",
      "countryCode": "IT",
      "stateCode": "45",
      "latitude": "44.92522000",
      "longitude": "10.32381000"
   },
   {
      "name": "Toscanella",
      "countryCode": "IT",
      "stateCode": "45",
      "latitude": "44.38248000",
      "longitude": "11.63965000"
   },
   {
      "name": "Trarivi",
      "countryCode": "IT",
      "stateCode": "45",
      "latitude": "43.93672000",
      "longitude": "12.54400000"
   },
   {
      "name": "Traversetolo",
      "countryCode": "IT",
      "stateCode": "45",
      "latitude": "44.64244000",
      "longitude": "10.38036000"
   },
   {
      "name": "Travo",
      "countryCode": "IT",
      "stateCode": "45",
      "latitude": "44.86321000",
      "longitude": "9.54430000"
   },
   {
      "name": "Trebbo",
      "countryCode": "IT",
      "stateCode": "45",
      "latitude": "44.55629000",
      "longitude": "11.31901000"
   },
   {
      "name": "Trecasali",
      "countryCode": "IT",
      "stateCode": "45",
      "latitude": "44.93747000",
      "longitude": "10.27279000"
   },
   {
      "name": "Tredozio",
      "countryCode": "IT",
      "stateCode": "45",
      "latitude": "44.07958000",
      "longitude": "11.74140000"
   },
   {
      "name": "Tresigallo-Final di Rero",
      "countryCode": "IT",
      "stateCode": "45",
      "latitude": "44.81598000",
      "longitude": "11.89472000"
   },
   {
      "name": "Vado",
      "countryCode": "IT",
      "stateCode": "45",
      "latitude": "44.31689000",
      "longitude": "11.25851000"
   },
   {
      "name": "Varano De' Melegari",
      "countryCode": "IT",
      "stateCode": "45",
      "latitude": "44.68806000",
      "longitude": "10.01148000"
   },
   {
      "name": "Varsi",
      "countryCode": "IT",
      "stateCode": "45",
      "latitude": "44.66274000",
      "longitude": "9.84879000"
   },
   {
      "name": "Veggia-Villalunga",
      "countryCode": "IT",
      "stateCode": "45",
      "latitude": "44.56070000",
      "longitude": "10.75621000"
   },
   {
      "name": "Venezzano",
      "countryCode": "IT",
      "stateCode": "45",
      "latitude": "44.68333000",
      "longitude": "11.33333000"
   },
   {
      "name": "Ventoso",
      "countryCode": "IT",
      "stateCode": "45",
      "latitude": "44.58621000",
      "longitude": "10.68767000"
   },
   {
      "name": "Vergato",
      "countryCode": "IT",
      "stateCode": "45",
      "latitude": "44.28232000",
      "longitude": "11.10953000"
   },
   {
      "name": "Verghereto",
      "countryCode": "IT",
      "stateCode": "45",
      "latitude": "43.79450000",
      "longitude": "12.00520000"
   },
   {
      "name": "Vernasca",
      "countryCode": "IT",
      "stateCode": "45",
      "latitude": "44.79867000",
      "longitude": "9.83054000"
   },
   {
      "name": "Verucchio",
      "countryCode": "IT",
      "stateCode": "45",
      "latitude": "43.98171000",
      "longitude": "12.42317000"
   },
   {
      "name": "Vetto",
      "countryCode": "IT",
      "stateCode": "45",
      "latitude": "44.48407000",
      "longitude": "10.33882000"
   },
   {
      "name": "Vezzano sul Crostolo",
      "countryCode": "IT",
      "stateCode": "45",
      "latitude": "44.60241000",
      "longitude": "10.54469000"
   },
   {
      "name": "Viano",
      "countryCode": "IT",
      "stateCode": "45",
      "latitude": "44.54516000",
      "longitude": "10.62435000"
   },
   {
      "name": "Vicofertile",
      "countryCode": "IT",
      "stateCode": "45",
      "latitude": "44.78557000",
      "longitude": "10.26200000"
   },
   {
      "name": "Vigarano Mainarda",
      "countryCode": "IT",
      "stateCode": "45",
      "latitude": "44.84079000",
      "longitude": "11.49354000"
   },
   {
      "name": "Vigarano Pieve",
      "countryCode": "IT",
      "stateCode": "45",
      "latitude": "44.86126000",
      "longitude": "11.50950000"
   },
   {
      "name": "Vigatto",
      "countryCode": "IT",
      "stateCode": "45",
      "latitude": "44.71999000",
      "longitude": "10.33037000"
   },
   {
      "name": "Vignola",
      "countryCode": "IT",
      "stateCode": "45",
      "latitude": "44.48383000",
      "longitude": "11.01096000"
   },
   {
      "name": "Vigolzone",
      "countryCode": "IT",
      "stateCode": "45",
      "latitude": "44.91394000",
      "longitude": "9.66852000"
   },
   {
      "name": "Villa Fontana",
      "countryCode": "IT",
      "stateCode": "45",
      "latitude": "44.49455000",
      "longitude": "11.60885000"
   },
   {
      "name": "Villa Minozzo",
      "countryCode": "IT",
      "stateCode": "45",
      "latitude": "44.36480000",
      "longitude": "10.46545000"
   },
   {
      "name": "Villa Verucchio",
      "countryCode": "IT",
      "stateCode": "45",
      "latitude": "44.00510000",
      "longitude": "12.43575000"
   },
   {
      "name": "Villanova",
      "countryCode": "IT",
      "stateCode": "45",
      "latitude": "45.02597000",
      "longitude": "9.99865000"
   },
   {
      "name": "Villarotta",
      "countryCode": "IT",
      "stateCode": "45",
      "latitude": "44.92517000",
      "longitude": "10.74382000"
   },
   {
      "name": "Voghiera",
      "countryCode": "IT",
      "stateCode": "45",
      "latitude": "44.75558000",
      "longitude": "11.75182000"
   },
   {
      "name": "Voltana",
      "countryCode": "IT",
      "stateCode": "45",
      "latitude": "44.54109000",
      "longitude": "11.93533000"
   },
   {
      "name": "Zerba",
      "countryCode": "IT",
      "stateCode": "45",
      "latitude": "44.66551000",
      "longitude": "9.28795000"
   },
   {
      "name": "Ziano Piacentino",
      "countryCode": "IT",
      "stateCode": "45",
      "latitude": "44.99980000",
      "longitude": "9.39486000"
   },
   {
      "name": "Zibello",
      "countryCode": "IT",
      "stateCode": "45",
      "latitude": "45.01847000",
      "longitude": "10.12968000"
   },
   {
      "name": "Zocca",
      "countryCode": "IT",
      "stateCode": "45",
      "latitude": "44.34566000",
      "longitude": "10.99308000"
   },
   {
      "name": "Zola Predosa",
      "countryCode": "IT",
      "stateCode": "45",
      "latitude": "44.48967000",
      "longitude": "11.21831000"
   }
]