[
   {
      "name": "Abrama",
      "countryCode": "IN",
      "stateCode": "GJ"
   },
   {
      "name": "Adalaj",
      "countryCode": "IN",
      "stateCode": "GJ"
   },
   {
      "name": "Agol",
      "countryCode": "IN",
      "stateCode": "GJ"
   },
   {
      "name": "Ahmedabad",
      "countryCode": "IN",
      "stateCode": "GJ"
   },
   {
      "name": "Ahwa",
      "countryCode": "IN",
      "stateCode": "GJ"
   },
   {
      "name": "Akrund",
      "countryCode": "IN",
      "stateCode": "GJ"
   },
   {
      "name": "Amod",
      "countryCode": "IN",
      "stateCode": "GJ"
   },
   {
      "name": "Amod,",
      "countryCode": "IN",
      "stateCode": "GJ"
   },
   {
      "name": "Amreli",
      "countryCode": "IN",
      "stateCode": "GJ"
   },
   {
      "name": "Amroli",
      "countryCode": "IN",
      "stateCode": "GJ"
   },
   {
      "name": "Anand",
      "countryCode": "IN",
      "stateCode": "GJ"
   },
   {
      "name": "Anjar",
      "countryCode": "IN",
      "stateCode": "GJ"
   },
   {
      "name": "Ankleshwar",
      "countryCode": "IN",
      "stateCode": "GJ"
   },
   {
      "name": "Babra",
      "countryCode": "IN",
      "stateCode": "GJ"
   },
   {
      "name": "Bagasara",
      "countryCode": "IN",
      "stateCode": "GJ"
   },
   {
      "name": "Bagasra",
      "countryCode": "IN",
      "stateCode": "GJ"
   },
   {
      "name": "Bakharla",
      "countryCode": "IN",
      "stateCode": "GJ"
   },
   {
      "name": "Balagam",
      "countryCode": "IN",
      "stateCode": "GJ"
   },
   {
      "name": "Balasinor",
      "countryCode": "IN",
      "stateCode": "GJ"
   },
   {
      "name": "Balisana",
      "countryCode": "IN",
      "stateCode": "GJ"
   },
   {
      "name": "Bamanbore",
      "countryCode": "IN",
      "stateCode": "GJ"
   },
   {
      "name": "Banas Kantha",
      "countryCode": "IN",
      "stateCode": "GJ"
   },
   {
      "name": "Bandia",
      "countryCode": "IN",
      "stateCode": "GJ"
   },
   {
      "name": "Bantva",
      "countryCode": "IN",
      "stateCode": "GJ"
   },
   {
      "name": "Bardoli",
      "countryCode": "IN",
      "stateCode": "GJ"
   },
   {
      "name": "Bedi",
      "countryCode": "IN",
      "stateCode": "GJ"
   },
   {
      "name": "Bhachau",
      "countryCode": "IN",
      "stateCode": "GJ"
   },
   {
      "name": "Bhadran",
      "countryCode": "IN",
      "stateCode": "GJ"
   },
   {
      "name": "Bhandu",
      "countryCode": "IN",
      "stateCode": "GJ"
   },
   {
      "name": "Bhanvad",
      "countryCode": "IN",
      "stateCode": "GJ"
   },
   {
      "name": "Bharuch",
      "countryCode": "IN",
      "stateCode": "GJ"
   },
   {
      "name": "Bhatha",
      "countryCode": "IN",
      "stateCode": "GJ"
   },
   {
      "name": "Bhavnagar",
      "countryCode": "IN",
      "stateCode": "GJ"
   },
   {
      "name": "Bhayavadar",
      "countryCode": "IN",
      "stateCode": "GJ"
   },
   {
      "name": "Bhildi",
      "countryCode": "IN",
      "stateCode": "GJ"
   },
   {
      "name": "Bhojpur Dharampur",
      "countryCode": "IN",
      "stateCode": "GJ"
   },
   {
      "name": "Bhuj",
      "countryCode": "IN",
      "stateCode": "GJ"
   },
   {
      "name": "Bilimora",
      "countryCode": "IN",
      "stateCode": "GJ"
   },
   {
      "name": "Bilkha",
      "countryCode": "IN",
      "stateCode": "GJ"
   },
   {
      "name": "Borsad",
      "countryCode": "IN",
      "stateCode": "GJ"
   },
   {
      "name": "Botad",
      "countryCode": "IN",
      "stateCode": "GJ"
   },
   {
      "name": "Chaklasi",
      "countryCode": "IN",
      "stateCode": "GJ"
   },
   {
      "name": "Chalala",
      "countryCode": "IN",
      "stateCode": "GJ"
   },
   {
      "name": "Chaloda",
      "countryCode": "IN",
      "stateCode": "GJ"
   },
   {
      "name": "Champaner",
      "countryCode": "IN",
      "stateCode": "GJ"
   },
   {
      "name": "Chanasma",
      "countryCode": "IN",
      "stateCode": "GJ"
   },
   {
      "name": "Chhala",
      "countryCode": "IN",
      "stateCode": "GJ"
   },
   {
      "name": "Chhota Udepur",
      "countryCode": "IN",
      "stateCode": "GJ"
   },
   {
      "name": "Chikhli",
      "countryCode": "IN",
      "stateCode": "GJ"
   },
   {
      "name": "Chotila",
      "countryCode": "IN",
      "stateCode": "GJ"
   },
   {
      "name": "Chuda",
      "countryCode": "IN",
      "stateCode": "GJ"
   },
   {
      "name": "Dabhoda",
      "countryCode": "IN",
      "stateCode": "GJ"
   },
   {
      "name": "Dabhoi",
      "countryCode": "IN",
      "stateCode": "GJ"
   },
   {
      "name": "Dahegam",
      "countryCode": "IN",
      "stateCode": "GJ"
   },
   {
      "name": "Dahod",
      "countryCode": "IN",
      "stateCode": "GJ"
   },
   {
      "name": "Dakor",
      "countryCode": "IN",
      "stateCode": "GJ"
   },
   {
      "name": "Damnagar",
      "countryCode": "IN",
      "stateCode": "GJ"
   },
   {
      "name": "Dandi",
      "countryCode": "IN",
      "stateCode": "GJ"
   },
   {
      "name": "Dangs (India)",
      "countryCode": "IN",
      "stateCode": "GJ"
   },
   {
      "name": "Danta",
      "countryCode": "IN",
      "stateCode": "GJ"
   },
   {
      "name": "Dayapar",
      "countryCode": "IN",
      "stateCode": "GJ"
   },
   {
      "name": "Delvada",
      "countryCode": "IN",
      "stateCode": "GJ"
   },
   {
      "name": "Delwada",
      "countryCode": "IN",
      "stateCode": "GJ"
   },
   {
      "name": "Detroj",
      "countryCode": "IN",
      "stateCode": "GJ"
   },
   {
      "name": "Devbhumi Dwarka",
      "countryCode": "IN",
      "stateCode": "GJ"
   },
   {
      "name": "Devgadh Bariya",
      "countryCode": "IN",
      "stateCode": "GJ"
   },
   {
      "name": "Dhandhuka",
      "countryCode": "IN",
      "stateCode": "GJ"
   },
   {
      "name": "Dhanera",
      "countryCode": "IN",
      "stateCode": "GJ"
   },
   {
      "name": "Dhansura",
      "countryCode": "IN",
      "stateCode": "GJ"
   },
   {
      "name": "Dharampur",
      "countryCode": "IN",
      "stateCode": "GJ"
   },
   {
      "name": "Dharasana",
      "countryCode": "IN",
      "stateCode": "GJ"
   },
   {
      "name": "Dhari",
      "countryCode": "IN",
      "stateCode": "GJ"
   },
   {
      "name": "Dhasa",
      "countryCode": "IN",
      "stateCode": "GJ"
   },
   {
      "name": "Dhola",
      "countryCode": "IN",
      "stateCode": "GJ"
   },
   {
      "name": "Dholera",
      "countryCode": "IN",
      "stateCode": "GJ"
   },
   {
      "name": "Dholka",
      "countryCode": "IN",
      "stateCode": "GJ"
   },
   {
      "name": "Dhoraji",
      "countryCode": "IN",
      "stateCode": "GJ"
   },
   {
      "name": "Dhrangadhra",
      "countryCode": "IN",
      "stateCode": "GJ"
   },
   {
      "name": "Dhrol",
      "countryCode": "IN",
      "stateCode": "GJ"
   },
   {
      "name": "Dhuwaran",
      "countryCode": "IN",
      "stateCode": "GJ"
   },
   {
      "name": "Disa",
      "countryCode": "IN",
      "stateCode": "GJ"
   },
   {
      "name": "Dohad",
      "countryCode": "IN",
      "stateCode": "GJ"
   },
   {
      "name": "Dumkhal",
      "countryCode": "IN",
      "stateCode": "GJ"
   },
   {
      "name": "Dungarpur",
      "countryCode": "IN",
      "stateCode": "GJ"
   },
   {
      "name": "Dwarka",
      "countryCode": "IN",
      "stateCode": "GJ"
   },
   {
      "name": "Gadhada",
      "countryCode": "IN",
      "stateCode": "GJ"
   },
   {
      "name": "Gandevi",
      "countryCode": "IN",
      "stateCode": "GJ"
   },
   {
      "name": "Gandhidham",
      "countryCode": "IN",
      "stateCode": "GJ"
   },
   {
      "name": "Gandhinagar",
      "countryCode": "IN",
      "stateCode": "GJ"
   },
   {
      "name": "Gariadhar",
      "countryCode": "IN",
      "stateCode": "GJ"
   },
   {
      "name": "Ghodasar",
      "countryCode": "IN",
      "stateCode": "GJ"
   },
   {
      "name": "Ghogha",
      "countryCode": "IN",
      "stateCode": "GJ"
   },
   {
      "name": "Gir Somnath",
      "countryCode": "IN",
      "stateCode": "GJ"
   },
   {
      "name": "Godhra",
      "countryCode": "IN",
      "stateCode": "GJ"
   },
   {
      "name": "Gondal",
      "countryCode": "IN",
      "stateCode": "GJ"
   },
   {
      "name": "Gorwa",
      "countryCode": "IN",
      "stateCode": "GJ"
   },
   {
      "name": "Halenda",
      "countryCode": "IN",
      "stateCode": "GJ"
   },
   {
      "name": "Halol",
      "countryCode": "IN",
      "stateCode": "GJ"
   },
   {
      "name": "Halvad",
      "countryCode": "IN",
      "stateCode": "GJ"
   },
   {
      "name": "Hansot",
      "countryCode": "IN",
      "stateCode": "GJ"
   },
   {
      "name": "Harij",
      "countryCode": "IN",
      "stateCode": "GJ"
   },
   {
      "name": "Harsol",
      "countryCode": "IN",
      "stateCode": "GJ"
   },
   {
      "name": "Hathuran",
      "countryCode": "IN",
      "stateCode": "GJ"
   },
   {
      "name": "Himatnagar",
      "countryCode": "IN",
      "stateCode": "GJ"
   },
   {
      "name": "Idar",
      "countryCode": "IN",
      "stateCode": "GJ"
   },
   {
      "name": "Jakhau",
      "countryCode": "IN",
      "stateCode": "GJ"
   },
   {
      "name": "Jalalpore",
      "countryCode": "IN",
      "stateCode": "GJ"
   },
   {
      "name": "Jalalpur",
      "countryCode": "IN",
      "stateCode": "GJ"
   },
   {
      "name": "Jalia",
      "countryCode": "IN",
      "stateCode": "GJ"
   },
   {
      "name": "Jambuda",
      "countryCode": "IN",
      "stateCode": "GJ"
   },
   {
      "name": "Jambusar",
      "countryCode": "IN",
      "stateCode": "GJ"
   },
   {
      "name": "Jamnagar",
      "countryCode": "IN",
      "stateCode": "GJ"
   },
   {
      "name": "Jarod,",
      "countryCode": "IN",
      "stateCode": "GJ"
   },
   {
      "name": "Jasdan",
      "countryCode": "IN",
      "stateCode": "GJ"
   },
   {
      "name": "Jetalpur",
      "countryCode": "IN",
      "stateCode": "GJ"
   },
   {
      "name": "Jetalsar",
      "countryCode": "IN",
      "stateCode": "GJ"
   },
   {
      "name": "Jetpur",
      "countryCode": "IN",
      "stateCode": "GJ"
   },
   {
      "name": "Jetpur (Navagadh)",
      "countryCode": "IN",
      "stateCode": "GJ"
   },
   {
      "name": "Jhalod",
      "countryCode": "IN",
      "stateCode": "GJ"
   },
   {
      "name": "Jhulasan",
      "countryCode": "IN",
      "stateCode": "GJ"
   },
   {
      "name": "Jodhpur",
      "countryCode": "IN",
      "stateCode": "GJ"
   },
   {
      "name": "Jodhpur (Ahmedabad)",
      "countryCode": "IN",
      "stateCode": "GJ"
   },
   {
      "name": "Jodia",
      "countryCode": "IN",
      "stateCode": "GJ"
   },
   {
      "name": "Jodiya Bandar",
      "countryCode": "IN",
      "stateCode": "GJ"
   },
   {
      "name": "Junagadh",
      "countryCode": "IN",
      "stateCode": "GJ"
   },
   {
      "name": "Kachchh",
      "countryCode": "IN",
      "stateCode": "GJ"
   },
   {
      "name": "Kachholi",
      "countryCode": "IN",
      "stateCode": "GJ"
   },
   {
      "name": "Kadi",
      "countryCode": "IN",
      "stateCode": "GJ"
   },
   {
      "name": "Kadod",
      "countryCode": "IN",
      "stateCode": "GJ"
   },
   {
      "name": "Kalavad",
      "countryCode": "IN",
      "stateCode": "GJ"
   },
   {
      "name": "Kalol",
      "countryCode": "IN",
      "stateCode": "GJ"
   },
   {
      "name": "Kandla",
      "countryCode": "IN",
      "stateCode": "GJ"
   },
   {
      "name": "Kandla port",
      "countryCode": "IN",
      "stateCode": "GJ"
   },
   {
      "name": "Kanodar",
      "countryCode": "IN",
      "stateCode": "GJ"
   },
   {
      "name": "Kapadvanj",
      "countryCode": "IN",
      "stateCode": "GJ"
   },
   {
      "name": "Karamsad",
      "countryCode": "IN",
      "stateCode": "GJ"
   },
   {
      "name": "Kariana",
      "countryCode": "IN",
      "stateCode": "GJ"
   },
   {
      "name": "Karjan",
      "countryCode": "IN",
      "stateCode": "GJ"
   },
   {
      "name": "Kathor",
      "countryCode": "IN",
      "stateCode": "GJ"
   },
   {
      "name": "Katpur",
      "countryCode": "IN",
      "stateCode": "GJ"
   },
   {
      "name": "Kavant",
      "countryCode": "IN",
      "stateCode": "GJ"
   },
   {
      "name": "Kawant",
      "countryCode": "IN",
      "stateCode": "GJ"
   },
   {
      "name": "Kayavarohan",
      "countryCode": "IN",
      "stateCode": "GJ"
   },
   {
      "name": "Kerwada",
      "countryCode": "IN",
      "stateCode": "GJ"
   },
   {
      "name": "Keshod",
      "countryCode": "IN",
      "stateCode": "GJ"
   },
   {
      "name": "Khambhalia",
      "countryCode": "IN",
      "stateCode": "GJ"
   },
   {
      "name": "Khambhat",
      "countryCode": "IN",
      "stateCode": "GJ"
   },
   {
      "name": "Khavda",
      "countryCode": "IN",
      "stateCode": "GJ"
   },
   {
      "name": "Kheda",
      "countryCode": "IN",
      "stateCode": "GJ"
   },
   {
      "name": "Khedbrahma",
      "countryCode": "IN",
      "stateCode": "GJ"
   },
   {
      "name": "Khedoi",
      "countryCode": "IN",
      "stateCode": "GJ"
   },
   {
      "name": "Kherali",
      "countryCode": "IN",
      "stateCode": "GJ"
   },
   {
      "name": "Kheralu",
      "countryCode": "IN",
      "stateCode": "GJ"
   },
   {
      "name": "Kodinar",
      "countryCode": "IN",
      "stateCode": "GJ"
   },
   {
      "name": "Kosamba",
      "countryCode": "IN",
      "stateCode": "GJ"
   },
   {
      "name": "Kothara",
      "countryCode": "IN",
      "stateCode": "GJ"
   },
   {
      "name": "Kotharia",
      "countryCode": "IN",
      "stateCode": "GJ"
   },
   {
      "name": "Kukarmunda",
      "countryCode": "IN",
      "stateCode": "GJ"
   },
   {
      "name": "Kukma",
      "countryCode": "IN",
      "stateCode": "GJ"
   },
   {
      "name": "Kundla",
      "countryCode": "IN",
      "stateCode": "GJ"
   },
   {
      "name": "Kutch district",
      "countryCode": "IN",
      "stateCode": "GJ"
   },
   {
      "name": "Kutiyana",
      "countryCode": "IN",
      "stateCode": "GJ"
   },
   {
      "name": "Ladol",
      "countryCode": "IN",
      "stateCode": "GJ"
   },
   {
      "name": "Lakhpat",
      "countryCode": "IN",
      "stateCode": "GJ"
   },
   {
      "name": "Lakhtar",
      "countryCode": "IN",
      "stateCode": "GJ"
   },
   {
      "name": "Lalpur",
      "countryCode": "IN",
      "stateCode": "GJ"
   },
   {
      "name": "Langhnaj",
      "countryCode": "IN",
      "stateCode": "GJ"
   },
   {
      "name": "Lathi",
      "countryCode": "IN",
      "stateCode": "GJ"
   },
   {
      "name": "Limbdi",
      "countryCode": "IN",
      "stateCode": "GJ"
   },
   {
      "name": "Limkheda",
      "countryCode": "IN",
      "stateCode": "GJ"
   },
   {
      "name": "Lunavada",
      "countryCode": "IN",
      "stateCode": "GJ"
   },
   {
      "name": "Madhavpur Ghed",
      "countryCode": "IN",
      "stateCode": "GJ"
   },
   {
      "name": "Madhi",
      "countryCode": "IN",
      "stateCode": "GJ"
   },
   {
      "name": "Mahemdavad",
      "countryCode": "IN",
      "stateCode": "GJ"
   },
   {
      "name": "Mahesana",
      "countryCode": "IN",
      "stateCode": "GJ"
   },
   {
      "name": "Mahisa",
      "countryCode": "IN",
      "stateCode": "GJ"
   },
   {
      "name": "Mahudha",
      "countryCode": "IN",
      "stateCode": "GJ"
   },
   {
      "name": "Mahuva",
      "countryCode": "IN",
      "stateCode": "GJ"
   },
   {
      "name": "Mahuva (Surat)",
      "countryCode": "IN",
      "stateCode": "GJ"
   },
   {
      "name": "Malpur",
      "countryCode": "IN",
      "stateCode": "GJ"
   },
   {
      "name": "Manavadar",
      "countryCode": "IN",
      "stateCode": "GJ"
   },
   {
      "name": "Mandal",
      "countryCode": "IN",
      "stateCode": "GJ"
   },
   {
      "name": "Mandvi",
      "countryCode": "IN",
      "stateCode": "GJ"
   },
   {
      "name": "Mandvi (Surat)",
      "countryCode": "IN",
      "stateCode": "GJ"
   },
   {
      "name": "Mangrol",
      "countryCode": "IN",
      "stateCode": "GJ"
   },
   {
      "name": "Mangrol (Junagadh)",
      "countryCode": "IN",
      "stateCode": "GJ"
   },
   {
      "name": "Mansa",
      "countryCode": "IN",
      "stateCode": "GJ"
   },
   {
      "name": "Meghraj",
      "countryCode": "IN",
      "stateCode": "GJ"
   },
   {
      "name": "Mehsana",
      "countryCode": "IN",
      "stateCode": "GJ"
   },
   {
      "name": "Mendarda",
      "countryCode": "IN",
      "stateCode": "GJ"
   },
   {
      "name": "Mithapur",
      "countryCode": "IN",
      "stateCode": "GJ"
   },
   {
      "name": "Modasa",
      "countryCode": "IN",
      "stateCode": "GJ"
   },
   {
      "name": "Morbi",
      "countryCode": "IN",
      "stateCode": "GJ"
   },
   {
      "name": "Morva (Hadaf)",
      "countryCode": "IN",
      "stateCode": "GJ"
   },
   {
      "name": "Morwa",
      "countryCode": "IN",
      "stateCode": "GJ"
   },
   {
      "name": "Mundra",
      "countryCode": "IN",
      "stateCode": "GJ"
   },
   {
      "name": "Nadiad",
      "countryCode": "IN",
      "stateCode": "GJ"
   },
   {
      "name": "Nadiad,",
      "countryCode": "IN",
      "stateCode": "GJ"
   },
   {
      "name": "Nagwa",
      "countryCode": "IN",
      "stateCode": "GJ"
   },
   {
      "name": "Naldhara",
      "countryCode": "IN",
      "stateCode": "GJ"
   },
   {
      "name": "Naliya",
      "countryCode": "IN",
      "stateCode": "GJ"
   },
   {
      "name": "Nargol",
      "countryCode": "IN",
      "stateCode": "GJ"
   },
   {
      "name": "Narmada",
      "countryCode": "IN",
      "stateCode": "GJ"
   },
   {
      "name": "Naroda",
      "countryCode": "IN",
      "stateCode": "GJ"
   },
   {
      "name": "Navsari",
      "countryCode": "IN",
      "stateCode": "GJ"
   },
   {
      "name": "Nikora",
      "countryCode": "IN",
      "stateCode": "GJ"
   },
   {
      "name": "Nizar",
      "countryCode": "IN",
      "stateCode": "GJ"
   },
   {
      "name": "Odadar",
      "countryCode": "IN",
      "stateCode": "GJ"
   },
   {
      "name": "Okha",
      "countryCode": "IN",
      "stateCode": "GJ"
   },
   {
      "name": "Olpad",
      "countryCode": "IN",
      "stateCode": "GJ"
   },
   {
      "name": "Paddhari",
      "countryCode": "IN",
      "stateCode": "GJ"
   },
   {
      "name": "Padra",
      "countryCode": "IN",
      "stateCode": "GJ"
   },
   {
      "name": "Palanpur",
      "countryCode": "IN",
      "stateCode": "GJ"
   },
   {
      "name": "Palanswa",
      "countryCode": "IN",
      "stateCode": "GJ"
   },
   {
      "name": "Palitana",
      "countryCode": "IN",
      "stateCode": "GJ"
   },
   {
      "name": "Paliyad",
      "countryCode": "IN",
      "stateCode": "GJ"
   },
   {
      "name": "Paliyad (Bhavnagar)",
      "countryCode": "IN",
      "stateCode": "GJ"
   },
   {
      "name": "Palsana",
      "countryCode": "IN",
      "stateCode": "GJ"
   },
   {
      "name": "Panch Mahals",
      "countryCode": "IN",
      "stateCode": "GJ"
   },
   {
      "name": "Panchmahal district",
      "countryCode": "IN",
      "stateCode": "GJ"
   },
   {
      "name": "Pardi",
      "countryCode": "IN",
      "stateCode": "GJ"
   },
   {
      "name": "Parnera",
      "countryCode": "IN",
      "stateCode": "GJ"
   },
   {
      "name": "Patan",
      "countryCode": "IN",
      "stateCode": "GJ"
   },
   {
      "name": "Pavi Jetpur",
      "countryCode": "IN",
      "stateCode": "GJ"
   },
   {
      "name": "Petlad",
      "countryCode": "IN",
      "stateCode": "GJ"
   },
   {
      "name": "Pipavav",
      "countryCode": "IN",
      "stateCode": "GJ"
   },
   {
      "name": "Piplod",
      "countryCode": "IN",
      "stateCode": "GJ"
   },
   {
      "name": "Porbandar",
      "countryCode": "IN",
      "stateCode": "GJ"
   },
   {
      "name": "Prabhas Patan",
      "countryCode": "IN",
      "stateCode": "GJ"
   },
   {
      "name": "Prantij",
      "countryCode": "IN",
      "stateCode": "GJ"
   },
   {
      "name": "Radhanpur",
      "countryCode": "IN",
      "stateCode": "GJ"
   },
   {
      "name": "Rajkot",
      "countryCode": "IN",
      "stateCode": "GJ"
   },
   {
      "name": "Rajpipla",
      "countryCode": "IN",
      "stateCode": "GJ"
   },
   {
      "name": "Rajula",
      "countryCode": "IN",
      "stateCode": "GJ"
   },
   {
      "name": "Ranavav",
      "countryCode": "IN",
      "stateCode": "GJ"
   },
   {
      "name": "Ranpur",
      "countryCode": "IN",
      "stateCode": "GJ"
   },
   {
      "name": "Rapar",
      "countryCode": "IN",
      "stateCode": "GJ"
   },
   {
      "name": "Reha",
      "countryCode": "IN",
      "stateCode": "GJ"
   },
   {
      "name": "Roha",
      "countryCode": "IN",
      "stateCode": "GJ"
   },
   {
      "name": "Sabar Kantha",
      "countryCode": "IN",
      "stateCode": "GJ"
   },
   {
      "name": "Sachin",
      "countryCode": "IN",
      "stateCode": "GJ"
   },
   {
      "name": "Salaya",
      "countryCode": "IN",
      "stateCode": "GJ"
   },
   {
      "name": "Samakhiali",
      "countryCode": "IN",
      "stateCode": "GJ"
   },
   {
      "name": "Sanand",
      "countryCode": "IN",
      "stateCode": "GJ"
   },
   {
      "name": "Sankheda",
      "countryCode": "IN",
      "stateCode": "GJ"
   },
   {
      "name": "Sarbhon",
      "countryCode": "IN",
      "stateCode": "GJ"
   },
   {
      "name": "Sardoi",
      "countryCode": "IN",
      "stateCode": "GJ"
   },
   {
      "name": "Sarkhej",
      "countryCode": "IN",
      "stateCode": "GJ"
   },
   {
      "name": "Sathamba",
      "countryCode": "IN",
      "stateCode": "GJ"
   },
   {
      "name": "Savarkundla",
      "countryCode": "IN",
      "stateCode": "GJ"
   },
   {
      "name": "Savli",
      "countryCode": "IN",
      "stateCode": "GJ"
   },
   {
      "name": "Sayla",
      "countryCode": "IN",
      "stateCode": "GJ"
   },
   {
      "name": "Shahpur",
      "countryCode": "IN",
      "stateCode": "GJ"
   },
   {
      "name": "Shivrajpur",
      "countryCode": "IN",
      "stateCode": "GJ"
   },
   {
      "name": "Siddhpur",
      "countryCode": "IN",
      "stateCode": "GJ"
   },
   {
      "name": "Sihor",
      "countryCode": "IN",
      "stateCode": "GJ"
   },
   {
      "name": "Sikka",
      "countryCode": "IN",
      "stateCode": "GJ"
   },
   {
      "name": "Sinor",
      "countryCode": "IN",
      "stateCode": "GJ"
   },
   {
      "name": "Sojitra",
      "countryCode": "IN",
      "stateCode": "GJ"
   },
   {
      "name": "Songadh",
      "countryCode": "IN",
      "stateCode": "GJ"
   },
   {
      "name": "Supedi",
      "countryCode": "IN",
      "stateCode": "GJ"
   },
   {
      "name": "Surat",
      "countryCode": "IN",
      "stateCode": "GJ"
   },
   {
      "name": "Surendranagar",
      "countryCode": "IN",
      "stateCode": "GJ"
   },
   {
      "name": "Sutrapada",
      "countryCode": "IN",
      "stateCode": "GJ"
   },
   {
      "name": "Talaja",
      "countryCode": "IN",
      "stateCode": "GJ"
   },
   {
      "name": "Tankara",
      "countryCode": "IN",
      "stateCode": "GJ"
   },
   {
      "name": "Tapi",
      "countryCode": "IN",
      "stateCode": "GJ"
   },
   {
      "name": "Than",
      "countryCode": "IN",
      "stateCode": "GJ"
   },
   {
      "name": "Thangadh",
      "countryCode": "IN",
      "stateCode": "GJ"
   },
   {
      "name": "Tharad",
      "countryCode": "IN",
      "stateCode": "GJ"
   },
   {
      "name": "Thasra",
      "countryCode": "IN",
      "stateCode": "GJ"
   },
   {
      "name": "The Dangs",
      "countryCode": "IN",
      "stateCode": "GJ"
   },
   {
      "name": "Umarpada",
      "countryCode": "IN",
      "stateCode": "GJ"
   },
   {
      "name": "Umrala",
      "countryCode": "IN",
      "stateCode": "GJ"
   },
   {
      "name": "Umreth",
      "countryCode": "IN",
      "stateCode": "GJ"
   },
   {
      "name": "Un",
      "countryCode": "IN",
      "stateCode": "GJ"
   },
   {
      "name": "Una",
      "countryCode": "IN",
      "stateCode": "GJ"
   },
   {
      "name": "Unjha",
      "countryCode": "IN",
      "stateCode": "GJ"
   },
   {
      "name": "Upleta",
      "countryCode": "IN",
      "stateCode": "GJ"
   },
   {
      "name": "Utran",
      "countryCode": "IN",
      "stateCode": "GJ"
   },
   {
      "name": "Vadgam",
      "countryCode": "IN",
      "stateCode": "GJ"
   },
   {
      "name": "Vadnagar",
      "countryCode": "IN",
      "stateCode": "GJ"
   },
   {
      "name": "Vadodara",
      "countryCode": "IN",
      "stateCode": "GJ"
   },
   {
      "name": "Vaghodia",
      "countryCode": "IN",
      "stateCode": "GJ"
   },
   {
      "name": "Vaghodia INA",
      "countryCode": "IN",
      "stateCode": "GJ"
   },
   {
      "name": "Vallabh Vidyanagar",
      "countryCode": "IN",
      "stateCode": "GJ"
   },
   {
      "name": "Vallabhipur",
      "countryCode": "IN",
      "stateCode": "GJ"
   },
   {
      "name": "Valsad",
      "countryCode": "IN",
      "stateCode": "GJ"
   },
   {
      "name": "Vanala",
      "countryCode": "IN",
      "stateCode": "GJ"
   },
   {
      "name": "Vansda",
      "countryCode": "IN",
      "stateCode": "GJ"
   },
   {
      "name": "Vanthli",
      "countryCode": "IN",
      "stateCode": "GJ"
   },
   {
      "name": "Vapi",
      "countryCode": "IN",
      "stateCode": "GJ"
   },
   {
      "name": "Vartej",
      "countryCode": "IN",
      "stateCode": "GJ"
   },
   {
      "name": "Vasa",
      "countryCode": "IN",
      "stateCode": "GJ"
   },
   {
      "name": "Vasavad",
      "countryCode": "IN",
      "stateCode": "GJ"
   },
   {
      "name": "Vaso",
      "countryCode": "IN",
      "stateCode": "GJ"
   },
   {
      "name": "Vataman",
      "countryCode": "IN",
      "stateCode": "GJ"
   },
   {
      "name": "Vejalpur",
      "countryCode": "IN",
      "stateCode": "GJ"
   },
   {
      "name": "Veraval",
      "countryCode": "IN",
      "stateCode": "GJ"
   },
   {
      "name": "Vijapur",
      "countryCode": "IN",
      "stateCode": "GJ"
   },
   {
      "name": "Vinchhiya",
      "countryCode": "IN",
      "stateCode": "GJ"
   },
   {
      "name": "Vinchia",
      "countryCode": "IN",
      "stateCode": "GJ"
   },
   {
      "name": "Viramgam",
      "countryCode": "IN",
      "stateCode": "GJ"
   },
   {
      "name": "Virpur",
      "countryCode": "IN",
      "stateCode": "GJ"
   },
   {
      "name": "Visavadar",
      "countryCode": "IN",
      "stateCode": "GJ"
   },
   {
      "name": "Visnagar",
      "countryCode": "IN",
      "stateCode": "GJ"
   },
   {
      "name": "Vyara",
      "countryCode": "IN",
      "stateCode": "GJ"
   },
   {
      "name": "Wadhai",
      "countryCode": "IN",
      "stateCode": "GJ"
   },
   {
      "name": "Wadhwan",
      "countryCode": "IN",
      "stateCode": "GJ"
   },
   {
      "name": "Waghai",
      "countryCode": "IN",
      "stateCode": "GJ"
   },
   {
      "name": "Wankaner",
      "countryCode": "IN",
      "stateCode": "GJ"
   }
]