[
   {
      "name": "Abbadia San Salvatore",
      "countryCode": "IT",
      "stateCode": "52"
   },
   {
      "name": "Abetone",
      "countryCode": "IT",
      "stateCode": "52"
   },
   {
      "name": "Acquaviva",
      "countryCode": "IT",
      "stateCode": "52"
   },
   {
      "name": "Agliana",
      "countryCode": "IT",
      "stateCode": "52"
   },
   {
      "name": "Albiano Magra",
      "countryCode": "IT",
      "stateCode": "52"
   },
   {
      "name": "Albinia",
      "countryCode": "IT",
      "stateCode": "52"
   },
   {
      "name": "Altopascio",
      "countryCode": "IT",
      "stateCode": "52"
   },
   {
      "name": "Ambra",
      "countryCode": "IT",
      "stateCode": "52"
   },
   {
      "name": "Anchione",
      "countryCode": "IT",
      "stateCode": "52"
   },
   {
      "name": "Anghiari",
      "countryCode": "IT",
      "stateCode": "52"
   },
   {
      "name": "Antella",
      "countryCode": "IT",
      "stateCode": "52"
   },
   {
      "name": "Arbia",
      "countryCode": "IT",
      "stateCode": "52"
   },
   {
      "name": "Arcidosso",
      "countryCode": "IT",
      "stateCode": "52"
   },
   {
      "name": "Arezzo",
      "countryCode": "IT",
      "stateCode": "52"
   },
   {
      "name": "Asciano",
      "countryCode": "IT",
      "stateCode": "52"
   },
   {
      "name": "Aulla",
      "countryCode": "IT",
      "stateCode": "52"
   },
   {
      "name": "Avane",
      "countryCode": "IT",
      "stateCode": "52"
   },
   {
      "name": "Badia Tedalda",
      "countryCode": "IT",
      "stateCode": "52"
   },
   {
      "name": "Badia al Pino",
      "countryCode": "IT",
      "stateCode": "52"
   },
   {
      "name": "Bagni di Lucca",
      "countryCode": "IT",
      "stateCode": "52"
   },
   {
      "name": "Bagno Roselle",
      "countryCode": "IT",
      "stateCode": "52"
   },
   {
      "name": "Bagno a Ripoli",
      "countryCode": "IT",
      "stateCode": "52"
   },
   {
      "name": "Bagnone",
      "countryCode": "IT",
      "stateCode": "52"
   },
   {
      "name": "Barba",
      "countryCode": "IT",
      "stateCode": "52"
   },
   {
      "name": "Barbarasco",
      "countryCode": "IT",
      "stateCode": "52"
   },
   {
      "name": "Barberino Val d'Elsa",
      "countryCode": "IT",
      "stateCode": "52"
   },
   {
      "name": "Barberino di Mugello",
      "countryCode": "IT",
      "stateCode": "52"
   },
   {
      "name": "Barga",
      "countryCode": "IT",
      "stateCode": "52"
   },
   {
      "name": "Battifolle-Ruscello-Poggiola",
      "countryCode": "IT",
      "stateCode": "52"
   },
   {
      "name": "Bellavista",
      "countryCode": "IT",
      "stateCode": "52"
   },
   {
      "name": "Belverde",
      "countryCode": "IT",
      "stateCode": "52"
   },
   {
      "name": "Bettolle",
      "countryCode": "IT",
      "stateCode": "52"
   },
   {
      "name": "Bibbiena",
      "countryCode": "IT",
      "stateCode": "52"
   },
   {
      "name": "Bibbona",
      "countryCode": "IT",
      "stateCode": "52"
   },
   {
      "name": "Bientina",
      "countryCode": "IT",
      "stateCode": "52"
   },
   {
      "name": "Borghetto-Melara",
      "countryCode": "IT",
      "stateCode": "52"
   },
   {
      "name": "Borgo San Lorenzo",
      "countryCode": "IT",
      "stateCode": "52"
   },
   {
      "name": "Borgo a Buggiano",
      "countryCode": "IT",
      "stateCode": "52"
   },
   {
      "name": "Borgo a Mozzano",
      "countryCode": "IT",
      "stateCode": "52"
   },
   {
      "name": "Braccagni",
      "countryCode": "IT",
      "stateCode": "52"
   },
   {
      "name": "Bucine",
      "countryCode": "IT",
      "stateCode": "52"
   },
   {
      "name": "Buonconvento",
      "countryCode": "IT",
      "stateCode": "52"
   },
   {
      "name": "Buti",
      "countryCode": "IT",
      "stateCode": "52"
   },
   {
      "name": "Calci",
      "countryCode": "IT",
      "stateCode": "52"
   },
   {
      "name": "Calcinaia",
      "countryCode": "IT",
      "stateCode": "52"
   },
   {
      "name": "Caldine",
      "countryCode": "IT",
      "stateCode": "52"
   },
   {
      "name": "Calenzano",
      "countryCode": "IT",
      "stateCode": "52"
   },
   {
      "name": "Camaiore",
      "countryCode": "IT",
      "stateCode": "52"
   },
   {
      "name": "Campagnatico",
      "countryCode": "IT",
      "stateCode": "52"
   },
   {
      "name": "Campi Bisenzio",
      "countryCode": "IT",
      "stateCode": "52"
   },
   {
      "name": "Campiglia Marittima",
      "countryCode": "IT",
      "stateCode": "52"
   },
   {
      "name": "Campo",
      "countryCode": "IT",
      "stateCode": "52"
   },
   {
      "name": "Campo Tizzoro",
      "countryCode": "IT",
      "stateCode": "52"
   },
   {
      "name": "Campo nell'Elba",
      "countryCode": "IT",
      "stateCode": "52"
   },
   {
      "name": "Camporgiano",
      "countryCode": "IT",
      "stateCode": "52"
   },
   {
      "name": "Camucia-Monsigliolo",
      "countryCode": "IT",
      "stateCode": "52"
   },
   {
      "name": "Cantagallo",
      "countryCode": "IT",
      "stateCode": "52"
   },
   {
      "name": "Cantagrillo-Casalguidi",
      "countryCode": "IT",
      "stateCode": "52"
   },
   {
      "name": "Capalbio",
      "countryCode": "IT",
      "stateCode": "52"
   },
   {
      "name": "Capanne-Prato-Cinquale",
      "countryCode": "IT",
      "stateCode": "52"
   },
   {
      "name": "Capannoli",
      "countryCode": "IT",
      "stateCode": "52"
   },
   {
      "name": "Capannori",
      "countryCode": "IT",
      "stateCode": "52"
   },
   {
      "name": "Capoliveri",
      "countryCode": "IT",
      "stateCode": "52"
   },
   {
      "name": "Capolona",
      "countryCode": "IT",
      "stateCode": "52"
   },
   {
      "name": "Capraia Isola",
      "countryCode": "IT",
      "stateCode": "52"
   },
   {
      "name": "Capraia e Limite",
      "countryCode": "IT",
      "stateCode": "52"
   },
   {
      "name": "Caprese Michelangelo",
      "countryCode": "IT",
      "stateCode": "52"
   },
   {
      "name": "Careggine",
      "countryCode": "IT",
      "stateCode": "52"
   },
   {
      "name": "Carmignano",
      "countryCode": "IT",
      "stateCode": "52"
   },
   {
      "name": "Carraia",
      "countryCode": "IT",
      "stateCode": "52"
   },
   {
      "name": "Carrara",
      "countryCode": "IT",
      "stateCode": "52"
   },
   {
      "name": "Casale Marittimo",
      "countryCode": "IT",
      "stateCode": "52"
   },
   {
      "name": "Casciana Terme",
      "countryCode": "IT",
      "stateCode": "52"
   },
   {
      "name": "Cascina",
      "countryCode": "IT",
      "stateCode": "52"
   },
   {
      "name": "Cascine-La Croce",
      "countryCode": "IT",
      "stateCode": "52"
   },
   {
      "name": "Casola in Lunigiana",
      "countryCode": "IT",
      "stateCode": "52"
   },
   {
      "name": "Casole d'Elsa",
      "countryCode": "IT",
      "stateCode": "52"
   },
   {
      "name": "Castagneto Carducci",
      "countryCode": "IT",
      "stateCode": "52"
   },
   {
      "name": "Castel San Niccolò",
      "countryCode": "IT",
      "stateCode": "52"
   },
   {
      "name": "Castel del Piano",
      "countryCode": "IT",
      "stateCode": "52"
   },
   {
      "name": "Castelfiorentino",
      "countryCode": "IT",
      "stateCode": "52"
   },
   {
      "name": "Castelfranco di Sopra",
      "countryCode": "IT",
      "stateCode": "52"
   },
   {
      "name": "Castelfranco di Sotto",
      "countryCode": "IT",
      "stateCode": "52"
   },
   {
      "name": "Castell'Azzara",
      "countryCode": "IT",
      "stateCode": "52"
   },
   {
      "name": "Castellina Marittima",
      "countryCode": "IT",
      "stateCode": "52"
   },
   {
      "name": "Castellina Scalo",
      "countryCode": "IT",
      "stateCode": "52"
   },
   {
      "name": "Castellina in Chianti",
      "countryCode": "IT",
      "stateCode": "52"
   },
   {
      "name": "Castelnuovo Berardenga",
      "countryCode": "IT",
      "stateCode": "52"
   },
   {
      "name": "Castelnuovo dei Sabbioni",
      "countryCode": "IT",
      "stateCode": "52"
   },
   {
      "name": "Castelnuovo di Garfagnana",
      "countryCode": "IT",
      "stateCode": "52"
   },
   {
      "name": "Castelnuovo di Val di Cecina",
      "countryCode": "IT",
      "stateCode": "52"
   },
   {
      "name": "Castiglion Fibocchi",
      "countryCode": "IT",
      "stateCode": "52"
   },
   {
      "name": "Castiglion Fiorentino",
      "countryCode": "IT",
      "stateCode": "52"
   },
   {
      "name": "Castiglione d'Orcia",
      "countryCode": "IT",
      "stateCode": "52"
   },
   {
      "name": "Castiglione della Pescaia",
      "countryCode": "IT",
      "stateCode": "52"
   },
   {
      "name": "Castiglione di Garfagnana",
      "countryCode": "IT",
      "stateCode": "52"
   },
   {
      "name": "Catena",
      "countryCode": "IT",
      "stateCode": "52"
   },
   {
      "name": "Cavallina",
      "countryCode": "IT",
      "stateCode": "52"
   },
   {
      "name": "Cavriglia-Monastero",
      "countryCode": "IT",
      "stateCode": "52"
   },
   {
      "name": "Cecina",
      "countryCode": "IT",
      "stateCode": "52"
   },
   {
      "name": "Cenaia",
      "countryCode": "IT",
      "stateCode": "52"
   },
   {
      "name": "Cerbaia",
      "countryCode": "IT",
      "stateCode": "52"
   },
   {
      "name": "Cerreto Guidi",
      "countryCode": "IT",
      "stateCode": "52"
   },
   {
      "name": "Certaldo",
      "countryCode": "IT",
      "stateCode": "52"
   },
   {
      "name": "Cesa",
      "countryCode": "IT",
      "stateCode": "52"
   },
   {
      "name": "Cetona",
      "countryCode": "IT",
      "stateCode": "52"
   },
   {
      "name": "Chianciano Terme",
      "countryCode": "IT",
      "stateCode": "52"
   },
   {
      "name": "Chianni",
      "countryCode": "IT",
      "stateCode": "52"
   },
   {
      "name": "Chiassa-Tregozzano",
      "countryCode": "IT",
      "stateCode": "52"
   },
   {
      "name": "Chiesina Uzzanese",
      "countryCode": "IT",
      "stateCode": "52"
   },
   {
      "name": "Chiesino-Collodi",
      "countryCode": "IT",
      "stateCode": "52"
   },
   {
      "name": "Chitignano",
      "countryCode": "IT",
      "stateCode": "52"
   },
   {
      "name": "Chiusdino",
      "countryCode": "IT",
      "stateCode": "52"
   },
   {
      "name": "Chiusi",
      "countryCode": "IT",
      "stateCode": "52"
   },
   {
      "name": "Chiusi Scalo",
      "countryCode": "IT",
      "stateCode": "52"
   },
   {
      "name": "Chiusi della Verna",
      "countryCode": "IT",
      "stateCode": "52"
   },
   {
      "name": "Cinigiano",
      "countryCode": "IT",
      "stateCode": "52"
   },
   {
      "name": "Cintolese",
      "countryCode": "IT",
      "stateCode": "52"
   },
   {
      "name": "Civitella Marittima",
      "countryCode": "IT",
      "stateCode": "52"
   },
   {
      "name": "Civitella in Val di Chiana",
      "countryCode": "IT",
      "stateCode": "52"
   },
   {
      "name": "Colle di Val d'Elsa",
      "countryCode": "IT",
      "stateCode": "52"
   },
   {
      "name": "Collesalvetti",
      "countryCode": "IT",
      "stateCode": "52"
   },
   {
      "name": "Comano",
      "countryCode": "IT",
      "stateCode": "52"
   },
   {
      "name": "Comeana",
      "countryCode": "IT",
      "stateCode": "52"
   },
   {
      "name": "Compiobbi",
      "countryCode": "IT",
      "stateCode": "52"
   },
   {
      "name": "Coreglia Antelminelli",
      "countryCode": "IT",
      "stateCode": "52"
   },
   {
      "name": "Corsanico-Bargecchia",
      "countryCode": "IT",
      "stateCode": "52"
   },
   {
      "name": "Cortona",
      "countryCode": "IT",
      "stateCode": "52"
   },
   {
      "name": "Crespina",
      "countryCode": "IT",
      "stateCode": "52"
   },
   {
      "name": "Cutigliano",
      "countryCode": "IT",
      "stateCode": "52"
   },
   {
      "name": "Dicomano",
      "countryCode": "IT",
      "stateCode": "52"
   },
   {
      "name": "Donoratico",
      "countryCode": "IT",
      "stateCode": "52"
   },
   {
      "name": "Empoli",
      "countryCode": "IT",
      "stateCode": "52"
   },
   {
      "name": "Fabbriche di Vallico",
      "countryCode": "IT",
      "stateCode": "52"
   },
   {
      "name": "Faella",
      "countryCode": "IT",
      "stateCode": "52"
   },
   {
      "name": "Fauglia",
      "countryCode": "IT",
      "stateCode": "52"
   },
   {
      "name": "Fiesole",
      "countryCode": "IT",
      "stateCode": "52"
   },
   {
      "name": "Figline Valdarno",
      "countryCode": "IT",
      "stateCode": "52"
   },
   {
      "name": "Filattiera",
      "countryCode": "IT",
      "stateCode": "52"
   },
   {
      "name": "Filettole",
      "countryCode": "IT",
      "stateCode": "52"
   },
   {
      "name": "Firenzuola",
      "countryCode": "IT",
      "stateCode": "52"
   },
   {
      "name": "Fivizzano",
      "countryCode": "IT",
      "stateCode": "52"
   },
   {
      "name": "Florence",
      "countryCode": "IT",
      "stateCode": "52"
   },
   {
      "name": "Foiano della Chiana",
      "countryCode": "IT",
      "stateCode": "52"
   },
   {
      "name": "Follonica",
      "countryCode": "IT",
      "stateCode": "52"
   },
   {
      "name": "Fontana delle Monache",
      "countryCode": "IT",
      "stateCode": "52"
   },
   {
      "name": "Fonteblanda",
      "countryCode": "IT",
      "stateCode": "52"
   },
   {
      "name": "Forcoli",
      "countryCode": "IT",
      "stateCode": "52"
   },
   {
      "name": "Fornacelle",
      "countryCode": "IT",
      "stateCode": "52"
   },
   {
      "name": "Fornacette",
      "countryCode": "IT",
      "stateCode": "52"
   },
   {
      "name": "Fornaci di Barga",
      "countryCode": "IT",
      "stateCode": "52"
   },
   {
      "name": "Forte dei Marmi",
      "countryCode": "IT",
      "stateCode": "52"
   },
   {
      "name": "Fosciandora",
      "countryCode": "IT",
      "stateCode": "52"
   },
   {
      "name": "Fosdinovo",
      "countryCode": "IT",
      "stateCode": "52"
   },
   {
      "name": "Fucecchio",
      "countryCode": "IT",
      "stateCode": "52"
   },
   {
      "name": "Gabella",
      "countryCode": "IT",
      "stateCode": "52"
   },
   {
      "name": "Gaiole in Chianti",
      "countryCode": "IT",
      "stateCode": "52"
   },
   {
      "name": "Galliano",
      "countryCode": "IT",
      "stateCode": "52"
   },
   {
      "name": "Gallicano",
      "countryCode": "IT",
      "stateCode": "52"
   },
   {
      "name": "Gambassi Terme",
      "countryCode": "IT",
      "stateCode": "52"
   },
   {
      "name": "Gavorrano",
      "countryCode": "IT",
      "stateCode": "52"
   },
   {
      "name": "Gello",
      "countryCode": "IT",
      "stateCode": "52"
   },
   {
      "name": "Giglio Castello",
      "countryCode": "IT",
      "stateCode": "52"
   },
   {
      "name": "Ginestra Fiorentina",
      "countryCode": "IT",
      "stateCode": "52"
   },
   {
      "name": "Giovi-Ponte alla Chiassa",
      "countryCode": "IT",
      "stateCode": "52"
   },
   {
      "name": "Giuncugnano",
      "countryCode": "IT",
      "stateCode": "52"
   },
   {
      "name": "Grassina Ponte a Ema",
      "countryCode": "IT",
      "stateCode": "52"
   },
   {
      "name": "Greve in Chianti",
      "countryCode": "IT",
      "stateCode": "52"
   },
   {
      "name": "Grosseto",
      "countryCode": "IT",
      "stateCode": "52"
   },
   {
      "name": "Guardistallo",
      "countryCode": "IT",
      "stateCode": "52"
   },
   {
      "name": "Guasticce",
      "countryCode": "IT",
      "stateCode": "52"
   },
   {
      "name": "Guazzino",
      "countryCode": "IT",
      "stateCode": "52"
   },
   {
      "name": "Il Romito",
      "countryCode": "IT",
      "stateCode": "52"
   },
   {
      "name": "Impruneta",
      "countryCode": "IT",
      "stateCode": "52"
   },
   {
      "name": "Incisa in Val d'Arno",
      "countryCode": "IT",
      "stateCode": "52"
   },
   {
      "name": "Isola D'Arbia",
      "countryCode": "IT",
      "stateCode": "52"
   },
   {
      "name": "Isola del Giglio",
      "countryCode": "IT",
      "stateCode": "52"
   },
   {
      "name": "Istia D'Ombrone-Le Stiacciole",
      "countryCode": "IT",
      "stateCode": "52"
   },
   {
      "name": "La California",
      "countryCode": "IT",
      "stateCode": "52"
   },
   {
      "name": "La Pieve-Molino",
      "countryCode": "IT",
      "stateCode": "52"
   },
   {
      "name": "La Rotta",
      "countryCode": "IT",
      "stateCode": "52"
   },
   {
      "name": "Lajatico",
      "countryCode": "IT",
      "stateCode": "52"
   },
   {
      "name": "Lamporecchio",
      "countryCode": "IT",
      "stateCode": "52"
   },
   {
      "name": "Larciano",
      "countryCode": "IT",
      "stateCode": "52"
   },
   {
      "name": "Lari",
      "countryCode": "IT",
      "stateCode": "52"
   },
   {
      "name": "Lastra a Signa",
      "countryCode": "IT",
      "stateCode": "52"
   },
   {
      "name": "Laterina",
      "countryCode": "IT",
      "stateCode": "52"
   },
   {
      "name": "Lazzeretto",
      "countryCode": "IT",
      "stateCode": "52"
   },
   {
      "name": "Le Casine-Perignano-Spinelli",
      "countryCode": "IT",
      "stateCode": "52"
   },
   {
      "name": "Licciana Nardi",
      "countryCode": "IT",
      "stateCode": "52"
   },
   {
      "name": "Limite",
      "countryCode": "IT",
      "stateCode": "52"
   },
   {
      "name": "Livorno",
      "countryCode": "IT",
      "stateCode": "52"
   },
   {
      "name": "Londa",
      "countryCode": "IT",
      "stateCode": "52"
   },
   {
      "name": "Lorenzana",
      "countryCode": "IT",
      "stateCode": "52"
   },
   {
      "name": "Loro Ciuffenna",
      "countryCode": "IT",
      "stateCode": "52"
   },
   {
      "name": "Lucca",
      "countryCode": "IT",
      "stateCode": "52"
   },
   {
      "name": "Lucignano",
      "countryCode": "IT",
      "stateCode": "52"
   },
   {
      "name": "Luco Mugello",
      "countryCode": "IT",
      "stateCode": "52"
   },
   {
      "name": "Madonna dell'Acqua",
      "countryCode": "IT",
      "stateCode": "52"
   },
   {
      "name": "Magliano in Toscana",
      "countryCode": "IT",
      "stateCode": "52"
   },
   {
      "name": "Malmantile",
      "countryCode": "IT",
      "stateCode": "52"
   },
   {
      "name": "Manciano",
      "countryCode": "IT",
      "stateCode": "52"
   },
   {
      "name": "Mantignano-Ugnano",
      "countryCode": "IT",
      "stateCode": "52"
   },
   {
      "name": "Marciana",
      "countryCode": "IT",
      "stateCode": "52"
   },
   {
      "name": "Marciana Marina",
      "countryCode": "IT",
      "stateCode": "52"
   },
   {
      "name": "Marciano",
      "countryCode": "IT",
      "stateCode": "52"
   },
   {
      "name": "Marciano della Chiana",
      "countryCode": "IT",
      "stateCode": "52"
   },
   {
      "name": "Marcignana",
      "countryCode": "IT",
      "stateCode": "52"
   },
   {
      "name": "Margine Coperta-Traversagna",
      "countryCode": "IT",
      "stateCode": "52"
   },
   {
      "name": "Marina di Campo",
      "countryCode": "IT",
      "stateCode": "52"
   },
   {
      "name": "Marina di Carrara",
      "countryCode": "IT",
      "stateCode": "52"
   },
   {
      "name": "Marina di Grosseto",
      "countryCode": "IT",
      "stateCode": "52"
   },
   {
      "name": "Marina di Massa",
      "countryCode": "IT",
      "stateCode": "52"
   },
   {
      "name": "Marina di Pisa",
      "countryCode": "IT",
      "stateCode": "52"
   },
   {
      "name": "Marina di Pisa-Tirrenia-Calambrone",
      "countryCode": "IT",
      "stateCode": "52"
   },
   {
      "name": "Marliana",
      "countryCode": "IT",
      "stateCode": "52"
   },
   {
      "name": "Marradi",
      "countryCode": "IT",
      "stateCode": "52"
   },
   {
      "name": "Marti",
      "countryCode": "IT",
      "stateCode": "52"
   },
   {
      "name": "Massa",
      "countryCode": "IT",
      "stateCode": "52"
   },
   {
      "name": "Massa Marittima",
      "countryCode": "IT",
      "stateCode": "52"
   },
   {
      "name": "Massarosa",
      "countryCode": "IT",
      "stateCode": "52"
   },
   {
      "name": "Mercatale",
      "countryCode": "IT",
      "stateCode": "52"
   },
   {
      "name": "Mercatale-San Quirico",
      "countryCode": "IT",
      "stateCode": "52"
   },
   {
      "name": "Metato",
      "countryCode": "IT",
      "stateCode": "52"
   },
   {
      "name": "Migliarino",
      "countryCode": "IT",
      "stateCode": "52"
   },
   {
      "name": "Minucciano",
      "countryCode": "IT",
      "stateCode": "52"
   },
   {
      "name": "Molazzana",
      "countryCode": "IT",
      "stateCode": "52"
   },
   {
      "name": "Molino del Piano",
      "countryCode": "IT",
      "stateCode": "52"
   },
   {
      "name": "Monsummano Terme",
      "countryCode": "IT",
      "stateCode": "52"
   },
   {
      "name": "Montaione",
      "countryCode": "IT",
      "stateCode": "52"
   },
   {
      "name": "Montalcino",
      "countryCode": "IT",
      "stateCode": "52"
   },
   {
      "name": "Montale",
      "countryCode": "IT",
      "stateCode": "52"
   },
   {
      "name": "Montalto",
      "countryCode": "IT",
      "stateCode": "52"
   },
   {
      "name": "Monte Argentario",
      "countryCode": "IT",
      "stateCode": "52"
   },
   {
      "name": "Monte San Savino",
      "countryCode": "IT",
      "stateCode": "52"
   },
   {
      "name": "Montebonello",
      "countryCode": "IT",
      "stateCode": "52"
   },
   {
      "name": "Montecalvoli",
      "countryCode": "IT",
      "stateCode": "52"
   },
   {
      "name": "Montecarlo",
      "countryCode": "IT",
      "stateCode": "52"
   },
   {
      "name": "Montecatini Val di Cecina",
      "countryCode": "IT",
      "stateCode": "52"
   },
   {
      "name": "Montecatini-Terme",
      "countryCode": "IT",
      "stateCode": "52"
   },
   {
      "name": "Montelupo Fiorentino",
      "countryCode": "IT",
      "stateCode": "52"
   },
   {
      "name": "Montemignaio",
      "countryCode": "IT",
      "stateCode": "52"
   },
   {
      "name": "Montemurlo",
      "countryCode": "IT",
      "stateCode": "52"
   },
   {
      "name": "Montepulciano",
      "countryCode": "IT",
      "stateCode": "52"
   },
   {
      "name": "Montepulciano Stazione",
      "countryCode": "IT",
      "stateCode": "52"
   },
   {
      "name": "Monterchi",
      "countryCode": "IT",
      "stateCode": "52"
   },
   {
      "name": "Monteriggioni",
      "countryCode": "IT",
      "stateCode": "52"
   },
   {
      "name": "Monteroni d'Arbia",
      "countryCode": "IT",
      "stateCode": "52"
   },
   {
      "name": "Monterotondo Marittimo",
      "countryCode": "IT",
      "stateCode": "52"
   },
   {
      "name": "Montescudaio",
      "countryCode": "IT",
      "stateCode": "52"
   },
   {
      "name": "Montespertoli",
      "countryCode": "IT",
      "stateCode": "52"
   },
   {
      "name": "Montevarchi",
      "countryCode": "IT",
      "stateCode": "52"
   },
   {
      "name": "Monteverdi Marittimo",
      "countryCode": "IT",
      "stateCode": "52"
   },
   {
      "name": "Monti",
      "countryCode": "IT",
      "stateCode": "52"
   },
   {
      "name": "Monticiano",
      "countryCode": "IT",
      "stateCode": "52"
   },
   {
      "name": "Montieri",
      "countryCode": "IT",
      "stateCode": "52"
   },
   {
      "name": "Montignoso",
      "countryCode": "IT",
      "stateCode": "52"
   },
   {
      "name": "Montopoli",
      "countryCode": "IT",
      "stateCode": "52"
   },
   {
      "name": "Mulazzo",
      "countryCode": "IT",
      "stateCode": "52"
   },
   {
      "name": "Murlo",
      "countryCode": "IT",
      "stateCode": "52"
   },
   {
      "name": "Orbetello",
      "countryCode": "IT",
      "stateCode": "52"
   },
   {
      "name": "Orbetello Scalo",
      "countryCode": "IT",
      "stateCode": "52"
   },
   {
      "name": "Orciano Pisano",
      "countryCode": "IT",
      "stateCode": "52"
   },
   {
      "name": "Orentano",
      "countryCode": "IT",
      "stateCode": "52"
   },
   {
      "name": "Ortignano Raggiolo",
      "countryCode": "IT",
      "stateCode": "52"
   },
   {
      "name": "Orzignano",
      "countryCode": "IT",
      "stateCode": "52"
   },
   {
      "name": "Palaia",
      "countryCode": "IT",
      "stateCode": "52"
   },
   {
      "name": "Palazzuolo sul Senio",
      "countryCode": "IT",
      "stateCode": "52"
   },
   {
      "name": "Pallerone",
      "countryCode": "IT",
      "stateCode": "52"
   },
   {
      "name": "Panzano in Chianti",
      "countryCode": "IT",
      "stateCode": "52"
   },
   {
      "name": "Patigno",
      "countryCode": "IT",
      "stateCode": "52"
   },
   {
      "name": "Peccioli",
      "countryCode": "IT",
      "stateCode": "52"
   },
   {
      "name": "Pelago",
      "countryCode": "IT",
      "stateCode": "52"
   },
   {
      "name": "Pergine Valdarno",
      "countryCode": "IT",
      "stateCode": "52"
   },
   {
      "name": "Pescaglia",
      "countryCode": "IT",
      "stateCode": "52"
   },
   {
      "name": "Pescia",
      "countryCode": "IT",
      "stateCode": "52"
   },
   {
      "name": "Pian di Mugnone",
      "countryCode": "IT",
      "stateCode": "52"
   },
   {
      "name": "Pian di Scò",
      "countryCode": "IT",
      "stateCode": "52"
   },
   {
      "name": "Piancastagnaio",
      "countryCode": "IT",
      "stateCode": "52"
   },
   {
      "name": "Piano di Conca",
      "countryCode": "IT",
      "stateCode": "52"
   },
   {
      "name": "Piano di Coreglia-Ghivizzano",
      "countryCode": "IT",
      "stateCode": "52"
   },
   {
      "name": "Piano di Mommio",
      "countryCode": "IT",
      "stateCode": "52"
   },
   {
      "name": "Piazza al Serchio-San Michele",
      "countryCode": "IT",
      "stateCode": "52"
   },
   {
      "name": "Pienza",
      "countryCode": "IT",
      "stateCode": "52"
   },
   {
      "name": "Pietrasanta",
      "countryCode": "IT",
      "stateCode": "52"
   },
   {
      "name": "Pieve Fosciana",
      "countryCode": "IT",
      "stateCode": "52"
   },
   {
      "name": "Pieve Santo Stefano",
      "countryCode": "IT",
      "stateCode": "52"
   },
   {
      "name": "Pieve a Nievole",
      "countryCode": "IT",
      "stateCode": "52"
   },
   {
      "name": "Pieve al Toppo",
      "countryCode": "IT",
      "stateCode": "52"
   },
   {
      "name": "Piombino",
      "countryCode": "IT",
      "stateCode": "52"
   },
   {
      "name": "Pisa",
      "countryCode": "IT",
      "stateCode": "52"
   },
   {
      "name": "Pistoia",
      "countryCode": "IT",
      "stateCode": "52"
   },
   {
      "name": "Piteglio",
      "countryCode": "IT",
      "stateCode": "52"
   },
   {
      "name": "Pitigliano",
      "countryCode": "IT",
      "stateCode": "52"
   },
   {
      "name": "Podenzana",
      "countryCode": "IT",
      "stateCode": "52"
   },
   {
      "name": "Poggetto",
      "countryCode": "IT",
      "stateCode": "52"
   },
   {
      "name": "Poggibonsi",
      "countryCode": "IT",
      "stateCode": "52"
   },
   {
      "name": "Poggio A Caiano",
      "countryCode": "IT",
      "stateCode": "52"
   },
   {
      "name": "Pomarance",
      "countryCode": "IT",
      "stateCode": "52"
   },
   {
      "name": "Ponsacco",
      "countryCode": "IT",
      "stateCode": "52"
   },
   {
      "name": "Pontasserchio",
      "countryCode": "IT",
      "stateCode": "52"
   },
   {
      "name": "Pontassieve",
      "countryCode": "IT",
      "stateCode": "52"
   },
   {
      "name": "Ponte A Elsa",
      "countryCode": "IT",
      "stateCode": "52"
   },
   {
      "name": "Ponte A Tressa",
      "countryCode": "IT",
      "stateCode": "52"
   },
   {
      "name": "Ponte Buggianese",
      "countryCode": "IT",
      "stateCode": "52"
   },
   {
      "name": "Ponte a Poppi",
      "countryCode": "IT",
      "stateCode": "52"
   },
   {
      "name": "Pontedera",
      "countryCode": "IT",
      "stateCode": "52"
   },
   {
      "name": "Pontestazzemese",
      "countryCode": "IT",
      "stateCode": "52"
   },
   {
      "name": "Ponticino",
      "countryCode": "IT",
      "stateCode": "52"
   },
   {
      "name": "Pontremoli",
      "countryCode": "IT",
      "stateCode": "52"
   },
   {
      "name": "Poppi",
      "countryCode": "IT",
      "stateCode": "52"
   },
   {
      "name": "Porcari",
      "countryCode": "IT",
      "stateCode": "52"
   },
   {
      "name": "Porto Azzurro",
      "countryCode": "IT",
      "stateCode": "52"
   },
   {
      "name": "Porto Ercole",
      "countryCode": "IT",
      "stateCode": "52"
   },
   {
      "name": "Porto Santo Stefano",
      "countryCode": "IT",
      "stateCode": "52"
   },
   {
      "name": "Portoferraio",
      "countryCode": "IT",
      "stateCode": "52"
   },
   {
      "name": "Pozzale-Case Nuove",
      "countryCode": "IT",
      "stateCode": "52"
   },
   {
      "name": "Pratantico-Indicatore",
      "countryCode": "IT",
      "stateCode": "52"
   },
   {
      "name": "Prato",
      "countryCode": "IT",
      "stateCode": "52"
   },
   {
      "name": "Pratovecchio",
      "countryCode": "IT",
      "stateCode": "52"
   },
   {
      "name": "Province of Arezzo",
      "countryCode": "IT",
      "stateCode": "52"
   },
   {
      "name": "Province of Florence",
      "countryCode": "IT",
      "stateCode": "52"
   },
   {
      "name": "Province of Pisa",
      "countryCode": "IT",
      "stateCode": "52"
   },
   {
      "name": "Provincia di Grosseto",
      "countryCode": "IT",
      "stateCode": "52"
   },
   {
      "name": "Provincia di Livorno",
      "countryCode": "IT",
      "stateCode": "52"
   },
   {
      "name": "Provincia di Lucca",
      "countryCode": "IT",
      "stateCode": "52"
   },
   {
      "name": "Provincia di Massa-Carrara",
      "countryCode": "IT",
      "stateCode": "52"
   },
   {
      "name": "Provincia di Pistoia",
      "countryCode": "IT",
      "stateCode": "52"
   },
   {
      "name": "Provincia di Prato",
      "countryCode": "IT",
      "stateCode": "52"
   },
   {
      "name": "Provincia di Siena",
      "countryCode": "IT",
      "stateCode": "52"
   },
   {
      "name": "Quarata",
      "countryCode": "IT",
      "stateCode": "52"
   },
   {
      "name": "Quarrata",
      "countryCode": "IT",
      "stateCode": "52"
   },
   {
      "name": "Quattro Strade",
      "countryCode": "IT",
      "stateCode": "52"
   },
   {
      "name": "Quercianella",
      "countryCode": "IT",
      "stateCode": "52"
   },
   {
      "name": "Radda in Chianti",
      "countryCode": "IT",
      "stateCode": "52"
   },
   {
      "name": "Radicofani",
      "countryCode": "IT",
      "stateCode": "52"
   },
   {
      "name": "Radicondoli",
      "countryCode": "IT",
      "stateCode": "52"
   },
   {
      "name": "Rapolano Terme",
      "countryCode": "IT",
      "stateCode": "52"
   },
   {
      "name": "Rassina",
      "countryCode": "IT",
      "stateCode": "52"
   },
   {
      "name": "Reggello",
      "countryCode": "IT",
      "stateCode": "52"
   },
   {
      "name": "Ribolla",
      "countryCode": "IT",
      "stateCode": "52"
   },
   {
      "name": "Rignano sull'Arno",
      "countryCode": "IT",
      "stateCode": "52"
   },
   {
      "name": "Rio Marina",
      "countryCode": "IT",
      "stateCode": "52"
   },
   {
      "name": "Rio nell'Elba",
      "countryCode": "IT",
      "stateCode": "52"
   },
   {
      "name": "Ripa-Pozzi-Querceta-Ponterosso",
      "countryCode": "IT",
      "stateCode": "52"
   },
   {
      "name": "Riparbella",
      "countryCode": "IT",
      "stateCode": "52"
   },
   {
      "name": "Roccalbegna",
      "countryCode": "IT",
      "stateCode": "52"
   },
   {
      "name": "Roccastrada",
      "countryCode": "IT",
      "stateCode": "52"
   },
   {
      "name": "Ronta",
      "countryCode": "IT",
      "stateCode": "52"
   },
   {
      "name": "Rosia",
      "countryCode": "IT",
      "stateCode": "52"
   },
   {
      "name": "Rosignano Marittimo",
      "countryCode": "IT",
      "stateCode": "52"
   },
   {
      "name": "Rosignano Solvay-Castiglioncello",
      "countryCode": "IT",
      "stateCode": "52"
   },
   {
      "name": "Rufina",
      "countryCode": "IT",
      "stateCode": "52"
   },
   {
      "name": "S.P. in Palazzi",
      "countryCode": "IT",
      "stateCode": "52"
   },
   {
      "name": "Saline",
      "countryCode": "IT",
      "stateCode": "52"
   },
   {
      "name": "Sambuca",
      "countryCode": "IT",
      "stateCode": "52"
   },
   {
      "name": "Sambuca Pistoiese",
      "countryCode": "IT",
      "stateCode": "52"
   },
   {
      "name": "San Casciano dei Bagni",
      "countryCode": "IT",
      "stateCode": "52"
   },
   {
      "name": "San Casciano in Val di Pesa",
      "countryCode": "IT",
      "stateCode": "52"
   },
   {
      "name": "San Cipriano-S.Barbara-Centinale",
      "countryCode": "IT",
      "stateCode": "52"
   },
   {
      "name": "San Donato",
      "countryCode": "IT",
      "stateCode": "52"
   },
   {
      "name": "San Donnino",
      "countryCode": "IT",
      "stateCode": "52"
   },
   {
      "name": "San Francesco",
      "countryCode": "IT",
      "stateCode": "52"
   },
   {
      "name": "San Gimignano",
      "countryCode": "IT",
      "stateCode": "52"
   },
   {
      "name": "San Giovanni Valdarno",
      "countryCode": "IT",
      "stateCode": "52"
   },
   {
      "name": "San Giovanni d'Asso",
      "countryCode": "IT",
      "stateCode": "52"
   },
   {
      "name": "San Giuliano Terme",
      "countryCode": "IT",
      "stateCode": "52"
   },
   {
      "name": "San Giustino Valdarno",
      "countryCode": "IT",
      "stateCode": "52"
   },
   {
      "name": "San Godenzo",
      "countryCode": "IT",
      "stateCode": "52"
   },
   {
      "name": "San Jacopo al Girone",
      "countryCode": "IT",
      "stateCode": "52"
   },
   {
      "name": "San Marcello Pistoiese",
      "countryCode": "IT",
      "stateCode": "52"
   },
   {
      "name": "San Martino in Freddana-Monsagrati",
      "countryCode": "IT",
      "stateCode": "52"
   },
   {
      "name": "San Mauro",
      "countryCode": "IT",
      "stateCode": "52"
   },
   {
      "name": "San Miniato",
      "countryCode": "IT",
      "stateCode": "52"
   },
   {
      "name": "San Miniato Basso",
      "countryCode": "IT",
      "stateCode": "52"
   },
   {
      "name": "San Pierino",
      "countryCode": "IT",
      "stateCode": "52"
   },
   {
      "name": "San Piero a Sieve",
      "countryCode": "IT",
      "stateCode": "52"
   },
   {
      "name": "San Pietro Belvedere",
      "countryCode": "IT",
      "stateCode": "52"
   },
   {
      "name": "San Quirico d'Orcia",
      "countryCode": "IT",
      "stateCode": "52"
   },
   {
      "name": "San Rocco",
      "countryCode": "IT",
      "stateCode": "52"
   },
   {
      "name": "San Romano",
      "countryCode": "IT",
      "stateCode": "52"
   },
   {
      "name": "San Romano in Garfagnana",
      "countryCode": "IT",
      "stateCode": "52"
   },
   {
      "name": "San Vincenzo",
      "countryCode": "IT",
      "stateCode": "52"
   },
   {
      "name": "San Vito-Cerreto",
      "countryCode": "IT",
      "stateCode": "52"
   },
   {
      "name": "Sansepolcro",
      "countryCode": "IT",
      "stateCode": "52"
   },
   {
      "name": "Sant'Albino",
      "countryCode": "IT",
      "stateCode": "52"
   },
   {
      "name": "Santa Croce sull'Arno",
      "countryCode": "IT",
      "stateCode": "52"
   },
   {
      "name": "Santa Fiora",
      "countryCode": "IT",
      "stateCode": "52"
   },
   {
      "name": "Santa Luce",
      "countryCode": "IT",
      "stateCode": "52"
   },
   {
      "name": "Santa Lucia",
      "countryCode": "IT",
      "stateCode": "52"
   },
   {
      "name": "Santa Maria a Monte",
      "countryCode": "IT",
      "stateCode": "52"
   },
   {
      "name": "Sarteano",
      "countryCode": "IT",
      "stateCode": "52"
   },
   {
      "name": "Sassetta",
      "countryCode": "IT",
      "stateCode": "52"
   },
   {
      "name": "Scandicci",
      "countryCode": "IT",
      "stateCode": "52"
   },
   {
      "name": "Scansano",
      "countryCode": "IT",
      "stateCode": "52"
   },
   {
      "name": "Scarlino",
      "countryCode": "IT",
      "stateCode": "52"
   },
   {
      "name": "Scarlino Scalo",
      "countryCode": "IT",
      "stateCode": "52"
   },
   {
      "name": "Scarperia",
      "countryCode": "IT",
      "stateCode": "52"
   },
   {
      "name": "Seano",
      "countryCode": "IT",
      "stateCode": "52"
   },
   {
      "name": "Seggiano",
      "countryCode": "IT",
      "stateCode": "52"
   },
   {
      "name": "Selvatelle",
      "countryCode": "IT",
      "stateCode": "52"
   },
   {
      "name": "Semproniano",
      "countryCode": "IT",
      "stateCode": "52"
   },
   {
      "name": "Seravezza",
      "countryCode": "IT",
      "stateCode": "52"
   },
   {
      "name": "Serravalle Pistoiese",
      "countryCode": "IT",
      "stateCode": "52"
   },
   {
      "name": "Serre di Rapolano",
      "countryCode": "IT",
      "stateCode": "52"
   },
   {
      "name": "Sestino",
      "countryCode": "IT",
      "stateCode": "52"
   },
   {
      "name": "Sesto Fiorentino",
      "countryCode": "IT",
      "stateCode": "52"
   },
   {
      "name": "Sieci",
      "countryCode": "IT",
      "stateCode": "52"
   },
   {
      "name": "Siena",
      "countryCode": "IT",
      "stateCode": "52"
   },
   {
      "name": "Signa",
      "countryCode": "IT",
      "stateCode": "52"
   },
   {
      "name": "Sillano",
      "countryCode": "IT",
      "stateCode": "52"
   },
   {
      "name": "Sinalunga",
      "countryCode": "IT",
      "stateCode": "52"
   },
   {
      "name": "Soci",
      "countryCode": "IT",
      "stateCode": "52"
   },
   {
      "name": "Sorano",
      "countryCode": "IT",
      "stateCode": "52"
   },
   {
      "name": "Sovicille",
      "countryCode": "IT",
      "stateCode": "52"
   },
   {
      "name": "Spianate",
      "countryCode": "IT",
      "stateCode": "52"
   },
   {
      "name": "Spicchio-Sovigliana",
      "countryCode": "IT",
      "stateCode": "52"
   },
   {
      "name": "Stabbia",
      "countryCode": "IT",
      "stateCode": "52"
   },
   {
      "name": "Staggia",
      "countryCode": "IT",
      "stateCode": "52"
   },
   {
      "name": "Stazione",
      "countryCode": "IT",
      "stateCode": "52"
   },
   {
      "name": "Stazione Masotti",
      "countryCode": "IT",
      "stateCode": "52"
   },
   {
      "name": "Stia",
      "countryCode": "IT",
      "stateCode": "52"
   },
   {
      "name": "Stiava",
      "countryCode": "IT",
      "stateCode": "52"
   },
   {
      "name": "Strada",
      "countryCode": "IT",
      "stateCode": "52"
   },
   {
      "name": "Strada in Chianti",
      "countryCode": "IT",
      "stateCode": "52"
   },
   {
      "name": "Strettoia",
      "countryCode": "IT",
      "stateCode": "52"
   },
   {
      "name": "Subbiano",
      "countryCode": "IT",
      "stateCode": "52"
   },
   {
      "name": "Suvereto",
      "countryCode": "IT",
      "stateCode": "52"
   },
   {
      "name": "Talla",
      "countryCode": "IT",
      "stateCode": "52"
   },
   {
      "name": "Tavarnelle Val di Pesa",
      "countryCode": "IT",
      "stateCode": "52"
   },
   {
      "name": "Tavarnuzze",
      "countryCode": "IT",
      "stateCode": "52"
   },
   {
      "name": "Taverne D'Arbia",
      "countryCode": "IT",
      "stateCode": "52"
   },
   {
      "name": "Tegoleto",
      "countryCode": "IT",
      "stateCode": "52"
   },
   {
      "name": "Terontola",
      "countryCode": "IT",
      "stateCode": "52"
   },
   {
      "name": "Terranuova Bracciolini",
      "countryCode": "IT",
      "stateCode": "52"
   },
   {
      "name": "Terrarossa",
      "countryCode": "IT",
      "stateCode": "52"
   },
   {
      "name": "Terricciola",
      "countryCode": "IT",
      "stateCode": "52"
   },
   {
      "name": "Torre del Lago Puccini",
      "countryCode": "IT",
      "stateCode": "52"
   },
   {
      "name": "Torrenieri",
      "countryCode": "IT",
      "stateCode": "52"
   },
   {
      "name": "Torrita di Siena",
      "countryCode": "IT",
      "stateCode": "52"
   },
   {
      "name": "Treggiaia",
      "countryCode": "IT",
      "stateCode": "52"
   },
   {
      "name": "Trequanda",
      "countryCode": "IT",
      "stateCode": "52"
   },
   {
      "name": "Tresana",
      "countryCode": "IT",
      "stateCode": "52"
   },
   {
      "name": "Uggia-Pazzera-Bizzarrino",
      "countryCode": "IT",
      "stateCode": "52"
   },
   {
      "name": "Uliveto Terme",
      "countryCode": "IT",
      "stateCode": "52"
   },
   {
      "name": "Uzzano",
      "countryCode": "IT",
      "stateCode": "52"
   },
   {
      "name": "Vacchereccia",
      "countryCode": "IT",
      "stateCode": "52"
   },
   {
      "name": "Vada",
      "countryCode": "IT",
      "stateCode": "52"
   },
   {
      "name": "Vaglia",
      "countryCode": "IT",
      "stateCode": "52"
   },
   {
      "name": "Vaiano",
      "countryCode": "IT",
      "stateCode": "52"
   },
   {
      "name": "Val di Cava",
      "countryCode": "IT",
      "stateCode": "52"
   },
   {
      "name": "Valdottavo",
      "countryCode": "IT",
      "stateCode": "52"
   },
   {
      "name": "Valenzatico",
      "countryCode": "IT",
      "stateCode": "52"
   },
   {
      "name": "Vecchiano-Nodica",
      "countryCode": "IT",
      "stateCode": "52"
   },
   {
      "name": "Venturina",
      "countryCode": "IT",
      "stateCode": "52"
   },
   {
      "name": "Vernio",
      "countryCode": "IT",
      "stateCode": "52"
   },
   {
      "name": "Vescovado",
      "countryCode": "IT",
      "stateCode": "52"
   },
   {
      "name": "Viareggio",
      "countryCode": "IT",
      "stateCode": "52"
   },
   {
      "name": "Vicarello",
      "countryCode": "IT",
      "stateCode": "52"
   },
   {
      "name": "Vicchio",
      "countryCode": "IT",
      "stateCode": "52"
   },
   {
      "name": "Viciomaggio",
      "countryCode": "IT",
      "stateCode": "52"
   },
   {
      "name": "Vicopisano",
      "countryCode": "IT",
      "stateCode": "52"
   },
   {
      "name": "Vignale Riotorto",
      "countryCode": "IT",
      "stateCode": "52"
   },
   {
      "name": "Vignole-Olmi",
      "countryCode": "IT",
      "stateCode": "52"
   },
   {
      "name": "Villa Basilica",
      "countryCode": "IT",
      "stateCode": "52"
   },
   {
      "name": "Villa Collemandina",
      "countryCode": "IT",
      "stateCode": "52"
   },
   {
      "name": "Villafranca in Lunigiana",
      "countryCode": "IT",
      "stateCode": "52"
   },
   {
      "name": "Vinci",
      "countryCode": "IT",
      "stateCode": "52"
   },
   {
      "name": "Volterra",
      "countryCode": "IT",
      "stateCode": "52"
   },
   {
      "name": "Zeri",
      "countryCode": "IT",
      "stateCode": "52"
   }
]