[
   {
      "name": "Aberdeen",
      "countryCode": "US",
      "stateCode": "WA",
      "latitude": "46.97537000",
      "longitude": "-123.81572000"
   },
   {
      "name": "Adams County",
      "countryCode": "US",
      "stateCode": "WA",
      "latitude": "46.98338000",
      "longitude": "-118.56050000"
   },
   {
      "name": "Ahtanum",
      "countryCode": "US",
      "stateCode": "WA",
      "latitude": "46.55957000",
      "longitude": "-120.62201000"
   },
   {
      "name": "Airway Heights",
      "countryCode": "US",
      "stateCode": "WA",
      "latitude": "47.64461000",
      "longitude": "-117.59327000"
   },
   {
      "name": "Alderton",
      "countryCode": "US",
      "stateCode": "WA",
      "latitude": "47.16955000",
      "longitude": "-122.22928000"
   },
   {
      "name": "Alderwood Manor",
      "countryCode": "US",
      "stateCode": "WA",
      "latitude": "47.82204000",
      "longitude": "-122.28207000"
   },
   {
      "name": "Algona",
      "countryCode": "US",
      "stateCode": "WA",
      "latitude": "47.27899000",
      "longitude": "-122.25206000"
   },
   {
      "name": "Allyn",
      "countryCode": "US",
      "stateCode": "WA",
      "latitude": "47.38565000",
      "longitude": "-122.82764000"
   },
   {
      "name": "Amboy",
      "countryCode": "US",
      "stateCode": "WA",
      "latitude": "45.91011000",
      "longitude": "-122.44649000"
   },
   {
      "name": "Ames Lake",
      "countryCode": "US",
      "stateCode": "WA",
      "latitude": "47.63288000",
      "longitude": "-121.96623000"
   },
   {
      "name": "Anacortes",
      "countryCode": "US",
      "stateCode": "WA",
      "latitude": "48.51260000",
      "longitude": "-122.61267000"
   },
   {
      "name": "Arlington",
      "countryCode": "US",
      "stateCode": "WA",
      "latitude": "48.19871000",
      "longitude": "-122.12514000"
   },
   {
      "name": "Arlington Heights",
      "countryCode": "US",
      "stateCode": "WA",
      "latitude": "48.20205000",
      "longitude": "-122.06208000"
   },
   {
      "name": "Artondale",
      "countryCode": "US",
      "stateCode": "WA",
      "latitude": "47.29954000",
      "longitude": "-122.62069000"
   },
   {
      "name": "Asotin",
      "countryCode": "US",
      "stateCode": "WA",
      "latitude": "46.33933000",
      "longitude": "-117.04821000"
   },
   {
      "name": "Asotin County",
      "countryCode": "US",
      "stateCode": "WA",
      "latitude": "46.19186000",
      "longitude": "-117.20307000"
   },
   {
      "name": "Auburn",
      "countryCode": "US",
      "stateCode": "WA",
      "latitude": "47.30732000",
      "longitude": "-122.22845000"
   },
   {
      "name": "Ault Field",
      "countryCode": "US",
      "stateCode": "WA",
      "latitude": "48.33812000",
      "longitude": "-122.67441000"
   },
   {
      "name": "Bainbridge Island",
      "countryCode": "US",
      "stateCode": "WA",
      "latitude": "47.62621000",
      "longitude": "-122.52124000"
   },
   {
      "name": "Bangor Trident Base",
      "countryCode": "US",
      "stateCode": "WA",
      "latitude": "47.72274000",
      "longitude": "-122.71446000"
   },
   {
      "name": "Barberton",
      "countryCode": "US",
      "stateCode": "WA",
      "latitude": "45.69317000",
      "longitude": "-122.59899000"
   },
   {
      "name": "Basin City",
      "countryCode": "US",
      "stateCode": "WA",
      "latitude": "46.59403000",
      "longitude": "-119.15223000"
   },
   {
      "name": "Battle Ground",
      "countryCode": "US",
      "stateCode": "WA",
      "latitude": "45.78095000",
      "longitude": "-122.53343000"
   },
   {
      "name": "Belfair",
      "countryCode": "US",
      "stateCode": "WA",
      "latitude": "47.45065000",
      "longitude": "-122.82737000"
   },
   {
      "name": "Bellevue",
      "countryCode": "US",
      "stateCode": "WA",
      "latitude": "47.61038000",
      "longitude": "-122.20068000"
   },
   {
      "name": "Bellingham",
      "countryCode": "US",
      "stateCode": "WA",
      "latitude": "48.75955000",
      "longitude": "-122.48822000"
   },
   {
      "name": "Benton City",
      "countryCode": "US",
      "stateCode": "WA",
      "latitude": "46.26319000",
      "longitude": "-119.48780000"
   },
   {
      "name": "Benton County",
      "countryCode": "US",
      "stateCode": "WA",
      "latitude": "46.23978000",
      "longitude": "-119.51120000"
   },
   {
      "name": "Bethel",
      "countryCode": "US",
      "stateCode": "WA",
      "latitude": "47.49398000",
      "longitude": "-122.63125000"
   },
   {
      "name": "Big Lake",
      "countryCode": "US",
      "stateCode": "WA",
      "latitude": "48.40288000",
      "longitude": "-122.24127000"
   },
   {
      "name": "Birch Bay",
      "countryCode": "US",
      "stateCode": "WA",
      "latitude": "48.91789000",
      "longitude": "-122.74462000"
   },
   {
      "name": "Black Diamond",
      "countryCode": "US",
      "stateCode": "WA",
      "latitude": "47.30871000",
      "longitude": "-122.00317000"
   },
   {
      "name": "Blaine",
      "countryCode": "US",
      "stateCode": "WA",
      "latitude": "48.99372000",
      "longitude": "-122.74712000"
   },
   {
      "name": "Bonney Lake",
      "countryCode": "US",
      "stateCode": "WA",
      "latitude": "47.17705000",
      "longitude": "-122.18651000"
   },
   {
      "name": "Bothell",
      "countryCode": "US",
      "stateCode": "WA",
      "latitude": "47.76232000",
      "longitude": "-122.20540000"
   },
   {
      "name": "Bothell East",
      "countryCode": "US",
      "stateCode": "WA",
      "latitude": "47.80631000",
      "longitude": "-122.18427000"
   },
   {
      "name": "Bothell West",
      "countryCode": "US",
      "stateCode": "WA",
      "latitude": "47.80527000",
      "longitude": "-122.24064000"
   },
   {
      "name": "Boulevard Park",
      "countryCode": "US",
      "stateCode": "WA",
      "latitude": "47.48927000",
      "longitude": "-122.31512000"
   },
   {
      "name": "Bremerton",
      "countryCode": "US",
      "stateCode": "WA",
      "latitude": "47.56732000",
      "longitude": "-122.63264000"
   },
   {
      "name": "Brewster",
      "countryCode": "US",
      "stateCode": "WA",
      "latitude": "48.09598000",
      "longitude": "-119.78062000"
   },
   {
      "name": "Bridgeport",
      "countryCode": "US",
      "stateCode": "WA",
      "latitude": "48.00820000",
      "longitude": "-119.67116000"
   },
   {
      "name": "Brier",
      "countryCode": "US",
      "stateCode": "WA",
      "latitude": "47.78454000",
      "longitude": "-122.27429000"
   },
   {
      "name": "Browns Point",
      "countryCode": "US",
      "stateCode": "WA",
      "latitude": "47.30038000",
      "longitude": "-122.44124000"
   },
   {
      "name": "Brush Prairie",
      "countryCode": "US",
      "stateCode": "WA",
      "latitude": "45.73289000",
      "longitude": "-122.54649000"
   },
   {
      "name": "Bryant",
      "countryCode": "US",
      "stateCode": "WA",
      "latitude": "48.23899000",
      "longitude": "-122.15792000"
   },
   {
      "name": "Bryn Mawr-Skyway",
      "countryCode": "US",
      "stateCode": "WA",
      "latitude": "47.49430000",
      "longitude": "-122.24092000"
   },
   {
      "name": "Buckley",
      "countryCode": "US",
      "stateCode": "WA",
      "latitude": "47.16316000",
      "longitude": "-122.02678000"
   },
   {
      "name": "Bunk Foss",
      "countryCode": "US",
      "stateCode": "WA",
      "latitude": "47.96171000",
      "longitude": "-122.09441000"
   },
   {
      "name": "Burbank",
      "countryCode": "US",
      "stateCode": "WA",
      "latitude": "46.19986000",
      "longitude": "-119.01306000"
   },
   {
      "name": "Burien",
      "countryCode": "US",
      "stateCode": "WA",
      "latitude": "47.47038000",
      "longitude": "-122.34679000"
   },
   {
      "name": "Burley",
      "countryCode": "US",
      "stateCode": "WA",
      "latitude": "47.41787000",
      "longitude": "-122.63097000"
   },
   {
      "name": "Burlington",
      "countryCode": "US",
      "stateCode": "WA",
      "latitude": "48.47566000",
      "longitude": "-122.32544000"
   },
   {
      "name": "Camano",
      "countryCode": "US",
      "stateCode": "WA",
      "latitude": "48.17399000",
      "longitude": "-122.52821000"
   },
   {
      "name": "Camas",
      "countryCode": "US",
      "stateCode": "WA",
      "latitude": "45.58706000",
      "longitude": "-122.39954000"
   },
   {
      "name": "Canterwood",
      "countryCode": "US",
      "stateCode": "WA",
      "latitude": "47.37510000",
      "longitude": "-122.58930000"
   },
   {
      "name": "Carnation",
      "countryCode": "US",
      "stateCode": "WA",
      "latitude": "47.64788000",
      "longitude": "-121.91401000"
   },
   {
      "name": "Carson",
      "countryCode": "US",
      "stateCode": "WA",
      "latitude": "45.72539000",
      "longitude": "-121.81924000"
   },
   {
      "name": "Cascade Valley",
      "countryCode": "US",
      "stateCode": "WA",
      "latitude": "47.13459000",
      "longitude": "-119.32808000"
   },
   {
      "name": "Cashmere",
      "countryCode": "US",
      "stateCode": "WA",
      "latitude": "47.52235000",
      "longitude": "-120.46980000"
   },
   {
      "name": "Castle Rock",
      "countryCode": "US",
      "stateCode": "WA",
      "latitude": "46.27511000",
      "longitude": "-122.90761000"
   },
   {
      "name": "Cathcart",
      "countryCode": "US",
      "stateCode": "WA",
      "latitude": "47.84788000",
      "longitude": "-122.09929000"
   },
   {
      "name": "Cathlamet",
      "countryCode": "US",
      "stateCode": "WA",
      "latitude": "46.20317000",
      "longitude": "-123.38318000"
   },
   {
      "name": "Central Park",
      "countryCode": "US",
      "stateCode": "WA",
      "latitude": "46.97343000",
      "longitude": "-123.69239000"
   },
   {
      "name": "Centralia",
      "countryCode": "US",
      "stateCode": "WA",
      "latitude": "46.71621000",
      "longitude": "-122.95430000"
   },
   {
      "name": "Chehalis",
      "countryCode": "US",
      "stateCode": "WA",
      "latitude": "46.66205000",
      "longitude": "-122.96402000"
   },
   {
      "name": "Chelan",
      "countryCode": "US",
      "stateCode": "WA",
      "latitude": "47.84097000",
      "longitude": "-120.01646000"
   },
   {
      "name": "Chelan County",
      "countryCode": "US",
      "stateCode": "WA",
      "latitude": "47.86910000",
      "longitude": "-120.61891000"
   },
   {
      "name": "Cheney",
      "countryCode": "US",
      "stateCode": "WA",
      "latitude": "47.48739000",
      "longitude": "-117.57576000"
   },
   {
      "name": "Chewelah",
      "countryCode": "US",
      "stateCode": "WA",
      "latitude": "48.27629000",
      "longitude": "-117.71552000"
   },
   {
      "name": "Chico",
      "countryCode": "US",
      "stateCode": "WA",
      "latitude": "47.61148000",
      "longitude": "-122.71042000"
   },
   {
      "name": "City of Sammamish",
      "countryCode": "US",
      "stateCode": "WA",
      "latitude": "47.60444000",
      "longitude": "-122.03768000"
   },
   {
      "name": "Clallam County",
      "countryCode": "US",
      "stateCode": "WA",
      "latitude": "48.11044000",
      "longitude": "-123.93432000"
   },
   {
      "name": "Clark County",
      "countryCode": "US",
      "stateCode": "WA",
      "latitude": "45.77927000",
      "longitude": "-122.48259000"
   },
   {
      "name": "Clarkston",
      "countryCode": "US",
      "stateCode": "WA",
      "latitude": "46.41629000",
      "longitude": "-117.04557000"
   },
   {
      "name": "Clarkston Heights-Vineland",
      "countryCode": "US",
      "stateCode": "WA",
      "latitude": "46.38742000",
      "longitude": "-117.08300000"
   },
   {
      "name": "Cle Elum",
      "countryCode": "US",
      "stateCode": "WA",
      "latitude": "47.19540000",
      "longitude": "-120.93925000"
   },
   {
      "name": "Clear Lake",
      "countryCode": "US",
      "stateCode": "WA",
      "latitude": "48.46427000",
      "longitude": "-122.23404000"
   },
   {
      "name": "Clearview",
      "countryCode": "US",
      "stateCode": "WA",
      "latitude": "47.83371000",
      "longitude": "-122.12596000"
   },
   {
      "name": "Clyde Hill",
      "countryCode": "US",
      "stateCode": "WA",
      "latitude": "47.63177000",
      "longitude": "-122.21790000"
   },
   {
      "name": "Colfax",
      "countryCode": "US",
      "stateCode": "WA",
      "latitude": "46.88017000",
      "longitude": "-117.36435000"
   },
   {
      "name": "College Place",
      "countryCode": "US",
      "stateCode": "WA",
      "latitude": "46.04930000",
      "longitude": "-118.38830000"
   },
   {
      "name": "Columbia County",
      "countryCode": "US",
      "stateCode": "WA",
      "latitude": "46.29755000",
      "longitude": "-117.90788000"
   },
   {
      "name": "Colville",
      "countryCode": "US",
      "stateCode": "WA",
      "latitude": "48.54657000",
      "longitude": "-117.90554000"
   },
   {
      "name": "Connell",
      "countryCode": "US",
      "stateCode": "WA",
      "latitude": "46.66347000",
      "longitude": "-118.86111000"
   },
   {
      "name": "Cosmopolis",
      "countryCode": "US",
      "stateCode": "WA",
      "latitude": "46.95537000",
      "longitude": "-123.77378000"
   },
   {
      "name": "Cottage Lake",
      "countryCode": "US",
      "stateCode": "WA",
      "latitude": "47.74427000",
      "longitude": "-122.07735000"
   },
   {
      "name": "Coulee Dam",
      "countryCode": "US",
      "stateCode": "WA",
      "latitude": "47.96543000",
      "longitude": "-118.97613000"
   },
   {
      "name": "Country Homes",
      "countryCode": "US",
      "stateCode": "WA",
      "latitude": "47.74850000",
      "longitude": "-117.40439000"
   },
   {
      "name": "Coupeville",
      "countryCode": "US",
      "stateCode": "WA",
      "latitude": "48.21982000",
      "longitude": "-122.68628000"
   },
   {
      "name": "Covington",
      "countryCode": "US",
      "stateCode": "WA",
      "latitude": "47.35818000",
      "longitude": "-122.12216000"
   },
   {
      "name": "Cowlitz County",
      "countryCode": "US",
      "stateCode": "WA",
      "latitude": "46.19329000",
      "longitude": "-122.68078000"
   },
   {
      "name": "Crocker",
      "countryCode": "US",
      "stateCode": "WA",
      "latitude": "47.08091000",
      "longitude": "-122.10383000"
   },
   {
      "name": "Dallesport",
      "countryCode": "US",
      "stateCode": "WA",
      "latitude": "45.61734000",
      "longitude": "-121.17952000"
   },
   {
      "name": "Darrington",
      "countryCode": "US",
      "stateCode": "WA",
      "latitude": "48.25539000",
      "longitude": "-121.60151000"
   },
   {
      "name": "Davenport",
      "countryCode": "US",
      "stateCode": "WA",
      "latitude": "47.65405000",
      "longitude": "-118.14997000"
   },
   {
      "name": "Dayton",
      "countryCode": "US",
      "stateCode": "WA",
      "latitude": "46.32375000",
      "longitude": "-117.97244000"
   },
   {
      "name": "Deer Park",
      "countryCode": "US",
      "stateCode": "WA",
      "latitude": "47.95434000",
      "longitude": "-117.47689000"
   },
   {
      "name": "Des Moines",
      "countryCode": "US",
      "stateCode": "WA",
      "latitude": "47.40177000",
      "longitude": "-122.32429000"
   },
   {
      "name": "Desert Aire",
      "countryCode": "US",
      "stateCode": "WA",
      "latitude": "46.67930000",
      "longitude": "-119.91727000"
   },
   {
      "name": "Dishman",
      "countryCode": "US",
      "stateCode": "WA",
      "latitude": "47.66007000",
      "longitude": "-117.27596000"
   },
   {
      "name": "Dollar Corner",
      "countryCode": "US",
      "stateCode": "WA",
      "latitude": "45.78012000",
      "longitude": "-122.60010000"
   },
   {
      "name": "Douglas County",
      "countryCode": "US",
      "stateCode": "WA",
      "latitude": "47.73607000",
      "longitude": "-119.69172000"
   },
   {
      "name": "DuPont",
      "countryCode": "US",
      "stateCode": "WA",
      "latitude": "47.09676000",
      "longitude": "-122.63124000"
   },
   {
      "name": "Duvall",
      "countryCode": "US",
      "stateCode": "WA",
      "latitude": "47.74232000",
      "longitude": "-121.98568000"
   },
   {
      "name": "East Hill-Meridian",
      "countryCode": "US",
      "stateCode": "WA",
      "latitude": "47.41052000",
      "longitude": "-122.17369000"
   },
   {
      "name": "East Port Orchard",
      "countryCode": "US",
      "stateCode": "WA",
      "latitude": "47.52343000",
      "longitude": "-122.62430000"
   },
   {
      "name": "East Renton Highlands",
      "countryCode": "US",
      "stateCode": "WA",
      "latitude": "47.48482000",
      "longitude": "-122.11234000"
   },
   {
      "name": "East Wenatchee",
      "countryCode": "US",
      "stateCode": "WA",
      "latitude": "47.41568000",
      "longitude": "-120.29313000"
   },
   {
      "name": "East Wenatchee Bench",
      "countryCode": "US",
      "stateCode": "WA",
      "latitude": "47.42568000",
      "longitude": "-120.28118000"
   },
   {
      "name": "Eastgate",
      "countryCode": "US",
      "stateCode": "WA",
      "latitude": "47.57266000",
      "longitude": "-122.14578000"
   },
   {
      "name": "Eastmont",
      "countryCode": "US",
      "stateCode": "WA",
      "latitude": "47.89740000",
      "longitude": "-122.18154000"
   },
   {
      "name": "Eatonville",
      "countryCode": "US",
      "stateCode": "WA",
      "latitude": "46.86733000",
      "longitude": "-122.26650000"
   },
   {
      "name": "Edgewood",
      "countryCode": "US",
      "stateCode": "WA",
      "latitude": "47.25010000",
      "longitude": "-122.29373000"
   },
   {
      "name": "Edmonds",
      "countryCode": "US",
      "stateCode": "WA",
      "latitude": "47.81065000",
      "longitude": "-122.37736000"
   },
   {
      "name": "Electric City",
      "countryCode": "US",
      "stateCode": "WA",
      "latitude": "47.93237000",
      "longitude": "-119.03808000"
   },
   {
      "name": "Elk Plain",
      "countryCode": "US",
      "stateCode": "WA",
      "latitude": "47.05316000",
      "longitude": "-122.39762000"
   },
   {
      "name": "Ellensburg",
      "countryCode": "US",
      "stateCode": "WA",
      "latitude": "46.99651000",
      "longitude": "-120.54785000"
   },
   {
      "name": "Elma",
      "countryCode": "US",
      "stateCode": "WA",
      "latitude": "47.00343000",
      "longitude": "-123.40877000"
   },
   {
      "name": "Enetai",
      "countryCode": "US",
      "stateCode": "WA",
      "latitude": "47.58482000",
      "longitude": "-122.59875000"
   },
   {
      "name": "Entiat",
      "countryCode": "US",
      "stateCode": "WA",
      "latitude": "47.67596000",
      "longitude": "-120.20841000"
   },
   {
      "name": "Enumclaw",
      "countryCode": "US",
      "stateCode": "WA",
      "latitude": "47.20427000",
      "longitude": "-121.99150000"
   },
   {
      "name": "Ephrata",
      "countryCode": "US",
      "stateCode": "WA",
      "latitude": "47.31764000",
      "longitude": "-119.55365000"
   },
   {
      "name": "Erlands Point-Kitsap Lake",
      "countryCode": "US",
      "stateCode": "WA",
      "latitude": "47.59719000",
      "longitude": "-122.70225000"
   },
   {
      "name": "Esperance",
      "countryCode": "US",
      "stateCode": "WA",
      "latitude": "47.78899000",
      "longitude": "-122.35541000"
   },
   {
      "name": "Everett",
      "countryCode": "US",
      "stateCode": "WA",
      "latitude": "47.97898000",
      "longitude": "-122.20208000"
   },
   {
      "name": "Everson",
      "countryCode": "US",
      "stateCode": "WA",
      "latitude": "48.92012000",
      "longitude": "-122.34266000"
   },
   {
      "name": "Fairchild Air Force Base",
      "countryCode": "US",
      "stateCode": "WA",
      "latitude": "47.61879000",
      "longitude": "-117.64826000"
   },
   {
      "name": "Fairwood",
      "countryCode": "US",
      "stateCode": "WA",
      "latitude": "47.44843000",
      "longitude": "-122.15734000"
   },
   {
      "name": "Fall City",
      "countryCode": "US",
      "stateCode": "WA",
      "latitude": "47.56732000",
      "longitude": "-121.88873000"
   },
   {
      "name": "Federal Way",
      "countryCode": "US",
      "stateCode": "WA",
      "latitude": "47.32232000",
      "longitude": "-122.31262000"
   },
   {
      "name": "Felida",
      "countryCode": "US",
      "stateCode": "WA",
      "latitude": "45.70956000",
      "longitude": "-122.70732000"
   },
   {
      "name": "Fern Prairie",
      "countryCode": "US",
      "stateCode": "WA",
      "latitude": "45.63651000",
      "longitude": "-122.39870000"
   },
   {
      "name": "Ferndale",
      "countryCode": "US",
      "stateCode": "WA",
      "latitude": "48.84650000",
      "longitude": "-122.59101000"
   },
   {
      "name": "Ferry County",
      "countryCode": "US",
      "stateCode": "WA",
      "latitude": "48.47007000",
      "longitude": "-118.51649000"
   },
   {
      "name": "Fife",
      "countryCode": "US",
      "stateCode": "WA",
      "latitude": "47.23927000",
      "longitude": "-122.35707000"
   },
   {
      "name": "Fife Heights",
      "countryCode": "US",
      "stateCode": "WA",
      "latitude": "47.25899000",
      "longitude": "-122.34568000"
   },
   {
      "name": "Finley",
      "countryCode": "US",
      "stateCode": "WA",
      "latitude": "46.15402000",
      "longitude": "-119.03390000"
   },
   {
      "name": "Fircrest",
      "countryCode": "US",
      "stateCode": "WA",
      "latitude": "47.23954000",
      "longitude": "-122.51596000"
   },
   {
      "name": "Five Corners",
      "countryCode": "US",
      "stateCode": "WA",
      "latitude": "45.68456000",
      "longitude": "-122.57510000"
   },
   {
      "name": "Fobes Hill",
      "countryCode": "US",
      "stateCode": "WA",
      "latitude": "47.94899000",
      "longitude": "-122.11985000"
   },
   {
      "name": "Fords Prairie",
      "countryCode": "US",
      "stateCode": "WA",
      "latitude": "46.73510000",
      "longitude": "-122.98902000"
   },
   {
      "name": "Forks",
      "countryCode": "US",
      "stateCode": "WA",
      "latitude": "47.95036000",
      "longitude": "-124.38549000"
   },
   {
      "name": "Fox Island",
      "countryCode": "US",
      "stateCode": "WA",
      "latitude": "47.25149000",
      "longitude": "-122.62902000"
   },
   {
      "name": "Franklin County",
      "countryCode": "US",
      "stateCode": "WA",
      "latitude": "46.53477000",
      "longitude": "-118.89889000"
   },
   {
      "name": "Frederickson",
      "countryCode": "US",
      "stateCode": "WA",
      "latitude": "47.09621000",
      "longitude": "-122.35873000"
   },
   {
      "name": "Freeland",
      "countryCode": "US",
      "stateCode": "WA",
      "latitude": "48.00954000",
      "longitude": "-122.52598000"
   },
   {
      "name": "Friday Harbor",
      "countryCode": "US",
      "stateCode": "WA",
      "latitude": "48.53427000",
      "longitude": "-123.01712000"
   },
   {
      "name": "Garfield County",
      "countryCode": "US",
      "stateCode": "WA",
      "latitude": "46.43156000",
      "longitude": "-117.54519000"
   },
   {
      "name": "Garrett",
      "countryCode": "US",
      "stateCode": "WA",
      "latitude": "46.05208000",
      "longitude": "-118.40275000"
   },
   {
      "name": "Geneva",
      "countryCode": "US",
      "stateCode": "WA",
      "latitude": "48.74567000",
      "longitude": "-122.40183000"
   },
   {
      "name": "Gig Harbor",
      "countryCode": "US",
      "stateCode": "WA",
      "latitude": "47.32926000",
      "longitude": "-122.58013000"
   },
   {
      "name": "Gleed",
      "countryCode": "US",
      "stateCode": "WA",
      "latitude": "46.65818000",
      "longitude": "-120.61340000"
   },
   {
      "name": "Gold Bar",
      "countryCode": "US",
      "stateCode": "WA",
      "latitude": "47.85677000",
      "longitude": "-121.69706000"
   },
   {
      "name": "Goldendale",
      "countryCode": "US",
      "stateCode": "WA",
      "latitude": "45.82068000",
      "longitude": "-120.82173000"
   },
   {
      "name": "Graham",
      "countryCode": "US",
      "stateCode": "WA",
      "latitude": "47.05288000",
      "longitude": "-122.29428000"
   },
   {
      "name": "Grand Coulee",
      "countryCode": "US",
      "stateCode": "WA",
      "latitude": "47.94154000",
      "longitude": "-119.00335000"
   },
   {
      "name": "Grand Mound",
      "countryCode": "US",
      "stateCode": "WA",
      "latitude": "46.78788000",
      "longitude": "-123.01125000"
   },
   {
      "name": "Grandview",
      "countryCode": "US",
      "stateCode": "WA",
      "latitude": "46.25097000",
      "longitude": "-119.90170000"
   },
   {
      "name": "Granger",
      "countryCode": "US",
      "stateCode": "WA",
      "latitude": "46.34207000",
      "longitude": "-120.18727000"
   },
   {
      "name": "Granite Falls",
      "countryCode": "US",
      "stateCode": "WA",
      "latitude": "48.08399000",
      "longitude": "-121.96874000"
   },
   {
      "name": "Grant County",
      "countryCode": "US",
      "stateCode": "WA",
      "latitude": "47.20566000",
      "longitude": "-119.45177000"
   },
   {
      "name": "Grays Harbor County",
      "countryCode": "US",
      "stateCode": "WA",
      "latitude": "47.14445000",
      "longitude": "-123.82847000"
   },
   {
      "name": "Hansville",
      "countryCode": "US",
      "stateCode": "WA",
      "latitude": "47.91870000",
      "longitude": "-122.55431000"
   },
   {
      "name": "Hazel Dell",
      "countryCode": "US",
      "stateCode": "WA",
      "latitude": "45.67151000",
      "longitude": "-122.66288000"
   },
   {
      "name": "Highland",
      "countryCode": "US",
      "stateCode": "WA",
      "latitude": "46.13152000",
      "longitude": "-119.11418000"
   },
   {
      "name": "Hobart",
      "countryCode": "US",
      "stateCode": "WA",
      "latitude": "47.42177000",
      "longitude": "-121.97289000"
   },
   {
      "name": "Hockinson",
      "countryCode": "US",
      "stateCode": "WA",
      "latitude": "45.73789000",
      "longitude": "-122.48704000"
   },
   {
      "name": "Home",
      "countryCode": "US",
      "stateCode": "WA",
      "latitude": "47.27482000",
      "longitude": "-122.76375000"
   },
   {
      "name": "Hoquiam",
      "countryCode": "US",
      "stateCode": "WA",
      "latitude": "46.98092000",
      "longitude": "-123.88933000"
   },
   {
      "name": "Indianola",
      "countryCode": "US",
      "stateCode": "WA",
      "latitude": "47.74704000",
      "longitude": "-122.52569000"
   },
   {
      "name": "Inglewood-Finn Hill",
      "countryCode": "US",
      "stateCode": "WA",
      "latitude": "47.72049000",
      "longitude": "-122.23167000"
   },
   {
      "name": "Island County",
      "countryCode": "US",
      "stateCode": "WA",
      "latitude": "48.20820000",
      "longitude": "-122.66922000"
   },
   {
      "name": "Issaquah",
      "countryCode": "US",
      "stateCode": "WA",
      "latitude": "47.53010000",
      "longitude": "-122.03262000"
   },
   {
      "name": "Jefferson County",
      "countryCode": "US",
      "stateCode": "WA",
      "latitude": "47.77655000",
      "longitude": "-123.57431000"
   },
   {
      "name": "Joint Base Lewis McChord",
      "countryCode": "US",
      "stateCode": "WA",
      "latitude": "47.10787000",
      "longitude": "-122.57694000"
   },
   {
      "name": "Kalama",
      "countryCode": "US",
      "stateCode": "WA",
      "latitude": "46.00845000",
      "longitude": "-122.84455000"
   },
   {
      "name": "Kelso",
      "countryCode": "US",
      "stateCode": "WA",
      "latitude": "46.14678000",
      "longitude": "-122.90844000"
   },
   {
      "name": "Kenmore",
      "countryCode": "US",
      "stateCode": "WA",
      "latitude": "47.75732000",
      "longitude": "-122.24401000"
   },
   {
      "name": "Kennewick",
      "countryCode": "US",
      "stateCode": "WA",
      "latitude": "46.21125000",
      "longitude": "-119.13723000"
   },
   {
      "name": "Kent",
      "countryCode": "US",
      "stateCode": "WA",
      "latitude": "47.38093000",
      "longitude": "-122.23484000"
   },
   {
      "name": "Kettle Falls",
      "countryCode": "US",
      "stateCode": "WA",
      "latitude": "48.61074000",
      "longitude": "-118.05582000"
   },
   {
      "name": "Key Center",
      "countryCode": "US",
      "stateCode": "WA",
      "latitude": "47.34065000",
      "longitude": "-122.74541000"
   },
   {
      "name": "King County",
      "countryCode": "US",
      "stateCode": "WA",
      "latitude": "47.49084000",
      "longitude": "-121.83583000"
   },
   {
      "name": "Kingsgate",
      "countryCode": "US",
      "stateCode": "WA",
      "latitude": "47.72704000",
      "longitude": "-122.17957000"
   },
   {
      "name": "Kingston",
      "countryCode": "US",
      "stateCode": "WA",
      "latitude": "47.79850000",
      "longitude": "-122.49806000"
   },
   {
      "name": "Kirkland",
      "countryCode": "US",
      "stateCode": "WA",
      "latitude": "47.68149000",
      "longitude": "-122.20874000"
   },
   {
      "name": "Kitsap County",
      "countryCode": "US",
      "stateCode": "WA",
      "latitude": "47.63983000",
      "longitude": "-122.64900000"
   },
   {
      "name": "Kittitas",
      "countryCode": "US",
      "stateCode": "WA",
      "latitude": "46.98318000",
      "longitude": "-120.41701000"
   },
   {
      "name": "Kittitas County",
      "countryCode": "US",
      "stateCode": "WA",
      "latitude": "47.12417000",
      "longitude": "-120.67972000"
   },
   {
      "name": "Klahanie",
      "countryCode": "US",
      "stateCode": "WA",
      "latitude": "47.43121000",
      "longitude": "-122.43652000"
   },
   {
      "name": "Klickitat County",
      "countryCode": "US",
      "stateCode": "WA",
      "latitude": "45.87378000",
      "longitude": "-120.78926000"
   },
   {
      "name": "La Center",
      "countryCode": "US",
      "stateCode": "WA",
      "latitude": "45.86234000",
      "longitude": "-122.67038000"
   },
   {
      "name": "Lacey",
      "countryCode": "US",
      "stateCode": "WA",
      "latitude": "47.03426000",
      "longitude": "-122.82319000"
   },
   {
      "name": "Lake Forest Park",
      "countryCode": "US",
      "stateCode": "WA",
      "latitude": "47.75676000",
      "longitude": "-122.28096000"
   },
   {
      "name": "Lake Marcel-Stillwater",
      "countryCode": "US",
      "stateCode": "WA",
      "latitude": "47.69263000",
      "longitude": "-121.91513000"
   },
   {
      "name": "Lake Morton-Berrydale",
      "countryCode": "US",
      "stateCode": "WA",
      "latitude": "47.33251000",
      "longitude": "-122.10286000"
   },
   {
      "name": "Lake Shore",
      "countryCode": "US",
      "stateCode": "WA",
      "latitude": "45.69067000",
      "longitude": "-122.69093000"
   },
   {
      "name": "Lake Stevens",
      "countryCode": "US",
      "stateCode": "WA",
      "latitude": "48.01510000",
      "longitude": "-122.06374000"
   },
   {
      "name": "Lake Stickney",
      "countryCode": "US",
      "stateCode": "WA",
      "latitude": "47.87655000",
      "longitude": "-122.26214000"
   },
   {
      "name": "Lakeland North",
      "countryCode": "US",
      "stateCode": "WA",
      "latitude": "47.33343000",
      "longitude": "-122.27695000"
   },
   {
      "name": "Lakeland South",
      "countryCode": "US",
      "stateCode": "WA",
      "latitude": "47.27843000",
      "longitude": "-122.28326000"
   },
   {
      "name": "Lakewood",
      "countryCode": "US",
      "stateCode": "WA",
      "latitude": "47.17176000",
      "longitude": "-122.51846000"
   },
   {
      "name": "Langley",
      "countryCode": "US",
      "stateCode": "WA",
      "latitude": "48.04009000",
      "longitude": "-122.40626000"
   },
   {
      "name": "Larch Way",
      "countryCode": "US",
      "stateCode": "WA",
      "latitude": "47.84290000",
      "longitude": "-122.25275000"
   },
   {
      "name": "Lea Hill",
      "countryCode": "US",
      "stateCode": "WA",
      "latitude": "47.32621000",
      "longitude": "-122.18151000"
   },
   {
      "name": "Leavenworth",
      "countryCode": "US",
      "stateCode": "WA",
      "latitude": "47.59623000",
      "longitude": "-120.66148000"
   },
   {
      "name": "Lewis County",
      "countryCode": "US",
      "stateCode": "WA",
      "latitude": "46.57773000",
      "longitude": "-122.39241000"
   },
   {
      "name": "Lewisville",
      "countryCode": "US",
      "stateCode": "WA",
      "latitude": "45.80984000",
      "longitude": "-122.52315000"
   },
   {
      "name": "Liberty Lake",
      "countryCode": "US",
      "stateCode": "WA",
      "latitude": "47.67591000",
      "longitude": "-117.11821000"
   },
   {
      "name": "Lincoln County",
      "countryCode": "US",
      "stateCode": "WA",
      "latitude": "47.57619000",
      "longitude": "-118.41879000"
   },
   {
      "name": "Lochsloy",
      "countryCode": "US",
      "stateCode": "WA",
      "latitude": "48.05149000",
      "longitude": "-122.03208000"
   },
   {
      "name": "Lofall",
      "countryCode": "US",
      "stateCode": "WA",
      "latitude": "47.81204000",
      "longitude": "-122.65821000"
   },
   {
      "name": "Long Beach",
      "countryCode": "US",
      "stateCode": "WA",
      "latitude": "46.35232000",
      "longitude": "-124.05432000"
   },
   {
      "name": "Longbranch",
      "countryCode": "US",
      "stateCode": "WA",
      "latitude": "47.20898000",
      "longitude": "-122.75680000"
   },
   {
      "name": "Longview",
      "countryCode": "US",
      "stateCode": "WA",
      "latitude": "46.13817000",
      "longitude": "-122.93817000"
   },
   {
      "name": "Longview Heights",
      "countryCode": "US",
      "stateCode": "WA",
      "latitude": "46.18039000",
      "longitude": "-122.95706000"
   },
   {
      "name": "Lynden",
      "countryCode": "US",
      "stateCode": "WA",
      "latitude": "48.94650000",
      "longitude": "-122.45211000"
   },
   {
      "name": "Lynnwood",
      "countryCode": "US",
      "stateCode": "WA",
      "latitude": "47.82093000",
      "longitude": "-122.31513000"
   },
   {
      "name": "Mabton",
      "countryCode": "US",
      "stateCode": "WA",
      "latitude": "46.21485000",
      "longitude": "-119.99671000"
   },
   {
      "name": "Machias",
      "countryCode": "US",
      "stateCode": "WA",
      "latitude": "47.98149000",
      "longitude": "-122.04596000"
   },
   {
      "name": "Maltby",
      "countryCode": "US",
      "stateCode": "WA",
      "latitude": "47.80510000",
      "longitude": "-122.11318000"
   },
   {
      "name": "Manchester",
      "countryCode": "US",
      "stateCode": "WA",
      "latitude": "47.55566000",
      "longitude": "-122.54507000"
   },
   {
      "name": "Manson",
      "countryCode": "US",
      "stateCode": "WA",
      "latitude": "47.88486000",
      "longitude": "-120.15841000"
   },
   {
      "name": "Maple Heights-Lake Desire",
      "countryCode": "US",
      "stateCode": "WA",
      "latitude": "47.44413000",
      "longitude": "-122.09736000"
   },
   {
      "name": "Maple Valley",
      "countryCode": "US",
      "stateCode": "WA",
      "latitude": "47.39272000",
      "longitude": "-122.04641000"
   },
   {
      "name": "Maplewood",
      "countryCode": "US",
      "stateCode": "WA",
      "latitude": "47.40176000",
      "longitude": "-122.55707000"
   },
   {
      "name": "Marietta",
      "countryCode": "US",
      "stateCode": "WA",
      "latitude": "48.78705000",
      "longitude": "-122.58045000"
   },
   {
      "name": "Marietta-Alderwood",
      "countryCode": "US",
      "stateCode": "WA",
      "latitude": "48.78965000",
      "longitude": "-122.55369000"
   },
   {
      "name": "Martha Lake",
      "countryCode": "US",
      "stateCode": "WA",
      "latitude": "47.85093000",
      "longitude": "-122.23930000"
   },
   {
      "name": "Marysville",
      "countryCode": "US",
      "stateCode": "WA",
      "latitude": "48.05176000",
      "longitude": "-122.17708000"
   },
   {
      "name": "Mason County",
      "countryCode": "US",
      "stateCode": "WA",
      "latitude": "47.35048000",
      "longitude": "-123.18309000"
   },
   {
      "name": "Mattawa",
      "countryCode": "US",
      "stateCode": "WA",
      "latitude": "46.73791000",
      "longitude": "-119.90282000"
   },
   {
      "name": "McChord Air Force Base",
      "countryCode": "US",
      "stateCode": "WA",
      "latitude": "47.13397000",
      "longitude": "-122.49157000"
   },
   {
      "name": "McCleary",
      "countryCode": "US",
      "stateCode": "WA",
      "latitude": "47.05315000",
      "longitude": "-123.26543000"
   },
   {
      "name": "McMillin",
      "countryCode": "US",
      "stateCode": "WA",
      "latitude": "47.13982000",
      "longitude": "-122.23651000"
   },
   {
      "name": "Mead",
      "countryCode": "US",
      "stateCode": "WA",
      "latitude": "47.76739000",
      "longitude": "-117.35494000"
   },
   {
      "name": "Meadow Glade",
      "countryCode": "US",
      "stateCode": "WA",
      "latitude": "45.75845000",
      "longitude": "-122.56038000"
   },
   {
      "name": "Meadowdale",
      "countryCode": "US",
      "stateCode": "WA",
      "latitude": "47.85287000",
      "longitude": "-122.33347000"
   },
   {
      "name": "Medical Lake",
      "countryCode": "US",
      "stateCode": "WA",
      "latitude": "47.57294000",
      "longitude": "-117.68216000"
   },
   {
      "name": "Medina",
      "countryCode": "US",
      "stateCode": "WA",
      "latitude": "47.62093000",
      "longitude": "-122.22762000"
   },
   {
      "name": "Mercer Island",
      "countryCode": "US",
      "stateCode": "WA",
      "latitude": "47.57065000",
      "longitude": "-122.22207000"
   },
   {
      "name": "Midland",
      "countryCode": "US",
      "stateCode": "WA",
      "latitude": "47.16704000",
      "longitude": "-122.40484000"
   },
   {
      "name": "Mill Creek",
      "countryCode": "US",
      "stateCode": "WA",
      "latitude": "47.86010000",
      "longitude": "-122.20430000"
   },
   {
      "name": "Mill Creek East",
      "countryCode": "US",
      "stateCode": "WA",
      "latitude": "47.83602000",
      "longitude": "-122.18766000"
   },
   {
      "name": "Mill Plain",
      "countryCode": "US",
      "stateCode": "WA",
      "latitude": "45.64290000",
      "longitude": "-122.49398000"
   },
   {
      "name": "Millwood",
      "countryCode": "US",
      "stateCode": "WA",
      "latitude": "47.68128000",
      "longitude": "-117.28271000"
   },
   {
      "name": "Milton",
      "countryCode": "US",
      "stateCode": "WA",
      "latitude": "47.24816000",
      "longitude": "-122.31290000"
   },
   {
      "name": "Minnehaha",
      "countryCode": "US",
      "stateCode": "WA",
      "latitude": "45.65901000",
      "longitude": "-122.64871000"
   },
   {
      "name": "Mirrormont",
      "countryCode": "US",
      "stateCode": "WA",
      "latitude": "47.46232000",
      "longitude": "-121.99567000"
   },
   {
      "name": "Monroe",
      "countryCode": "US",
      "stateCode": "WA",
      "latitude": "47.85538000",
      "longitude": "-121.97096000"
   },
   {
      "name": "Monroe North",
      "countryCode": "US",
      "stateCode": "WA",
      "latitude": "47.88225000",
      "longitude": "-121.98729000"
   },
   {
      "name": "Montesano",
      "countryCode": "US",
      "stateCode": "WA",
      "latitude": "46.98121000",
      "longitude": "-123.60266000"
   },
   {
      "name": "Morton",
      "countryCode": "US",
      "stateCode": "WA",
      "latitude": "46.55844000",
      "longitude": "-122.27510000"
   },
   {
      "name": "Moses Lake",
      "countryCode": "US",
      "stateCode": "WA",
      "latitude": "47.13014000",
      "longitude": "-119.27808000"
   },
   {
      "name": "Moses Lake North",
      "countryCode": "US",
      "stateCode": "WA",
      "latitude": "47.19433000",
      "longitude": "-119.31719000"
   },
   {
      "name": "Mount Vernon",
      "countryCode": "US",
      "stateCode": "WA",
      "latitude": "48.42122000",
      "longitude": "-122.33405000"
   },
   {
      "name": "Mount Vista",
      "countryCode": "US",
      "stateCode": "WA",
      "latitude": "45.73428000",
      "longitude": "-122.63288000"
   },
   {
      "name": "Mountlake Terrace",
      "countryCode": "US",
      "stateCode": "WA",
      "latitude": "47.78815000",
      "longitude": "-122.30874000"
   },
   {
      "name": "Mukilteo",
      "countryCode": "US",
      "stateCode": "WA",
      "latitude": "47.94454000",
      "longitude": "-122.30458000"
   },
   {
      "name": "Napavine",
      "countryCode": "US",
      "stateCode": "WA",
      "latitude": "46.57455000",
      "longitude": "-122.90818000"
   },
   {
      "name": "Navy Yard City",
      "countryCode": "US",
      "stateCode": "WA",
      "latitude": "47.55343000",
      "longitude": "-122.66458000"
   },
   {
      "name": "Newcastle",
      "countryCode": "US",
      "stateCode": "WA",
      "latitude": "47.53899000",
      "longitude": "-122.15568000"
   },
   {
      "name": "Newport",
      "countryCode": "US",
      "stateCode": "WA",
      "latitude": "48.17963000",
      "longitude": "-117.04326000"
   },
   {
      "name": "Nooksack",
      "countryCode": "US",
      "stateCode": "WA",
      "latitude": "48.92762000",
      "longitude": "-122.32155000"
   },
   {
      "name": "Normandy Park",
      "countryCode": "US",
      "stateCode": "WA",
      "latitude": "47.43621000",
      "longitude": "-122.34068000"
   },
   {
      "name": "North Bend",
      "countryCode": "US",
      "stateCode": "WA",
      "latitude": "47.49566000",
      "longitude": "-121.78678000"
   },
   {
      "name": "North Creek",
      "countryCode": "US",
      "stateCode": "WA",
      "latitude": "47.81954000",
      "longitude": "-122.17624000"
   },
   {
      "name": "North Fort Lewis",
      "countryCode": "US",
      "stateCode": "WA",
      "latitude": "47.12131000",
      "longitude": "-122.59452000"
   },
   {
      "name": "North Puyallup",
      "countryCode": "US",
      "stateCode": "WA",
      "latitude": "47.20677000",
      "longitude": "-122.28234000"
   },
   {
      "name": "North Yelm",
      "countryCode": "US",
      "stateCode": "WA",
      "latitude": "46.96315000",
      "longitude": "-122.60290000"
   },
   {
      "name": "Oak Harbor",
      "countryCode": "US",
      "stateCode": "WA",
      "latitude": "48.29316000",
      "longitude": "-122.64322000"
   },
   {
      "name": "Ocean Park",
      "countryCode": "US",
      "stateCode": "WA",
      "latitude": "46.49177000",
      "longitude": "-124.05208000"
   },
   {
      "name": "Ocean Shores",
      "countryCode": "US",
      "stateCode": "WA",
      "latitude": "46.97370000",
      "longitude": "-124.15629000"
   },
   {
      "name": "Okanogan",
      "countryCode": "US",
      "stateCode": "WA",
      "latitude": "48.36126000",
      "longitude": "-119.58339000"
   },
   {
      "name": "Okanogan County",
      "countryCode": "US",
      "stateCode": "WA",
      "latitude": "48.54885000",
      "longitude": "-119.74079000"
   },
   {
      "name": "Olympia",
      "countryCode": "US",
      "stateCode": "WA",
      "latitude": "47.03787000",
      "longitude": "-122.90070000"
   },
   {
      "name": "Omak",
      "countryCode": "US",
      "stateCode": "WA",
      "latitude": "48.41099000",
      "longitude": "-119.52755000"
   },
   {
      "name": "Opportunity",
      "countryCode": "US",
      "stateCode": "WA",
      "latitude": "47.64995000",
      "longitude": "-117.23991000"
   },
   {
      "name": "Orchards",
      "countryCode": "US",
      "stateCode": "WA",
      "latitude": "45.66651000",
      "longitude": "-122.56093000"
   },
   {
      "name": "Oroville",
      "countryCode": "US",
      "stateCode": "WA",
      "latitude": "48.93905000",
      "longitude": "-119.43562000"
   },
   {
      "name": "Orting",
      "countryCode": "US",
      "stateCode": "WA",
      "latitude": "47.09788000",
      "longitude": "-122.20428000"
   },
   {
      "name": "Othello",
      "countryCode": "US",
      "stateCode": "WA",
      "latitude": "46.82597000",
      "longitude": "-119.17529000"
   },
   {
      "name": "Otis Orchards-East Farms",
      "countryCode": "US",
      "stateCode": "WA",
      "latitude": "47.70988000",
      "longitude": "-117.07975000"
   },
   {
      "name": "Pacific",
      "countryCode": "US",
      "stateCode": "WA",
      "latitude": "47.26455000",
      "longitude": "-122.25012000"
   },
   {
      "name": "Pacific County",
      "countryCode": "US",
      "stateCode": "WA",
      "latitude": "46.55128000",
      "longitude": "-123.77886000"
   },
   {
      "name": "Palouse",
      "countryCode": "US",
      "stateCode": "WA",
      "latitude": "46.91017000",
      "longitude": "-117.07573000"
   },
   {
      "name": "Parkland",
      "countryCode": "US",
      "stateCode": "WA",
      "latitude": "47.15538000",
      "longitude": "-122.43401000"
   },
   {
      "name": "Parkwood",
      "countryCode": "US",
      "stateCode": "WA",
      "latitude": "47.53315000",
      "longitude": "-122.61014000"
   },
   {
      "name": "Pasco",
      "countryCode": "US",
      "stateCode": "WA",
      "latitude": "46.23958000",
      "longitude": "-119.10057000"
   },
   {
      "name": "Peaceful Valley",
      "countryCode": "US",
      "stateCode": "WA",
      "latitude": "48.93815000",
      "longitude": "-122.14733000"
   },
   {
      "name": "Pend Oreille County",
      "countryCode": "US",
      "stateCode": "WA",
      "latitude": "48.53230000",
      "longitude": "-117.27397000"
   },
   {
      "name": "Picnic Point",
      "countryCode": "US",
      "stateCode": "WA",
      "latitude": "47.88111000",
      "longitude": "-122.32840000"
   },
   {
      "name": "Picnic Point-North Lynnwood",
      "countryCode": "US",
      "stateCode": "WA",
      "latitude": "47.86278000",
      "longitude": "-122.29497000"
   },
   {
      "name": "Pierce County",
      "countryCode": "US",
      "stateCode": "WA",
      "latitude": "47.03764000",
      "longitude": "-122.13735000"
   },
   {
      "name": "Point Roberts",
      "countryCode": "US",
      "stateCode": "WA",
      "latitude": "48.98538000",
      "longitude": "-123.07797000"
   },
   {
      "name": "Pomeroy",
      "countryCode": "US",
      "stateCode": "WA",
      "latitude": "46.47487000",
      "longitude": "-117.60269000"
   },
   {
      "name": "Port Angeles",
      "countryCode": "US",
      "stateCode": "WA",
      "latitude": "48.11815000",
      "longitude": "-123.43074000"
   },
   {
      "name": "Port Angeles East",
      "countryCode": "US",
      "stateCode": "WA",
      "latitude": "48.10667000",
      "longitude": "-123.37172000"
   },
   {
      "name": "Port Hadlock-Irondale",
      "countryCode": "US",
      "stateCode": "WA",
      "latitude": "48.03273000",
      "longitude": "-122.78529000"
   },
   {
      "name": "Port Ludlow",
      "countryCode": "US",
      "stateCode": "WA",
      "latitude": "47.92537000",
      "longitude": "-122.68349000"
   },
   {
      "name": "Port Orchard",
      "countryCode": "US",
      "stateCode": "WA",
      "latitude": "47.54037000",
      "longitude": "-122.63625000"
   },
   {
      "name": "Port Townsend",
      "countryCode": "US",
      "stateCode": "WA",
      "latitude": "48.11704000",
      "longitude": "-122.76045000"
   },
   {
      "name": "Poulsbo",
      "countryCode": "US",
      "stateCode": "WA",
      "latitude": "47.73593000",
      "longitude": "-122.64654000"
   },
   {
      "name": "Prairie Heights",
      "countryCode": "US",
      "stateCode": "WA",
      "latitude": "47.14933000",
      "longitude": "-122.10530000"
   },
   {
      "name": "Prairie Ridge",
      "countryCode": "US",
      "stateCode": "WA",
      "latitude": "47.13760000",
      "longitude": "-122.14873000"
   },
   {
      "name": "Prosser",
      "countryCode": "US",
      "stateCode": "WA",
      "latitude": "46.20680000",
      "longitude": "-119.76892000"
   },
   {
      "name": "Pullman",
      "countryCode": "US",
      "stateCode": "WA",
      "latitude": "46.73127000",
      "longitude": "-117.17962000"
   },
   {
      "name": "Purdy",
      "countryCode": "US",
      "stateCode": "WA",
      "latitude": "47.38899000",
      "longitude": "-122.62541000"
   },
   {
      "name": "Puyallup",
      "countryCode": "US",
      "stateCode": "WA",
      "latitude": "47.18538000",
      "longitude": "-122.29290000"
   },
   {
      "name": "Quincy",
      "countryCode": "US",
      "stateCode": "WA",
      "latitude": "47.23430000",
      "longitude": "-119.85255000"
   },
   {
      "name": "Rainier",
      "countryCode": "US",
      "stateCode": "WA",
      "latitude": "46.88815000",
      "longitude": "-122.68846000"
   },
   {
      "name": "Ravensdale",
      "countryCode": "US",
      "stateCode": "WA",
      "latitude": "47.35232000",
      "longitude": "-121.98373000"
   },
   {
      "name": "Raymond",
      "countryCode": "US",
      "stateCode": "WA",
      "latitude": "46.68649000",
      "longitude": "-123.73294000"
   },
   {
      "name": "Redmond",
      "countryCode": "US",
      "stateCode": "WA",
      "latitude": "47.67399000",
      "longitude": "-122.12151000"
   },
   {
      "name": "Renton",
      "countryCode": "US",
      "stateCode": "WA",
      "latitude": "47.48288000",
      "longitude": "-122.21707000"
   },
   {
      "name": "Republic",
      "countryCode": "US",
      "stateCode": "WA",
      "latitude": "48.64822000",
      "longitude": "-118.73781000"
   },
   {
      "name": "Richland",
      "countryCode": "US",
      "stateCode": "WA",
      "latitude": "46.28569000",
      "longitude": "-119.28446000"
   },
   {
      "name": "Ridgefield",
      "countryCode": "US",
      "stateCode": "WA",
      "latitude": "45.81511000",
      "longitude": "-122.74260000"
   },
   {
      "name": "Ritzville",
      "countryCode": "US",
      "stateCode": "WA",
      "latitude": "47.12755000",
      "longitude": "-118.37999000"
   },
   {
      "name": "Riverbend",
      "countryCode": "US",
      "stateCode": "WA",
      "latitude": "47.46649000",
      "longitude": "-121.75039000"
   },
   {
      "name": "Riverton",
      "countryCode": "US",
      "stateCode": "WA",
      "latitude": "47.48427000",
      "longitude": "-122.29457000"
   },
   {
      "name": "Rochester",
      "countryCode": "US",
      "stateCode": "WA",
      "latitude": "46.82177000",
      "longitude": "-123.09625000"
   },
   {
      "name": "Rocky Point",
      "countryCode": "US",
      "stateCode": "WA",
      "latitude": "47.59287000",
      "longitude": "-122.66848000"
   },
   {
      "name": "Rosedale",
      "countryCode": "US",
      "stateCode": "WA",
      "latitude": "47.33149000",
      "longitude": "-122.65235000"
   },
   {
      "name": "Royal City",
      "countryCode": "US",
      "stateCode": "WA",
      "latitude": "46.90097000",
      "longitude": "-119.63059000"
   },
   {
      "name": "Salmon Creek",
      "countryCode": "US",
      "stateCode": "WA",
      "latitude": "45.71067000",
      "longitude": "-122.64899000"
   },
   {
      "name": "Sammamish",
      "countryCode": "US",
      "stateCode": "WA",
      "latitude": "47.64177000",
      "longitude": "-122.08040000"
   },
   {
      "name": "San Juan County",
      "countryCode": "US",
      "stateCode": "WA",
      "latitude": "48.53116000",
      "longitude": "-123.02490000"
   },
   {
      "name": "SeaTac",
      "countryCode": "US",
      "stateCode": "WA",
      "latitude": "47.44846000",
      "longitude": "-122.29217000"
   },
   {
      "name": "Seabeck",
      "countryCode": "US",
      "stateCode": "WA",
      "latitude": "47.63954000",
      "longitude": "-122.82849000"
   },
   {
      "name": "Seattle",
      "countryCode": "US",
      "stateCode": "WA",
      "latitude": "47.60621000",
      "longitude": "-122.33207000"
   },
   {
      "name": "Sedro-Woolley",
      "countryCode": "US",
      "stateCode": "WA",
      "latitude": "48.50389000",
      "longitude": "-122.23611000"
   },
   {
      "name": "Selah",
      "countryCode": "US",
      "stateCode": "WA",
      "latitude": "46.65402000",
      "longitude": "-120.53007000"
   },
   {
      "name": "Sequim",
      "countryCode": "US",
      "stateCode": "WA",
      "latitude": "48.07963000",
      "longitude": "-123.10234000"
   },
   {
      "name": "Shelton",
      "countryCode": "US",
      "stateCode": "WA",
      "latitude": "47.21509000",
      "longitude": "-123.10071000"
   },
   {
      "name": "Shoreline",
      "countryCode": "US",
      "stateCode": "WA",
      "latitude": "47.75565000",
      "longitude": "-122.34152000"
   },
   {
      "name": "Silver Firs",
      "countryCode": "US",
      "stateCode": "WA",
      "latitude": "47.86602000",
      "longitude": "-122.15510000"
   },
   {
      "name": "Silverdale",
      "countryCode": "US",
      "stateCode": "WA",
      "latitude": "47.64454000",
      "longitude": "-122.69487000"
   },
   {
      "name": "Sisco Heights",
      "countryCode": "US",
      "stateCode": "WA",
      "latitude": "48.11538000",
      "longitude": "-122.09708000"
   },
   {
      "name": "Skagit County",
      "countryCode": "US",
      "stateCode": "WA",
      "latitude": "48.48215000",
      "longitude": "-121.80227000"
   },
   {
      "name": "Skamania County",
      "countryCode": "US",
      "stateCode": "WA",
      "latitude": "46.02276000",
      "longitude": "-121.91510000"
   },
   {
      "name": "Smokey Point",
      "countryCode": "US",
      "stateCode": "WA",
      "latitude": "48.15232000",
      "longitude": "-122.18264000"
   },
   {
      "name": "Snohomish",
      "countryCode": "US",
      "stateCode": "WA",
      "latitude": "47.91288000",
      "longitude": "-122.09818000"
   },
   {
      "name": "Snohomish County",
      "countryCode": "US",
      "stateCode": "WA",
      "latitude": "48.04602000",
      "longitude": "-121.72218000"
   },
   {
      "name": "Snoqualmie",
      "countryCode": "US",
      "stateCode": "WA",
      "latitude": "47.52871000",
      "longitude": "-121.82539000"
   },
   {
      "name": "Soap Lake",
      "countryCode": "US",
      "stateCode": "WA",
      "latitude": "47.38931000",
      "longitude": "-119.49059000"
   },
   {
      "name": "South Bend",
      "countryCode": "US",
      "stateCode": "WA",
      "latitude": "46.66315000",
      "longitude": "-123.80461000"
   },
   {
      "name": "South Hill",
      "countryCode": "US",
      "stateCode": "WA",
      "latitude": "47.14121000",
      "longitude": "-122.27012000"
   },
   {
      "name": "South Wenatchee",
      "countryCode": "US",
      "stateCode": "WA",
      "latitude": "47.39012000",
      "longitude": "-120.28958000"
   },
   {
      "name": "Southworth",
      "countryCode": "US",
      "stateCode": "WA",
      "latitude": "47.51204000",
      "longitude": "-122.50180000"
   },
   {
      "name": "Spanaway",
      "countryCode": "US",
      "stateCode": "WA",
      "latitude": "47.10399000",
      "longitude": "-122.43457000"
   },
   {
      "name": "Spokane",
      "countryCode": "US",
      "stateCode": "WA",
      "latitude": "47.65966000",
      "longitude": "-117.42908000"
   },
   {
      "name": "Spokane County",
      "countryCode": "US",
      "stateCode": "WA",
      "latitude": "47.62064000",
      "longitude": "-117.40401000"
   },
   {
      "name": "Spokane Valley",
      "countryCode": "US",
      "stateCode": "WA",
      "latitude": "47.67323000",
      "longitude": "-117.23937000"
   },
   {
      "name": "Stanwood",
      "countryCode": "US",
      "stateCode": "WA",
      "latitude": "48.24121000",
      "longitude": "-122.37071000"
   },
   {
      "name": "Steilacoom",
      "countryCode": "US",
      "stateCode": "WA",
      "latitude": "47.16982000",
      "longitude": "-122.60263000"
   },
   {
      "name": "Stevens County",
      "countryCode": "US",
      "stateCode": "WA",
      "latitude": "48.39906000",
      "longitude": "-117.85514000"
   },
   {
      "name": "Stevenson",
      "countryCode": "US",
      "stateCode": "WA",
      "latitude": "45.69567000",
      "longitude": "-121.88452000"
   },
   {
      "name": "Sudden Valley",
      "countryCode": "US",
      "stateCode": "WA",
      "latitude": "48.72289000",
      "longitude": "-122.34655000"
   },
   {
      "name": "Sultan",
      "countryCode": "US",
      "stateCode": "WA",
      "latitude": "47.86260000",
      "longitude": "-121.81651000"
   },
   {
      "name": "Sumas",
      "countryCode": "US",
      "stateCode": "WA",
      "latitude": "49.00012000",
      "longitude": "-122.26488000"
   },
   {
      "name": "Summit",
      "countryCode": "US",
      "stateCode": "WA",
      "latitude": "47.16177000",
      "longitude": "-122.35707000"
   },
   {
      "name": "Summit View",
      "countryCode": "US",
      "stateCode": "WA",
      "latitude": "47.13632000",
      "longitude": "-122.35202000"
   },
   {
      "name": "Sumner",
      "countryCode": "US",
      "stateCode": "WA",
      "latitude": "47.20316000",
      "longitude": "-122.24040000"
   },
   {
      "name": "Sunnyside",
      "countryCode": "US",
      "stateCode": "WA",
      "latitude": "46.32374000",
      "longitude": "-120.00865000"
   },
   {
      "name": "Sunnyslope",
      "countryCode": "US",
      "stateCode": "WA",
      "latitude": "47.47290000",
      "longitude": "-120.33674000"
   },
   {
      "name": "Suquamish",
      "countryCode": "US",
      "stateCode": "WA",
      "latitude": "47.73121000",
      "longitude": "-122.55236000"
   },
   {
      "name": "Tacoma",
      "countryCode": "US",
      "stateCode": "WA",
      "latitude": "47.25288000",
      "longitude": "-122.44429000"
   },
   {
      "name": "Tanglewilde",
      "countryCode": "US",
      "stateCode": "WA",
      "latitude": "47.05150000",
      "longitude": "-122.78241000"
   },
   {
      "name": "Tanglewilde-Thompson Place",
      "countryCode": "US",
      "stateCode": "WA",
      "latitude": "47.05116000",
      "longitude": "-122.78081000"
   },
   {
      "name": "Tanner",
      "countryCode": "US",
      "stateCode": "WA",
      "latitude": "47.47538000",
      "longitude": "-121.74622000"
   },
   {
      "name": "Tenino",
      "countryCode": "US",
      "stateCode": "WA",
      "latitude": "46.85677000",
      "longitude": "-122.85291000"
   },
   {
      "name": "Terrace Heights",
      "countryCode": "US",
      "stateCode": "WA",
      "latitude": "46.60624000",
      "longitude": "-120.43979000"
   },
   {
      "name": "Three Lakes",
      "countryCode": "US",
      "stateCode": "WA",
      "latitude": "47.94482000",
      "longitude": "-122.01152000"
   },
   {
      "name": "Thurston County",
      "countryCode": "US",
      "stateCode": "WA",
      "latitude": "46.92950000",
      "longitude": "-122.83208000"
   },
   {
      "name": "Tieton",
      "countryCode": "US",
      "stateCode": "WA",
      "latitude": "46.70207000",
      "longitude": "-120.75535000"
   },
   {
      "name": "Tonasket",
      "countryCode": "US",
      "stateCode": "WA",
      "latitude": "48.70515000",
      "longitude": "-119.43950000"
   },
   {
      "name": "Toppenish",
      "countryCode": "US",
      "stateCode": "WA",
      "latitude": "46.37735000",
      "longitude": "-120.30867000"
   },
   {
      "name": "Town and Country",
      "countryCode": "US",
      "stateCode": "WA",
      "latitude": "47.72739000",
      "longitude": "-117.42161000"
   },
   {
      "name": "Tracyton",
      "countryCode": "US",
      "stateCode": "WA",
      "latitude": "47.60898000",
      "longitude": "-122.65514000"
   },
   {
      "name": "Trentwood",
      "countryCode": "US",
      "stateCode": "WA",
      "latitude": "47.69656000",
      "longitude": "-117.21076000"
   },
   {
      "name": "Tukwila",
      "countryCode": "US",
      "stateCode": "WA",
      "latitude": "47.47399000",
      "longitude": "-122.26096000"
   },
   {
      "name": "Tulalip",
      "countryCode": "US",
      "stateCode": "WA",
      "latitude": "48.06843000",
      "longitude": "-122.29181000"
   },
   {
      "name": "Tulalip Bay",
      "countryCode": "US",
      "stateCode": "WA",
      "latitude": "48.03732000",
      "longitude": "-122.31014000"
   },
   {
      "name": "Tumwater",
      "countryCode": "US",
      "stateCode": "WA",
      "latitude": "47.00732000",
      "longitude": "-122.90931000"
   },
   {
      "name": "Union Gap",
      "countryCode": "US",
      "stateCode": "WA",
      "latitude": "46.55735000",
      "longitude": "-120.47506000"
   },
   {
      "name": "Union Hill-Novelty Hill",
      "countryCode": "US",
      "stateCode": "WA",
      "latitude": "47.67887000",
      "longitude": "-122.02833000"
   },
   {
      "name": "University Place",
      "countryCode": "US",
      "stateCode": "WA",
      "latitude": "47.23565000",
      "longitude": "-122.55040000"
   },
   {
      "name": "Vancouver",
      "countryCode": "US",
      "stateCode": "WA",
      "latitude": "45.63873000",
      "longitude": "-122.66149000"
   },
   {
      "name": "Vashon",
      "countryCode": "US",
      "stateCode": "WA",
      "latitude": "47.44732000",
      "longitude": "-122.45985000"
   },
   {
      "name": "Venersborg",
      "countryCode": "US",
      "stateCode": "WA",
      "latitude": "45.77373000",
      "longitude": "-122.42454000"
   },
   {
      "name": "Veradale",
      "countryCode": "US",
      "stateCode": "WA",
      "latitude": "47.64995000",
      "longitude": "-117.20738000"
   },
   {
      "name": "Wahkiakum County",
      "countryCode": "US",
      "stateCode": "WA",
      "latitude": "46.29125000",
      "longitude": "-123.43316000"
   },
   {
      "name": "Waitsburg",
      "countryCode": "US",
      "stateCode": "WA",
      "latitude": "46.27042000",
      "longitude": "-118.15329000"
   },
   {
      "name": "Walla Walla",
      "countryCode": "US",
      "stateCode": "WA",
      "latitude": "46.06458000",
      "longitude": "-118.34302000"
   },
   {
      "name": "Walla Walla County",
      "countryCode": "US",
      "stateCode": "WA",
      "latitude": "46.22980000",
      "longitude": "-118.47845000"
   },
   {
      "name": "Walla Walla East",
      "countryCode": "US",
      "stateCode": "WA",
      "latitude": "46.05184000",
      "longitude": "-118.30403000"
   },
   {
      "name": "Waller",
      "countryCode": "US",
      "stateCode": "WA",
      "latitude": "47.20066000",
      "longitude": "-122.36929000"
   },
   {
      "name": "Walnut Grove",
      "countryCode": "US",
      "stateCode": "WA",
      "latitude": "45.66789000",
      "longitude": "-122.59899000"
   },
   {
      "name": "Wapato",
      "countryCode": "US",
      "stateCode": "WA",
      "latitude": "46.44763000",
      "longitude": "-120.42034000"
   },
   {
      "name": "Warden",
      "countryCode": "US",
      "stateCode": "WA",
      "latitude": "46.96764000",
      "longitude": "-119.03973000"
   },
   {
      "name": "Warm Beach",
      "countryCode": "US",
      "stateCode": "WA",
      "latitude": "48.17065000",
      "longitude": "-122.36460000"
   },
   {
      "name": "Washougal",
      "countryCode": "US",
      "stateCode": "WA",
      "latitude": "45.58262000",
      "longitude": "-122.35342000"
   },
   {
      "name": "Waterville",
      "countryCode": "US",
      "stateCode": "WA",
      "latitude": "47.64708000",
      "longitude": "-120.07118000"
   },
   {
      "name": "Wauna",
      "countryCode": "US",
      "stateCode": "WA",
      "latitude": "47.37899000",
      "longitude": "-122.64263000"
   },
   {
      "name": "Wenatchee",
      "countryCode": "US",
      "stateCode": "WA",
      "latitude": "47.42346000",
      "longitude": "-120.31035000"
   },
   {
      "name": "West Clarkston-Highland",
      "countryCode": "US",
      "stateCode": "WA",
      "latitude": "46.40287000",
      "longitude": "-117.06395000"
   },
   {
      "name": "West Lake Sammamish",
      "countryCode": "US",
      "stateCode": "WA",
      "latitude": "47.57760000",
      "longitude": "-122.10123000"
   },
   {
      "name": "West Lake Stevens",
      "countryCode": "US",
      "stateCode": "WA",
      "latitude": "47.99343000",
      "longitude": "-122.10180000"
   },
   {
      "name": "West Longview",
      "countryCode": "US",
      "stateCode": "WA",
      "latitude": "46.16789000",
      "longitude": "-122.99900000"
   },
   {
      "name": "West Pasco",
      "countryCode": "US",
      "stateCode": "WA",
      "latitude": "46.24541000",
      "longitude": "-119.18279000"
   },
   {
      "name": "West Richland",
      "countryCode": "US",
      "stateCode": "WA",
      "latitude": "46.30430000",
      "longitude": "-119.36141000"
   },
   {
      "name": "West Side Highway",
      "countryCode": "US",
      "stateCode": "WA",
      "latitude": "46.18399000",
      "longitude": "-122.91715000"
   },
   {
      "name": "West Valley",
      "countryCode": "US",
      "stateCode": "WA",
      "latitude": "46.59207000",
      "longitude": "-120.60507000"
   },
   {
      "name": "West Wenatchee",
      "countryCode": "US",
      "stateCode": "WA",
      "latitude": "47.44374000",
      "longitude": "-120.35341000"
   },
   {
      "name": "Westport",
      "countryCode": "US",
      "stateCode": "WA",
      "latitude": "46.89009000",
      "longitude": "-124.10406000"
   },
   {
      "name": "Whatcom County",
      "countryCode": "US",
      "stateCode": "WA",
      "latitude": "48.82975000",
      "longitude": "-121.87283000"
   },
   {
      "name": "White Center",
      "countryCode": "US",
      "stateCode": "WA",
      "latitude": "47.51732000",
      "longitude": "-122.35485000"
   },
   {
      "name": "White Salmon",
      "countryCode": "US",
      "stateCode": "WA",
      "latitude": "45.72762000",
      "longitude": "-121.48646000"
   },
   {
      "name": "Whitman County",
      "countryCode": "US",
      "stateCode": "WA",
      "latitude": "46.90117000",
      "longitude": "-117.52299000"
   },
   {
      "name": "Wilderness Rim",
      "countryCode": "US",
      "stateCode": "WA",
      "latitude": "47.44697000",
      "longitude": "-121.76857000"
   },
   {
      "name": "Winlock",
      "countryCode": "US",
      "stateCode": "WA",
      "latitude": "46.49122000",
      "longitude": "-122.93790000"
   },
   {
      "name": "Wollochet",
      "countryCode": "US",
      "stateCode": "WA",
      "latitude": "47.26871000",
      "longitude": "-122.58402000"
   },
   {
      "name": "Woodinville",
      "countryCode": "US",
      "stateCode": "WA",
      "latitude": "47.75427000",
      "longitude": "-122.16346000"
   },
   {
      "name": "Woodland",
      "countryCode": "US",
      "stateCode": "WA",
      "latitude": "45.90456000",
      "longitude": "-122.74399000"
   },
   {
      "name": "Woods Creek",
      "countryCode": "US",
      "stateCode": "WA",
      "latitude": "47.87871000",
      "longitude": "-121.89846000"
   },
   {
      "name": "Woodway",
      "countryCode": "US",
      "stateCode": "WA",
      "latitude": "47.79621000",
      "longitude": "-122.38291000"
   },
   {
      "name": "Yacolt",
      "countryCode": "US",
      "stateCode": "WA",
      "latitude": "45.86595000",
      "longitude": "-122.40621000"
   },
   {
      "name": "Yakima",
      "countryCode": "US",
      "stateCode": "WA",
      "latitude": "46.60207000",
      "longitude": "-120.50590000"
   },
   {
      "name": "Yakima County",
      "countryCode": "US",
      "stateCode": "WA",
      "latitude": "46.45685000",
      "longitude": "-120.73870000"
   },
   {
      "name": "Yarrow Point",
      "countryCode": "US",
      "stateCode": "WA",
      "latitude": "47.64621000",
      "longitude": "-122.21735000"
   },
   {
      "name": "Yelm",
      "countryCode": "US",
      "stateCode": "WA",
      "latitude": "46.94204000",
      "longitude": "-122.60596000"
   },
   {
      "name": "Zillah",
      "countryCode": "US",
      "stateCode": "WA",
      "latitude": "46.40207000",
      "longitude": "-120.26200000"
   }
]