[
   {
      "name": "Altagracia",
      "countryCode": "NI",
      "stateCode": "RI",
      "latitude": "11.56615000",
      "longitude": "-85.57840000"
   },
   {
      "name": "Belén",
      "countryCode": "NI",
      "stateCode": "RI",
      "latitude": "11.50299000",
      "longitude": "-85.88935000"
   },
   {
      "name": "Buenos Aires",
      "countryCode": "NI",
      "stateCode": "RI",
      "latitude": "11.46916000",
      "longitude": "-85.81661000"
   },
   {
      "name": "Cárdenas",
      "countryCode": "NI",
      "stateCode": "RI",
      "latitude": "11.19639000",
      "longitude": "-85.50890000"
   },
   {
      "name": "Moyogalpa",
      "countryCode": "NI",
      "stateCode": "RI",
      "latitude": "11.54006000",
      "longitude": "-85.69795000"
   },
   {
      "name": "Municipio de Altagracia",
      "countryCode": "NI",
      "stateCode": "RI",
      "latitude": "11.47983000",
      "longitude": "-85.54166000"
   },
   {
      "name": "Municipio de Belén",
      "countryCode": "NI",
      "stateCode": "RI",
      "latitude": "11.57193000",
      "longitude": "-85.96316000"
   },
   {
      "name": "Municipio de Buenos Aires",
      "countryCode": "NI",
      "stateCode": "RI",
      "latitude": "11.51760000",
      "longitude": "-85.78333000"
   },
   {
      "name": "Municipio de Cárdenas",
      "countryCode": "NI",
      "stateCode": "RI",
      "latitude": "11.14912000",
      "longitude": "-85.42323000"
   },
   {
      "name": "Municipio de Moyogalpa",
      "countryCode": "NI",
      "stateCode": "RI",
      "latitude": "11.52632000",
      "longitude": "-85.67329000"
   },
   {
      "name": "Municipio de Potosí",
      "countryCode": "NI",
      "stateCode": "RI",
      "latitude": "11.57854000",
      "longitude": "-85.87764000"
   },
   {
      "name": "Municipio de Rivas",
      "countryCode": "NI",
      "stateCode": "RI",
      "latitude": "11.43931000",
      "longitude": "-85.82700000"
   },
   {
      "name": "Municipio de San Jorge",
      "countryCode": "NI",
      "stateCode": "RI",
      "latitude": "11.42703000",
      "longitude": "-85.78904000"
   },
   {
      "name": "Municipio de San Juan del Sur",
      "countryCode": "NI",
      "stateCode": "RI",
      "latitude": "11.22368000",
      "longitude": "-85.78289000"
   },
   {
      "name": "Municipio de Tola",
      "countryCode": "NI",
      "stateCode": "RI",
      "latitude": "11.46009000",
      "longitude": "-86.00789000"
   },
   {
      "name": "Potosí",
      "countryCode": "NI",
      "stateCode": "RI",
      "latitude": "11.49416000",
      "longitude": "-85.85680000"
   },
   {
      "name": "Rivas",
      "countryCode": "NI",
      "stateCode": "RI",
      "latitude": "11.43716000",
      "longitude": "-85.82632000"
   },
   {
      "name": "San Jorge",
      "countryCode": "NI",
      "stateCode": "RI",
      "latitude": "11.45584000",
      "longitude": "-85.80308000"
   },
   {
      "name": "San Juan del Sur",
      "countryCode": "NI",
      "stateCode": "RI",
      "latitude": "11.25292000",
      "longitude": "-85.87049000"
   },
   {
      "name": "Tola",
      "countryCode": "NI",
      "stateCode": "RI",
      "latitude": "11.43927000",
      "longitude": "-85.93891000"
   }
]