[
   {
      "name": "Aberfoyle Park",
      "countryCode": "AU",
      "stateCode": "SA"
   },
   {
      "name": "Adelaide",
      "countryCode": "AU",
      "stateCode": "SA"
   },
   {
      "name": "Adelaide Hills",
      "countryCode": "AU",
      "stateCode": "SA"
   },
   {
      "name": "Adelaide city centre",
      "countryCode": "AU",
      "stateCode": "SA"
   },
   {
      "name": "Albert Park",
      "countryCode": "AU",
      "stateCode": "SA"
   },
   {
      "name": "Alberton",
      "countryCode": "AU",
      "stateCode": "SA"
   },
   {
      "name": "Aldgate",
      "countryCode": "AU",
      "stateCode": "SA"
   },
   {
      "name": "Aldinga Beach",
      "countryCode": "AU",
      "stateCode": "SA"
   },
   {
      "name": "Alexandrina",
      "countryCode": "AU",
      "stateCode": "SA"
   },
   {
      "name": "Allenby Gardens",
      "countryCode": "AU",
      "stateCode": "SA"
   },
   {
      "name": "Anangu Pitjantjatjara",
      "countryCode": "AU",
      "stateCode": "SA"
   },
   {
      "name": "Andrews Farm",
      "countryCode": "AU",
      "stateCode": "SA"
   },
   {
      "name": "Angaston",
      "countryCode": "AU",
      "stateCode": "SA"
   },
   {
      "name": "Angle Park",
      "countryCode": "AU",
      "stateCode": "SA"
   },
   {
      "name": "Angle Vale",
      "countryCode": "AU",
      "stateCode": "SA"
   },
   {
      "name": "Ardrossan",
      "countryCode": "AU",
      "stateCode": "SA"
   },
   {
      "name": "Ascot Park",
      "countryCode": "AU",
      "stateCode": "SA"
   },
   {
      "name": "Ashford",
      "countryCode": "AU",
      "stateCode": "SA"
   },
   {
      "name": "Athelstone",
      "countryCode": "AU",
      "stateCode": "SA"
   },
   {
      "name": "Athol Park",
      "countryCode": "AU",
      "stateCode": "SA"
   },
   {
      "name": "Balaklava",
      "countryCode": "AU",
      "stateCode": "SA"
   },
   {
      "name": "Balhannah",
      "countryCode": "AU",
      "stateCode": "SA"
   },
   {
      "name": "Banksia Park",
      "countryCode": "AU",
      "stateCode": "SA"
   },
   {
      "name": "Barmera",
      "countryCode": "AU",
      "stateCode": "SA"
   },
   {
      "name": "Barossa",
      "countryCode": "AU",
      "stateCode": "SA"
   },
   {
      "name": "Barunga West",
      "countryCode": "AU",
      "stateCode": "SA"
   },
   {
      "name": "Beaumont",
      "countryCode": "AU",
      "stateCode": "SA"
   },
   {
      "name": "Bedford Park",
      "countryCode": "AU",
      "stateCode": "SA"
   },
   {
      "name": "Belair",
      "countryCode": "AU",
      "stateCode": "SA"
   },
   {
      "name": "Bellevue Heights",
      "countryCode": "AU",
      "stateCode": "SA"
   },
   {
      "name": "Berri",
      "countryCode": "AU",
      "stateCode": "SA"
   },
   {
      "name": "Berri and Barmera",
      "countryCode": "AU",
      "stateCode": "SA"
   },
   {
      "name": "Beulah Park",
      "countryCode": "AU",
      "stateCode": "SA"
   },
   {
      "name": "Beverley",
      "countryCode": "AU",
      "stateCode": "SA"
   },
   {
      "name": "Birdwood",
      "countryCode": "AU",
      "stateCode": "SA"
   },
   {
      "name": "Birkenhead",
      "countryCode": "AU",
      "stateCode": "SA"
   },
   {
      "name": "Black Forest",
      "countryCode": "AU",
      "stateCode": "SA"
   },
   {
      "name": "Blackwood",
      "countryCode": "AU",
      "stateCode": "SA"
   },
   {
      "name": "Blair Athol",
      "countryCode": "AU",
      "stateCode": "SA"
   },
   {
      "name": "Blakeview",
      "countryCode": "AU",
      "stateCode": "SA"
   },
   {
      "name": "Bordertown",
      "countryCode": "AU",
      "stateCode": "SA"
   },
   {
      "name": "Brahma Lodge",
      "countryCode": "AU",
      "stateCode": "SA"
   },
   {
      "name": "Bridgewater",
      "countryCode": "AU",
      "stateCode": "SA"
   },
   {
      "name": "Brighton",
      "countryCode": "AU",
      "stateCode": "SA"
   },
   {
      "name": "Broadview",
      "countryCode": "AU",
      "stateCode": "SA"
   },
   {
      "name": "Brompton",
      "countryCode": "AU",
      "stateCode": "SA"
   },
   {
      "name": "Brooklyn Park",
      "countryCode": "AU",
      "stateCode": "SA"
   },
   {
      "name": "Burnside",
      "countryCode": "AU",
      "stateCode": "SA"
   },
   {
      "name": "Burra",
      "countryCode": "AU",
      "stateCode": "SA"
   },
   {
      "name": "Burton",
      "countryCode": "AU",
      "stateCode": "SA"
   },
   {
      "name": "Camden Park",
      "countryCode": "AU",
      "stateCode": "SA"
   },
   {
      "name": "Campbelltown",
      "countryCode": "AU",
      "stateCode": "SA"
   },
   {
      "name": "Ceduna",
      "countryCode": "AU",
      "stateCode": "SA"
   },
   {
      "name": "Charles Sturt",
      "countryCode": "AU",
      "stateCode": "SA"
   },
   {
      "name": "Cheltenham",
      "countryCode": "AU",
      "stateCode": "SA"
   },
   {
      "name": "Christie Downs",
      "countryCode": "AU",
      "stateCode": "SA"
   },
   {
      "name": "Christies Beach",
      "countryCode": "AU",
      "stateCode": "SA"
   },
   {
      "name": "City of West Torrens",
      "countryCode": "AU",
      "stateCode": "SA"
   },
   {
      "name": "Clapham",
      "countryCode": "AU",
      "stateCode": "SA"
   },
   {
      "name": "Clare",
      "countryCode": "AU",
      "stateCode": "SA"
   },
   {
      "name": "Clare and Gilbert Valleys",
      "countryCode": "AU",
      "stateCode": "SA"
   },
   {
      "name": "Clarence Gardens",
      "countryCode": "AU",
      "stateCode": "SA"
   },
   {
      "name": "Clarence Park",
      "countryCode": "AU",
      "stateCode": "SA"
   },
   {
      "name": "Clearview",
      "countryCode": "AU",
      "stateCode": "SA"
   },
   {
      "name": "Cleve",
      "countryCode": "AU",
      "stateCode": "SA"
   },
   {
      "name": "Clovelly Park",
      "countryCode": "AU",
      "stateCode": "SA"
   },
   {
      "name": "Collinswood",
      "countryCode": "AU",
      "stateCode": "SA"
   },
   {
      "name": "Colonel Light Gardens",
      "countryCode": "AU",
      "stateCode": "SA"
   },
   {
      "name": "Coober Pedy",
      "countryCode": "AU",
      "stateCode": "SA"
   },
   {
      "name": "Copper Coast",
      "countryCode": "AU",
      "stateCode": "SA"
   },
   {
      "name": "Coromandel Valley",
      "countryCode": "AU",
      "stateCode": "SA"
   },
   {
      "name": "Cowandilla",
      "countryCode": "AU",
      "stateCode": "SA"
   },
   {
      "name": "Cowell",
      "countryCode": "AU",
      "stateCode": "SA"
   },
   {
      "name": "Crafers",
      "countryCode": "AU",
      "stateCode": "SA"
   },
   {
      "name": "Crafers West",
      "countryCode": "AU",
      "stateCode": "SA"
   },
   {
      "name": "Craigburn Farm",
      "countryCode": "AU",
      "stateCode": "SA"
   },
   {
      "name": "Craigmore",
      "countryCode": "AU",
      "stateCode": "SA"
   },
   {
      "name": "Croydon Park",
      "countryCode": "AU",
      "stateCode": "SA"
   },
   {
      "name": "Crystal Brook",
      "countryCode": "AU",
      "stateCode": "SA"
   },
   {
      "name": "Cumberland Park",
      "countryCode": "AU",
      "stateCode": "SA"
   },
   {
      "name": "Darlington",
      "countryCode": "AU",
      "stateCode": "SA"
   },
   {
      "name": "Davoren Park",
      "countryCode": "AU",
      "stateCode": "SA"
   },
   {
      "name": "Daw Park",
      "countryCode": "AU",
      "stateCode": "SA"
   },
   {
      "name": "Dernancourt",
      "countryCode": "AU",
      "stateCode": "SA"
   },
   {
      "name": "Dover Gardens",
      "countryCode": "AU",
      "stateCode": "SA"
   },
   {
      "name": "Dulwich",
      "countryCode": "AU",
      "stateCode": "SA"
   },
   {
      "name": "Echunga",
      "countryCode": "AU",
      "stateCode": "SA"
   },
   {
      "name": "Eden Hills",
      "countryCode": "AU",
      "stateCode": "SA"
   },
   {
      "name": "Edwardstown",
      "countryCode": "AU",
      "stateCode": "SA"
   },
   {
      "name": "Elizabeth Downs",
      "countryCode": "AU",
      "stateCode": "SA"
   },
   {
      "name": "Elizabeth East",
      "countryCode": "AU",
      "stateCode": "SA"
   },
   {
      "name": "Elizabeth Grove",
      "countryCode": "AU",
      "stateCode": "SA"
   },
   {
      "name": "Elizabeth North",
      "countryCode": "AU",
      "stateCode": "SA"
   },
   {
      "name": "Elizabeth Park",
      "countryCode": "AU",
      "stateCode": "SA"
   },
   {
      "name": "Elizabeth South",
      "countryCode": "AU",
      "stateCode": "SA"
   },
   {
      "name": "Elizabeth Vale",
      "countryCode": "AU",
      "stateCode": "SA"
   },
   {
      "name": "Elliston",
      "countryCode": "AU",
      "stateCode": "SA"
   },
   {
      "name": "Encounter Bay",
      "countryCode": "AU",
      "stateCode": "SA"
   },
   {
      "name": "Enfield",
      "countryCode": "AU",
      "stateCode": "SA"
   },
   {
      "name": "Erindale",
      "countryCode": "AU",
      "stateCode": "SA"
   },
   {
      "name": "Ethelton",
      "countryCode": "AU",
      "stateCode": "SA"
   },
   {
      "name": "Evandale",
      "countryCode": "AU",
      "stateCode": "SA"
   },
   {
      "name": "Evanston",
      "countryCode": "AU",
      "stateCode": "SA"
   },
   {
      "name": "Evanston Gardens",
      "countryCode": "AU",
      "stateCode": "SA"
   },
   {
      "name": "Evanston Park",
      "countryCode": "AU",
      "stateCode": "SA"
   },
   {
      "name": "Everard Park",
      "countryCode": "AU",
      "stateCode": "SA"
   },
   {
      "name": "Exeter",
      "countryCode": "AU",
      "stateCode": "SA"
   },
   {
      "name": "Fairview Park",
      "countryCode": "AU",
      "stateCode": "SA"
   },
   {
      "name": "Felixstow",
      "countryCode": "AU",
      "stateCode": "SA"
   },
   {
      "name": "Ferryden Park",
      "countryCode": "AU",
      "stateCode": "SA"
   },
   {
      "name": "Findon",
      "countryCode": "AU",
      "stateCode": "SA"
   },
   {
      "name": "Firle",
      "countryCode": "AU",
      "stateCode": "SA"
   },
   {
      "name": "Flagstaff Hill",
      "countryCode": "AU",
      "stateCode": "SA"
   },
   {
      "name": "Flinders Park",
      "countryCode": "AU",
      "stateCode": "SA"
   },
   {
      "name": "Flinders Ranges",
      "countryCode": "AU",
      "stateCode": "SA"
   },
   {
      "name": "Forestville",
      "countryCode": "AU",
      "stateCode": "SA"
   },
   {
      "name": "Franklin Harbour",
      "countryCode": "AU",
      "stateCode": "SA"
   },
   {
      "name": "Freeling",
      "countryCode": "AU",
      "stateCode": "SA"
   },
   {
      "name": "Fulham",
      "countryCode": "AU",
      "stateCode": "SA"
   },
   {
      "name": "Fulham Gardens",
      "countryCode": "AU",
      "stateCode": "SA"
   },
   {
      "name": "Fullarton",
      "countryCode": "AU",
      "stateCode": "SA"
   },
   {
      "name": "Gawler",
      "countryCode": "AU",
      "stateCode": "SA"
   },
   {
      "name": "Gawler East",
      "countryCode": "AU",
      "stateCode": "SA"
   },
   {
      "name": "Gawler South",
      "countryCode": "AU",
      "stateCode": "SA"
   },
   {
      "name": "Gilberton",
      "countryCode": "AU",
      "stateCode": "SA"
   },
   {
      "name": "Gilles Plains",
      "countryCode": "AU",
      "stateCode": "SA"
   },
   {
      "name": "Glandore",
      "countryCode": "AU",
      "stateCode": "SA"
   },
   {
      "name": "Glen Osmond",
      "countryCode": "AU",
      "stateCode": "SA"
   },
   {
      "name": "Glenalta",
      "countryCode": "AU",
      "stateCode": "SA"
   },
   {
      "name": "Glenelg",
      "countryCode": "AU",
      "stateCode": "SA"
   },
   {
      "name": "Glenelg East",
      "countryCode": "AU",
      "stateCode": "SA"
   },
   {
      "name": "Glenelg North",
      "countryCode": "AU",
      "stateCode": "SA"
   },
   {
      "name": "Glenelg South",
      "countryCode": "AU",
      "stateCode": "SA"
   },
   {
      "name": "Glengowrie",
      "countryCode": "AU",
      "stateCode": "SA"
   },
   {
      "name": "Glenside",
      "countryCode": "AU",
      "stateCode": "SA"
   },
   {
      "name": "Glenunga",
      "countryCode": "AU",
      "stateCode": "SA"
   },
   {
      "name": "Glynde",
      "countryCode": "AU",
      "stateCode": "SA"
   },
   {
      "name": "Golden Grove",
      "countryCode": "AU",
      "stateCode": "SA"
   },
   {
      "name": "Goodwood",
      "countryCode": "AU",
      "stateCode": "SA"
   },
   {
      "name": "Goolwa",
      "countryCode": "AU",
      "stateCode": "SA"
   },
   {
      "name": "Goolwa Beach",
      "countryCode": "AU",
      "stateCode": "SA"
   },
   {
      "name": "Goyder",
      "countryCode": "AU",
      "stateCode": "SA"
   },
   {
      "name": "Grange",
      "countryCode": "AU",
      "stateCode": "SA"
   },
   {
      "name": "Grant",
      "countryCode": "AU",
      "stateCode": "SA"
   },
   {
      "name": "Greenacres",
      "countryCode": "AU",
      "stateCode": "SA"
   },
   {
      "name": "Greenock",
      "countryCode": "AU",
      "stateCode": "SA"
   },
   {
      "name": "Greenwith",
      "countryCode": "AU",
      "stateCode": "SA"
   },
   {
      "name": "Gulfview Heights",
      "countryCode": "AU",
      "stateCode": "SA"
   },
   {
      "name": "Hackham",
      "countryCode": "AU",
      "stateCode": "SA"
   },
   {
      "name": "Hackham West",
      "countryCode": "AU",
      "stateCode": "SA"
   },
   {
      "name": "Hahndorf",
      "countryCode": "AU",
      "stateCode": "SA"
   },
   {
      "name": "Hallett Cove",
      "countryCode": "AU",
      "stateCode": "SA"
   },
   {
      "name": "Hampstead Gardens",
      "countryCode": "AU",
      "stateCode": "SA"
   },
   {
      "name": "Happy Valley",
      "countryCode": "AU",
      "stateCode": "SA"
   },
   {
      "name": "Hawthorn",
      "countryCode": "AU",
      "stateCode": "SA"
   },
   {
      "name": "Hawthorndene",
      "countryCode": "AU",
      "stateCode": "SA"
   },
   {
      "name": "Hayborough",
      "countryCode": "AU",
      "stateCode": "SA"
   },
   {
      "name": "Hazelwood Park",
      "countryCode": "AU",
      "stateCode": "SA"
   },
   {
      "name": "Hectorville",
      "countryCode": "AU",
      "stateCode": "SA"
   },
   {
      "name": "Henley Beach",
      "countryCode": "AU",
      "stateCode": "SA"
   },
   {
      "name": "Henley Beach South",
      "countryCode": "AU",
      "stateCode": "SA"
   },
   {
      "name": "Hewett",
      "countryCode": "AU",
      "stateCode": "SA"
   },
   {
      "name": "Highbury",
      "countryCode": "AU",
      "stateCode": "SA"
   },
   {
      "name": "Highgate",
      "countryCode": "AU",
      "stateCode": "SA"
   },
   {
      "name": "Hillbank",
      "countryCode": "AU",
      "stateCode": "SA"
   },
   {
      "name": "Hillcrest",
      "countryCode": "AU",
      "stateCode": "SA"
   },
   {
      "name": "Hindmarsh Island",
      "countryCode": "AU",
      "stateCode": "SA"
   },
   {
      "name": "Holden Hill",
      "countryCode": "AU",
      "stateCode": "SA"
   },
   {
      "name": "Holdfast Bay",
      "countryCode": "AU",
      "stateCode": "SA"
   },
   {
      "name": "Hope Valley",
      "countryCode": "AU",
      "stateCode": "SA"
   },
   {
      "name": "Hove",
      "countryCode": "AU",
      "stateCode": "SA"
   },
   {
      "name": "Huntfield Heights",
      "countryCode": "AU",
      "stateCode": "SA"
   },
   {
      "name": "Hyde Park",
      "countryCode": "AU",
      "stateCode": "SA"
   },
   {
      "name": "Ingle Farm",
      "countryCode": "AU",
      "stateCode": "SA"
   },
   {
      "name": "Jamestown",
      "countryCode": "AU",
      "stateCode": "SA"
   },
   {
      "name": "Joslin",
      "countryCode": "AU",
      "stateCode": "SA"
   },
   {
      "name": "Kadina",
      "countryCode": "AU",
      "stateCode": "SA"
   },
   {
      "name": "Kangaroo Island",
      "countryCode": "AU",
      "stateCode": "SA"
   },
   {
      "name": "Kapunda",
      "countryCode": "AU",
      "stateCode": "SA"
   },
   {
      "name": "Karoonda East Murray",
      "countryCode": "AU",
      "stateCode": "SA"
   },
   {
      "name": "Keith",
      "countryCode": "AU",
      "stateCode": "SA"
   },
   {
      "name": "Kensington Gardens",
      "countryCode": "AU",
      "stateCode": "SA"
   },
   {
      "name": "Kensington Park",
      "countryCode": "AU",
      "stateCode": "SA"
   },
   {
      "name": "Kent Town",
      "countryCode": "AU",
      "stateCode": "SA"
   },
   {
      "name": "Kersbrook",
      "countryCode": "AU",
      "stateCode": "SA"
   },
   {
      "name": "Kidman Park",
      "countryCode": "AU",
      "stateCode": "SA"
   },
   {
      "name": "Kilburn",
      "countryCode": "AU",
      "stateCode": "SA"
   },
   {
      "name": "Kilkenny",
      "countryCode": "AU",
      "stateCode": "SA"
   },
   {
      "name": "Kimba",
      "countryCode": "AU",
      "stateCode": "SA"
   },
   {
      "name": "Kingscote",
      "countryCode": "AU",
      "stateCode": "SA"
   },
   {
      "name": "Kingston",
      "countryCode": "AU",
      "stateCode": "SA"
   },
   {
      "name": "Kingston South East",
      "countryCode": "AU",
      "stateCode": "SA"
   },
   {
      "name": "Klemzig",
      "countryCode": "AU",
      "stateCode": "SA"
   },
   {
      "name": "Kurralta Park",
      "countryCode": "AU",
      "stateCode": "SA"
   },
   {
      "name": "Largs Bay",
      "countryCode": "AU",
      "stateCode": "SA"
   },
   {
      "name": "Largs North",
      "countryCode": "AU",
      "stateCode": "SA"
   },
   {
      "name": "Leabrook",
      "countryCode": "AU",
      "stateCode": "SA"
   },
   {
      "name": "Lewiston",
      "countryCode": "AU",
      "stateCode": "SA"
   },
   {
      "name": "Light",
      "countryCode": "AU",
      "stateCode": "SA"
   },
   {
      "name": "Linden Park",
      "countryCode": "AU",
      "stateCode": "SA"
   },
   {
      "name": "Little Hampton",
      "countryCode": "AU",
      "stateCode": "SA"
   },
   {
      "name": "Lobethal",
      "countryCode": "AU",
      "stateCode": "SA"
   },
   {
      "name": "Lockleys",
      "countryCode": "AU",
      "stateCode": "SA"
   },
   {
      "name": "Lower Eyre Peninsula",
      "countryCode": "AU",
      "stateCode": "SA"
   },
   {
      "name": "Lower Mitcham",
      "countryCode": "AU",
      "stateCode": "SA"
   },
   {
      "name": "Loxton",
      "countryCode": "AU",
      "stateCode": "SA"
   },
   {
      "name": "Loxton Waikerie",
      "countryCode": "AU",
      "stateCode": "SA"
   },
   {
      "name": "Lyndoch",
      "countryCode": "AU",
      "stateCode": "SA"
   },
   {
      "name": "Macclesfield",
      "countryCode": "AU",
      "stateCode": "SA"
   },
   {
      "name": "Magill",
      "countryCode": "AU",
      "stateCode": "SA"
   },
   {
      "name": "Maitland",
      "countryCode": "AU",
      "stateCode": "SA"
   },
   {
      "name": "Mallala",
      "countryCode": "AU",
      "stateCode": "SA"
   },
   {
      "name": "Malvern",
      "countryCode": "AU",
      "stateCode": "SA"
   },
   {
      "name": "Manningham",
      "countryCode": "AU",
      "stateCode": "SA"
   },
   {
      "name": "Mannum",
      "countryCode": "AU",
      "stateCode": "SA"
   },
   {
      "name": "Mansfield Park",
      "countryCode": "AU",
      "stateCode": "SA"
   },
   {
      "name": "Maralinga Tjarutja",
      "countryCode": "AU",
      "stateCode": "SA"
   },
   {
      "name": "Marden",
      "countryCode": "AU",
      "stateCode": "SA"
   },
   {
      "name": "Marino",
      "countryCode": "AU",
      "stateCode": "SA"
   },
   {
      "name": "Marion",
      "countryCode": "AU",
      "stateCode": "SA"
   },
   {
      "name": "Marleston",
      "countryCode": "AU",
      "stateCode": "SA"
   },
   {
      "name": "Maslin Beach",
      "countryCode": "AU",
      "stateCode": "SA"
   },
   {
      "name": "Mawson Lakes",
      "countryCode": "AU",
      "stateCode": "SA"
   },
   {
      "name": "Maylands",
      "countryCode": "AU",
      "stateCode": "SA"
   },
   {
      "name": "McCracken",
      "countryCode": "AU",
      "stateCode": "SA"
   },
   {
      "name": "McLaren Flat",
      "countryCode": "AU",
      "stateCode": "SA"
   },
   {
      "name": "McLaren Vale",
      "countryCode": "AU",
      "stateCode": "SA"
   },
   {
      "name": "Meadows",
      "countryCode": "AU",
      "stateCode": "SA"
   },
   {
      "name": "Medindie",
      "countryCode": "AU",
      "stateCode": "SA"
   },
   {
      "name": "Melrose Park",
      "countryCode": "AU",
      "stateCode": "SA"
   },
   {
      "name": "Meningie",
      "countryCode": "AU",
      "stateCode": "SA"
   },
   {
      "name": "Mid Murray",
      "countryCode": "AU",
      "stateCode": "SA"
   },
   {
      "name": "Middleton",
      "countryCode": "AU",
      "stateCode": "SA"
   },
   {
      "name": "Mile End",
      "countryCode": "AU",
      "stateCode": "SA"
   },
   {
      "name": "Millicent",
      "countryCode": "AU",
      "stateCode": "SA"
   },
   {
      "name": "Millswood",
      "countryCode": "AU",
      "stateCode": "SA"
   },
   {
      "name": "Minlaton",
      "countryCode": "AU",
      "stateCode": "SA"
   },
   {
      "name": "Mitcham",
      "countryCode": "AU",
      "stateCode": "SA"
   },
   {
      "name": "Mitchell Park",
      "countryCode": "AU",
      "stateCode": "SA"
   },
   {
      "name": "Moana",
      "countryCode": "AU",
      "stateCode": "SA"
   },
   {
      "name": "Modbury",
      "countryCode": "AU",
      "stateCode": "SA"
   },
   {
      "name": "Modbury Heights",
      "countryCode": "AU",
      "stateCode": "SA"
   },
   {
      "name": "Modbury North",
      "countryCode": "AU",
      "stateCode": "SA"
   },
   {
      "name": "Monash",
      "countryCode": "AU",
      "stateCode": "SA"
   },
   {
      "name": "Moonta Bay",
      "countryCode": "AU",
      "stateCode": "SA"
   },
   {
      "name": "Moorak",
      "countryCode": "AU",
      "stateCode": "SA"
   },
   {
      "name": "Morphett Vale",
      "countryCode": "AU",
      "stateCode": "SA"
   },
   {
      "name": "Morphettville",
      "countryCode": "AU",
      "stateCode": "SA"
   },
   {
      "name": "Mount Barker",
      "countryCode": "AU",
      "stateCode": "SA"
   },
   {
      "name": "Mount Compass",
      "countryCode": "AU",
      "stateCode": "SA"
   },
   {
      "name": "Mount Gambier",
      "countryCode": "AU",
      "stateCode": "SA"
   },
   {
      "name": "Mount Remarkable",
      "countryCode": "AU",
      "stateCode": "SA"
   },
   {
      "name": "Munno Para",
      "countryCode": "AU",
      "stateCode": "SA"
   },
   {
      "name": "Munno Para West",
      "countryCode": "AU",
      "stateCode": "SA"
   },
   {
      "name": "Murray Bridge",
      "countryCode": "AU",
      "stateCode": "SA"
   },
   {
      "name": "Mylor",
      "countryCode": "AU",
      "stateCode": "SA"
   },
   {
      "name": "Myrtle Bank",
      "countryCode": "AU",
      "stateCode": "SA"
   },
   {
      "name": "Nailsworth",
      "countryCode": "AU",
      "stateCode": "SA"
   },
   {
      "name": "Nairne",
      "countryCode": "AU",
      "stateCode": "SA"
   },
   {
      "name": "Naracoorte",
      "countryCode": "AU",
      "stateCode": "SA"
   },
   {
      "name": "Naracoorte and Lucindale",
      "countryCode": "AU",
      "stateCode": "SA"
   },
   {
      "name": "Netherby",
      "countryCode": "AU",
      "stateCode": "SA"
   },
   {
      "name": "Netley",
      "countryCode": "AU",
      "stateCode": "SA"
   },
   {
      "name": "Newton",
      "countryCode": "AU",
      "stateCode": "SA"
   },
   {
      "name": "Noarlunga Downs",
      "countryCode": "AU",
      "stateCode": "SA"
   },
   {
      "name": "Normanville",
      "countryCode": "AU",
      "stateCode": "SA"
   },
   {
      "name": "North Adelaide",
      "countryCode": "AU",
      "stateCode": "SA"
   },
   {
      "name": "North Brighton",
      "countryCode": "AU",
      "stateCode": "SA"
   },
   {
      "name": "North Haven",
      "countryCode": "AU",
      "stateCode": "SA"
   },
   {
      "name": "North Plympton",
      "countryCode": "AU",
      "stateCode": "SA"
   },
   {
      "name": "Northern Areas",
      "countryCode": "AU",
      "stateCode": "SA"
   },
   {
      "name": "Northfield",
      "countryCode": "AU",
      "stateCode": "SA"
   },
   {
      "name": "Northgate",
      "countryCode": "AU",
      "stateCode": "SA"
   },
   {
      "name": "Norwood",
      "countryCode": "AU",
      "stateCode": "SA"
   },
   {
      "name": "Norwood Payneham St Peters",
      "countryCode": "AU",
      "stateCode": "SA"
   },
   {
      "name": "Novar Gardens",
      "countryCode": "AU",
      "stateCode": "SA"
   },
   {
      "name": "Nuriootpa",
      "countryCode": "AU",
      "stateCode": "SA"
   },
   {
      "name": "O'Sullivan Beach",
      "countryCode": "AU",
      "stateCode": "SA"
   },
   {
      "name": "Oakden",
      "countryCode": "AU",
      "stateCode": "SA"
   },
   {
      "name": "Oaklands Park",
      "countryCode": "AU",
      "stateCode": "SA"
   },
   {
      "name": "Old Noarlunga",
      "countryCode": "AU",
      "stateCode": "SA"
   },
   {
      "name": "Old Reynella",
      "countryCode": "AU",
      "stateCode": "SA"
   },
   {
      "name": "One Tree Hill",
      "countryCode": "AU",
      "stateCode": "SA"
   },
   {
      "name": "Onkaparinga",
      "countryCode": "AU",
      "stateCode": "SA"
   },
   {
      "name": "Onkaparinga Hills",
      "countryCode": "AU",
      "stateCode": "SA"
   },
   {
      "name": "Orroroo/Carrieton",
      "countryCode": "AU",
      "stateCode": "SA"
   },
   {
      "name": "Osborne",
      "countryCode": "AU",
      "stateCode": "SA"
   },
   {
      "name": "Ottoway",
      "countryCode": "AU",
      "stateCode": "SA"
   },
   {
      "name": "O’Halloran Hill",
      "countryCode": "AU",
      "stateCode": "SA"
   },
   {
      "name": "Panorama",
      "countryCode": "AU",
      "stateCode": "SA"
   },
   {
      "name": "Para Hills",
      "countryCode": "AU",
      "stateCode": "SA"
   },
   {
      "name": "Para Hills West",
      "countryCode": "AU",
      "stateCode": "SA"
   },
   {
      "name": "Para Vista",
      "countryCode": "AU",
      "stateCode": "SA"
   },
   {
      "name": "Paradise",
      "countryCode": "AU",
      "stateCode": "SA"
   },
   {
      "name": "Parafield Gardens",
      "countryCode": "AU",
      "stateCode": "SA"
   },
   {
      "name": "Paralowie",
      "countryCode": "AU",
      "stateCode": "SA"
   },
   {
      "name": "Paringa",
      "countryCode": "AU",
      "stateCode": "SA"
   },
   {
      "name": "Park Holme",
      "countryCode": "AU",
      "stateCode": "SA"
   },
   {
      "name": "Parkside",
      "countryCode": "AU",
      "stateCode": "SA"
   },
   {
      "name": "Pasadena",
      "countryCode": "AU",
      "stateCode": "SA"
   },
   {
      "name": "Payneham",
      "countryCode": "AU",
      "stateCode": "SA"
   },
   {
      "name": "Payneham South",
      "countryCode": "AU",
      "stateCode": "SA"
   },
   {
      "name": "Pennington",
      "countryCode": "AU",
      "stateCode": "SA"
   },
   {
      "name": "Penola",
      "countryCode": "AU",
      "stateCode": "SA"
   },
   {
      "name": "Peterborough",
      "countryCode": "AU",
      "stateCode": "SA"
   },
   {
      "name": "Peterhead",
      "countryCode": "AU",
      "stateCode": "SA"
   },
   {
      "name": "Playford",
      "countryCode": "AU",
      "stateCode": "SA"
   },
   {
      "name": "Plympton",
      "countryCode": "AU",
      "stateCode": "SA"
   },
   {
      "name": "Plympton Park",
      "countryCode": "AU",
      "stateCode": "SA"
   },
   {
      "name": "Pooraka",
      "countryCode": "AU",
      "stateCode": "SA"
   },
   {
      "name": "Port Adelaide",
      "countryCode": "AU",
      "stateCode": "SA"
   },
   {
      "name": "Port Adelaide Enfield",
      "countryCode": "AU",
      "stateCode": "SA"
   },
   {
      "name": "Port Augusta",
      "countryCode": "AU",
      "stateCode": "SA"
   },
   {
      "name": "Port Augusta West",
      "countryCode": "AU",
      "stateCode": "SA"
   },
   {
      "name": "Port Broughton",
      "countryCode": "AU",
      "stateCode": "SA"
   },
   {
      "name": "Port Elliot",
      "countryCode": "AU",
      "stateCode": "SA"
   },
   {
      "name": "Port Lincoln",
      "countryCode": "AU",
      "stateCode": "SA"
   },
   {
      "name": "Port Noarlunga",
      "countryCode": "AU",
      "stateCode": "SA"
   },
   {
      "name": "Port Noarlunga South",
      "countryCode": "AU",
      "stateCode": "SA"
   },
   {
      "name": "Port Pirie",
      "countryCode": "AU",
      "stateCode": "SA"
   },
   {
      "name": "Port Pirie City and Dists",
      "countryCode": "AU",
      "stateCode": "SA"
   },
   {
      "name": "Port Pirie South",
      "countryCode": "AU",
      "stateCode": "SA"
   },
   {
      "name": "Port Pirie West",
      "countryCode": "AU",
      "stateCode": "SA"
   },
   {
      "name": "Port Willunga",
      "countryCode": "AU",
      "stateCode": "SA"
   },
   {
      "name": "Prospect",
      "countryCode": "AU",
      "stateCode": "SA"
   },
   {
      "name": "Queenstown",
      "countryCode": "AU",
      "stateCode": "SA"
   },
   {
      "name": "Quorn",
      "countryCode": "AU",
      "stateCode": "SA"
   },
   {
      "name": "Redwood Park",
      "countryCode": "AU",
      "stateCode": "SA"
   },
   {
      "name": "Renmark",
      "countryCode": "AU",
      "stateCode": "SA"
   },
   {
      "name": "Renmark Paringa",
      "countryCode": "AU",
      "stateCode": "SA"
   },
   {
      "name": "Renmark West",
      "countryCode": "AU",
      "stateCode": "SA"
   },
   {
      "name": "Renown Park",
      "countryCode": "AU",
      "stateCode": "SA"
   },
   {
      "name": "Reynella",
      "countryCode": "AU",
      "stateCode": "SA"
   },
   {
      "name": "Reynella East",
      "countryCode": "AU",
      "stateCode": "SA"
   },
   {
      "name": "Richmond",
      "countryCode": "AU",
      "stateCode": "SA"
   },
   {
      "name": "Ridgehaven",
      "countryCode": "AU",
      "stateCode": "SA"
   },
   {
      "name": "Ridleyton",
      "countryCode": "AU",
      "stateCode": "SA"
   },
   {
      "name": "Risdon Park",
      "countryCode": "AU",
      "stateCode": "SA"
   },
   {
      "name": "Risdon Park South",
      "countryCode": "AU",
      "stateCode": "SA"
   },
   {
      "name": "Robe",
      "countryCode": "AU",
      "stateCode": "SA"
   },
   {
      "name": "Rose Park",
      "countryCode": "AU",
      "stateCode": "SA"
   },
   {
      "name": "Rosewater",
      "countryCode": "AU",
      "stateCode": "SA"
   },
   {
      "name": "Rosslyn Park",
      "countryCode": "AU",
      "stateCode": "SA"
   },
   {
      "name": "Rostrevor",
      "countryCode": "AU",
      "stateCode": "SA"
   },
   {
      "name": "Roxby Downs",
      "countryCode": "AU",
      "stateCode": "SA"
   },
   {
      "name": "Royal Park",
      "countryCode": "AU",
      "stateCode": "SA"
   },
   {
      "name": "Royston Park",
      "countryCode": "AU",
      "stateCode": "SA"
   },
   {
      "name": "Salisbury",
      "countryCode": "AU",
      "stateCode": "SA"
   },
   {
      "name": "Salisbury Downs",
      "countryCode": "AU",
      "stateCode": "SA"
   },
   {
      "name": "Salisbury East",
      "countryCode": "AU",
      "stateCode": "SA"
   },
   {
      "name": "Salisbury Heights",
      "countryCode": "AU",
      "stateCode": "SA"
   },
   {
      "name": "Salisbury North",
      "countryCode": "AU",
      "stateCode": "SA"
   },
   {
      "name": "Salisbury Park",
      "countryCode": "AU",
      "stateCode": "SA"
   },
   {
      "name": "Salisbury Plain",
      "countryCode": "AU",
      "stateCode": "SA"
   },
   {
      "name": "Seacliff",
      "countryCode": "AU",
      "stateCode": "SA"
   },
   {
      "name": "Seacliff Park",
      "countryCode": "AU",
      "stateCode": "SA"
   },
   {
      "name": "Seacombe Gardens",
      "countryCode": "AU",
      "stateCode": "SA"
   },
   {
      "name": "Seacombe Heights",
      "countryCode": "AU",
      "stateCode": "SA"
   },
   {
      "name": "Seaford",
      "countryCode": "AU",
      "stateCode": "SA"
   },
   {
      "name": "Seaford Meadows",
      "countryCode": "AU",
      "stateCode": "SA"
   },
   {
      "name": "Seaford Rise",
      "countryCode": "AU",
      "stateCode": "SA"
   },
   {
      "name": "Seaton",
      "countryCode": "AU",
      "stateCode": "SA"
   },
   {
      "name": "Seaview Downs",
      "countryCode": "AU",
      "stateCode": "SA"
   },
   {
      "name": "Sefton Park",
      "countryCode": "AU",
      "stateCode": "SA"
   },
   {
      "name": "Sellicks Beach",
      "countryCode": "AU",
      "stateCode": "SA"
   },
   {
      "name": "Semaphore",
      "countryCode": "AU",
      "stateCode": "SA"
   },
   {
      "name": "Semaphore Park",
      "countryCode": "AU",
      "stateCode": "SA"
   },
   {
      "name": "Semaphore South",
      "countryCode": "AU",
      "stateCode": "SA"
   },
   {
      "name": "Sheidow Park",
      "countryCode": "AU",
      "stateCode": "SA"
   },
   {
      "name": "Smithfield",
      "countryCode": "AU",
      "stateCode": "SA"
   },
   {
      "name": "Smithfield Plains",
      "countryCode": "AU",
      "stateCode": "SA"
   },
   {
      "name": "Solomontown",
      "countryCode": "AU",
      "stateCode": "SA"
   },
   {
      "name": "Somerton Park",
      "countryCode": "AU",
      "stateCode": "SA"
   },
   {
      "name": "South Brighton",
      "countryCode": "AU",
      "stateCode": "SA"
   },
   {
      "name": "South Plympton",
      "countryCode": "AU",
      "stateCode": "SA"
   },
   {
      "name": "Southern Mallee",
      "countryCode": "AU",
      "stateCode": "SA"
   },
   {
      "name": "St Agnes",
      "countryCode": "AU",
      "stateCode": "SA"
   },
   {
      "name": "St Georges",
      "countryCode": "AU",
      "stateCode": "SA"
   },
   {
      "name": "St Marys",
      "countryCode": "AU",
      "stateCode": "SA"
   },
   {
      "name": "St Morris",
      "countryCode": "AU",
      "stateCode": "SA"
   },
   {
      "name": "St Peters",
      "countryCode": "AU",
      "stateCode": "SA"
   },
   {
      "name": "Stirling",
      "countryCode": "AU",
      "stateCode": "SA"
   },
   {
      "name": "Stirling North",
      "countryCode": "AU",
      "stateCode": "SA"
   },
   {
      "name": "Stonyfell",
      "countryCode": "AU",
      "stateCode": "SA"
   },
   {
      "name": "Strathalbyn",
      "countryCode": "AU",
      "stateCode": "SA"
   },
   {
      "name": "Streaky Bay",
      "countryCode": "AU",
      "stateCode": "SA"
   },
   {
      "name": "Sturt",
      "countryCode": "AU",
      "stateCode": "SA"
   },
   {
      "name": "Surrey Downs",
      "countryCode": "AU",
      "stateCode": "SA"
   },
   {
      "name": "Tailem Bend",
      "countryCode": "AU",
      "stateCode": "SA"
   },
   {
      "name": "Tanunda",
      "countryCode": "AU",
      "stateCode": "SA"
   },
   {
      "name": "Taperoo",
      "countryCode": "AU",
      "stateCode": "SA"
   },
   {
      "name": "Tatiara",
      "countryCode": "AU",
      "stateCode": "SA"
   },
   {
      "name": "Tea Tree Gully",
      "countryCode": "AU",
      "stateCode": "SA"
   },
   {
      "name": "Tennyson",
      "countryCode": "AU",
      "stateCode": "SA"
   },
   {
      "name": "The Coorong",
      "countryCode": "AU",
      "stateCode": "SA"
   },
   {
      "name": "Thebarton",
      "countryCode": "AU",
      "stateCode": "SA"
   },
   {
      "name": "Toorak Gardens",
      "countryCode": "AU",
      "stateCode": "SA"
   },
   {
      "name": "Torrens Park",
      "countryCode": "AU",
      "stateCode": "SA"
   },
   {
      "name": "Torrensville",
      "countryCode": "AU",
      "stateCode": "SA"
   },
   {
      "name": "Tranmere",
      "countryCode": "AU",
      "stateCode": "SA"
   },
   {
      "name": "Trinity Gardens",
      "countryCode": "AU",
      "stateCode": "SA"
   },
   {
      "name": "Trott Park",
      "countryCode": "AU",
      "stateCode": "SA"
   },
   {
      "name": "Tumby Bay",
      "countryCode": "AU",
      "stateCode": "SA"
   },
   {
      "name": "Tusmore",
      "countryCode": "AU",
      "stateCode": "SA"
   },
   {
      "name": "Two Wells",
      "countryCode": "AU",
      "stateCode": "SA"
   },
   {
      "name": "Underdale",
      "countryCode": "AU",
      "stateCode": "SA"
   },
   {
      "name": "Unley",
      "countryCode": "AU",
      "stateCode": "SA"
   },
   {
      "name": "Unley Park",
      "countryCode": "AU",
      "stateCode": "SA"
   },
   {
      "name": "Vale Park",
      "countryCode": "AU",
      "stateCode": "SA"
   },
   {
      "name": "Valley View",
      "countryCode": "AU",
      "stateCode": "SA"
   },
   {
      "name": "Victor Harbor",
      "countryCode": "AU",
      "stateCode": "SA"
   },
   {
      "name": "Virginia",
      "countryCode": "AU",
      "stateCode": "SA"
   },
   {
      "name": "Waikerie",
      "countryCode": "AU",
      "stateCode": "SA"
   },
   {
      "name": "Wakefield",
      "countryCode": "AU",
      "stateCode": "SA"
   },
   {
      "name": "Walkerville",
      "countryCode": "AU",
      "stateCode": "SA"
   },
   {
      "name": "Walkley Heights",
      "countryCode": "AU",
      "stateCode": "SA"
   },
   {
      "name": "Wallaroo",
      "countryCode": "AU",
      "stateCode": "SA"
   },
   {
      "name": "Warradale",
      "countryCode": "AU",
      "stateCode": "SA"
   },
   {
      "name": "Waterloo Corner",
      "countryCode": "AU",
      "stateCode": "SA"
   },
   {
      "name": "Wattle Park",
      "countryCode": "AU",
      "stateCode": "SA"
   },
   {
      "name": "Wattle Range",
      "countryCode": "AU",
      "stateCode": "SA"
   },
   {
      "name": "Wayville",
      "countryCode": "AU",
      "stateCode": "SA"
   },
   {
      "name": "West Beach",
      "countryCode": "AU",
      "stateCode": "SA"
   },
   {
      "name": "West Croydon",
      "countryCode": "AU",
      "stateCode": "SA"
   },
   {
      "name": "West Hindmarsh",
      "countryCode": "AU",
      "stateCode": "SA"
   },
   {
      "name": "West Lakes",
      "countryCode": "AU",
      "stateCode": "SA"
   },
   {
      "name": "West Lakes Shore",
      "countryCode": "AU",
      "stateCode": "SA"
   },
   {
      "name": "Westbourne Park",
      "countryCode": "AU",
      "stateCode": "SA"
   },
   {
      "name": "Whyalla",
      "countryCode": "AU",
      "stateCode": "SA"
   },
   {
      "name": "Whyalla Jenkins",
      "countryCode": "AU",
      "stateCode": "SA"
   },
   {
      "name": "Whyalla Norrie",
      "countryCode": "AU",
      "stateCode": "SA"
   },
   {
      "name": "Whyalla Playford",
      "countryCode": "AU",
      "stateCode": "SA"
   },
   {
      "name": "Whyalla Stuart",
      "countryCode": "AU",
      "stateCode": "SA"
   },
   {
      "name": "Willaston",
      "countryCode": "AU",
      "stateCode": "SA"
   },
   {
      "name": "Williamstown",
      "countryCode": "AU",
      "stateCode": "SA"
   },
   {
      "name": "Willunga",
      "countryCode": "AU",
      "stateCode": "SA"
   },
   {
      "name": "Windsor Gardens",
      "countryCode": "AU",
      "stateCode": "SA"
   },
   {
      "name": "Woodcroft",
      "countryCode": "AU",
      "stateCode": "SA"
   },
   {
      "name": "Woodside",
      "countryCode": "AU",
      "stateCode": "SA"
   },
   {
      "name": "Woodville",
      "countryCode": "AU",
      "stateCode": "SA"
   },
   {
      "name": "Woodville Gardens",
      "countryCode": "AU",
      "stateCode": "SA"
   },
   {
      "name": "Woodville North",
      "countryCode": "AU",
      "stateCode": "SA"
   },
   {
      "name": "Woodville Park",
      "countryCode": "AU",
      "stateCode": "SA"
   },
   {
      "name": "Woodville South",
      "countryCode": "AU",
      "stateCode": "SA"
   },
   {
      "name": "Woodville West",
      "countryCode": "AU",
      "stateCode": "SA"
   },
   {
      "name": "Wudinna",
      "countryCode": "AU",
      "stateCode": "SA"
   },
   {
      "name": "Wynn Vale",
      "countryCode": "AU",
      "stateCode": "SA"
   },
   {
      "name": "Yankalilla",
      "countryCode": "AU",
      "stateCode": "SA"
   },
   {
      "name": "Yorke Peninsula",
      "countryCode": "AU",
      "stateCode": "SA"
   }
]