[
   {
      "name": "Adamsville",
      "countryCode": "US",
      "stateCode": "TN",
      "latitude": "35.23591000",
      "longitude": "-88.39060000"
   },
   {
      "name": "Alamo",
      "countryCode": "US",
      "stateCode": "TN",
      "latitude": "35.78479000",
      "longitude": "-89.11729000"
   },
   {
      "name": "Alcoa",
      "countryCode": "US",
      "stateCode": "TN",
      "latitude": "35.78953000",
      "longitude": "-83.97379000"
   },
   {
      "name": "Algood",
      "countryCode": "US",
      "stateCode": "TN",
      "latitude": "36.19589000",
      "longitude": "-85.44858000"
   },
   {
      "name": "Altamont",
      "countryCode": "US",
      "stateCode": "TN",
      "latitude": "35.42952000",
      "longitude": "-85.72303000"
   },
   {
      "name": "Anderson County",
      "countryCode": "US",
      "stateCode": "TN",
      "latitude": "36.11844000",
      "longitude": "-84.19846000"
   },
   {
      "name": "Apison",
      "countryCode": "US",
      "stateCode": "TN",
      "latitude": "35.02396000",
      "longitude": "-85.02384000"
   },
   {
      "name": "Ardmore",
      "countryCode": "US",
      "stateCode": "TN",
      "latitude": "34.99203000",
      "longitude": "-86.84667000"
   },
   {
      "name": "Arlington",
      "countryCode": "US",
      "stateCode": "TN",
      "latitude": "35.29620000",
      "longitude": "-89.66147000"
   },
   {
      "name": "Ashland City",
      "countryCode": "US",
      "stateCode": "TN",
      "latitude": "36.27422000",
      "longitude": "-87.06417000"
   },
   {
      "name": "Athens",
      "countryCode": "US",
      "stateCode": "TN",
      "latitude": "35.44285000",
      "longitude": "-84.59299000"
   },
   {
      "name": "Atoka",
      "countryCode": "US",
      "stateCode": "TN",
      "latitude": "35.44119000",
      "longitude": "-89.77814000"
   },
   {
      "name": "Banner Hill",
      "countryCode": "US",
      "stateCode": "TN",
      "latitude": "36.13066000",
      "longitude": "-82.42458000"
   },
   {
      "name": "Bartlett",
      "countryCode": "US",
      "stateCode": "TN",
      "latitude": "35.20453000",
      "longitude": "-89.87398000"
   },
   {
      "name": "Baxter",
      "countryCode": "US",
      "stateCode": "TN",
      "latitude": "36.15367000",
      "longitude": "-85.64359000"
   },
   {
      "name": "Bean Station",
      "countryCode": "US",
      "stateCode": "TN",
      "latitude": "36.34370000",
      "longitude": "-83.28406000"
   },
   {
      "name": "Bedford County",
      "countryCode": "US",
      "stateCode": "TN",
      "latitude": "35.51380000",
      "longitude": "-86.45889000"
   },
   {
      "name": "Belle Meade",
      "countryCode": "US",
      "stateCode": "TN",
      "latitude": "36.09589000",
      "longitude": "-86.85694000"
   },
   {
      "name": "Bells",
      "countryCode": "US",
      "stateCode": "TN",
      "latitude": "35.71118000",
      "longitude": "-89.08756000"
   },
   {
      "name": "Benton",
      "countryCode": "US",
      "stateCode": "TN",
      "latitude": "35.17424000",
      "longitude": "-84.65355000"
   },
   {
      "name": "Benton County",
      "countryCode": "US",
      "stateCode": "TN",
      "latitude": "36.06978000",
      "longitude": "-88.06827000"
   },
   {
      "name": "Blaine",
      "countryCode": "US",
      "stateCode": "TN",
      "latitude": "36.15425000",
      "longitude": "-83.70407000"
   },
   {
      "name": "Bledsoe County",
      "countryCode": "US",
      "stateCode": "TN",
      "latitude": "35.59642000",
      "longitude": "-85.20516000"
   },
   {
      "name": "Bloomingdale",
      "countryCode": "US",
      "stateCode": "TN",
      "latitude": "36.58455000",
      "longitude": "-82.48932000"
   },
   {
      "name": "Blount County",
      "countryCode": "US",
      "stateCode": "TN",
      "latitude": "35.68724000",
      "longitude": "-83.92553000"
   },
   {
      "name": "Blountville",
      "countryCode": "US",
      "stateCode": "TN",
      "latitude": "36.53316000",
      "longitude": "-82.32681000"
   },
   {
      "name": "Bluff City",
      "countryCode": "US",
      "stateCode": "TN",
      "latitude": "36.47427000",
      "longitude": "-82.26097000"
   },
   {
      "name": "Bolivar",
      "countryCode": "US",
      "stateCode": "TN",
      "latitude": "35.25619000",
      "longitude": "-88.98784000"
   },
   {
      "name": "Bon Aqua Junction",
      "countryCode": "US",
      "stateCode": "TN",
      "latitude": "35.92784000",
      "longitude": "-87.31084000"
   },
   {
      "name": "Bradford",
      "countryCode": "US",
      "stateCode": "TN",
      "latitude": "36.07645000",
      "longitude": "-88.81006000"
   },
   {
      "name": "Bradley County",
      "countryCode": "US",
      "stateCode": "TN",
      "latitude": "35.15411000",
      "longitude": "-84.85960000"
   },
   {
      "name": "Brentwood",
      "countryCode": "US",
      "stateCode": "TN",
      "latitude": "36.03312000",
      "longitude": "-86.78278000"
   },
   {
      "name": "Brentwood Estates",
      "countryCode": "US",
      "stateCode": "TN",
      "latitude": "36.02506000",
      "longitude": "-86.77917000"
   },
   {
      "name": "Brighton",
      "countryCode": "US",
      "stateCode": "TN",
      "latitude": "35.48397000",
      "longitude": "-89.72508000"
   },
   {
      "name": "Bristol",
      "countryCode": "US",
      "stateCode": "TN",
      "latitude": "36.59511000",
      "longitude": "-82.18874000"
   },
   {
      "name": "Brownsville",
      "countryCode": "US",
      "stateCode": "TN",
      "latitude": "35.59397000",
      "longitude": "-89.26229000"
   },
   {
      "name": "Bruceton",
      "countryCode": "US",
      "stateCode": "TN",
      "latitude": "36.03812000",
      "longitude": "-88.24449000"
   },
   {
      "name": "Burns",
      "countryCode": "US",
      "stateCode": "TN",
      "latitude": "36.05339000",
      "longitude": "-87.31251000"
   },
   {
      "name": "Byrdstown",
      "countryCode": "US",
      "stateCode": "TN",
      "latitude": "36.57451000",
      "longitude": "-85.12884000"
   },
   {
      "name": "Camden",
      "countryCode": "US",
      "stateCode": "TN",
      "latitude": "36.05895000",
      "longitude": "-88.09782000"
   },
   {
      "name": "Campbell County",
      "countryCode": "US",
      "stateCode": "TN",
      "latitude": "36.40351000",
      "longitude": "-84.14938000"
   },
   {
      "name": "Cannon County",
      "countryCode": "US",
      "stateCode": "TN",
      "latitude": "35.80868000",
      "longitude": "-86.06174000"
   },
   {
      "name": "Carroll County",
      "countryCode": "US",
      "stateCode": "TN",
      "latitude": "35.97317000",
      "longitude": "-88.45026000"
   },
   {
      "name": "Carter County",
      "countryCode": "US",
      "stateCode": "TN",
      "latitude": "36.29272000",
      "longitude": "-82.12743000"
   },
   {
      "name": "Carthage",
      "countryCode": "US",
      "stateCode": "TN",
      "latitude": "36.25228000",
      "longitude": "-85.95165000"
   },
   {
      "name": "Caryville",
      "countryCode": "US",
      "stateCode": "TN",
      "latitude": "36.29897000",
      "longitude": "-84.22326000"
   },
   {
      "name": "Celina",
      "countryCode": "US",
      "stateCode": "TN",
      "latitude": "36.55006000",
      "longitude": "-85.50525000"
   },
   {
      "name": "Centerville",
      "countryCode": "US",
      "stateCode": "TN",
      "latitude": "35.77896000",
      "longitude": "-87.46696000"
   },
   {
      "name": "Central",
      "countryCode": "US",
      "stateCode": "TN",
      "latitude": "36.32622000",
      "longitude": "-82.28958000"
   },
   {
      "name": "Chapel Hill",
      "countryCode": "US",
      "stateCode": "TN",
      "latitude": "35.62646000",
      "longitude": "-86.69333000"
   },
   {
      "name": "Charlotte",
      "countryCode": "US",
      "stateCode": "TN",
      "latitude": "36.17728000",
      "longitude": "-87.33973000"
   },
   {
      "name": "Chattanooga",
      "countryCode": "US",
      "stateCode": "TN",
      "latitude": "35.04563000",
      "longitude": "-85.30968000"
   },
   {
      "name": "Cheatham County",
      "countryCode": "US",
      "stateCode": "TN",
      "latitude": "36.26117000",
      "longitude": "-87.08678000"
   },
   {
      "name": "Chester County",
      "countryCode": "US",
      "stateCode": "TN",
      "latitude": "35.42175000",
      "longitude": "-88.61346000"
   },
   {
      "name": "Christiana",
      "countryCode": "US",
      "stateCode": "TN",
      "latitude": "35.71007000",
      "longitude": "-86.39944000"
   },
   {
      "name": "Church Hill",
      "countryCode": "US",
      "stateCode": "TN",
      "latitude": "36.52232000",
      "longitude": "-82.71349000"
   },
   {
      "name": "Claiborne County",
      "countryCode": "US",
      "stateCode": "TN",
      "latitude": "36.48585000",
      "longitude": "-83.66042000"
   },
   {
      "name": "Clarksville",
      "countryCode": "US",
      "stateCode": "TN",
      "latitude": "36.52977000",
      "longitude": "-87.35945000"
   },
   {
      "name": "Clay County",
      "countryCode": "US",
      "stateCode": "TN",
      "latitude": "36.55116000",
      "longitude": "-85.54386000"
   },
   {
      "name": "Cleveland",
      "countryCode": "US",
      "stateCode": "TN",
      "latitude": "35.15952000",
      "longitude": "-84.87661000"
   },
   {
      "name": "Clifton",
      "countryCode": "US",
      "stateCode": "TN",
      "latitude": "35.38702000",
      "longitude": "-87.99531000"
   },
   {
      "name": "Clinton",
      "countryCode": "US",
      "stateCode": "TN",
      "latitude": "36.10341000",
      "longitude": "-84.13186000"
   },
   {
      "name": "Coalfield",
      "countryCode": "US",
      "stateCode": "TN",
      "latitude": "36.02897000",
      "longitude": "-84.42076000"
   },
   {
      "name": "Cocke County",
      "countryCode": "US",
      "stateCode": "TN",
      "latitude": "35.92542000",
      "longitude": "-83.12116000"
   },
   {
      "name": "Coffee County",
      "countryCode": "US",
      "stateCode": "TN",
      "latitude": "35.49062000",
      "longitude": "-86.07476000"
   },
   {
      "name": "Collegedale",
      "countryCode": "US",
      "stateCode": "TN",
      "latitude": "35.05313000",
      "longitude": "-85.05023000"
   },
   {
      "name": "Collierville",
      "countryCode": "US",
      "stateCode": "TN",
      "latitude": "35.04204000",
      "longitude": "-89.66453000"
   },
   {
      "name": "Colonial Heights",
      "countryCode": "US",
      "stateCode": "TN",
      "latitude": "36.48510000",
      "longitude": "-82.50320000"
   },
   {
      "name": "Columbia",
      "countryCode": "US",
      "stateCode": "TN",
      "latitude": "35.61507000",
      "longitude": "-87.03528000"
   },
   {
      "name": "Condon",
      "countryCode": "US",
      "stateCode": "TN",
      "latitude": "36.18119000",
      "longitude": "-83.79380000"
   },
   {
      "name": "Cookeville",
      "countryCode": "US",
      "stateCode": "TN",
      "latitude": "36.16284000",
      "longitude": "-85.50164000"
   },
   {
      "name": "Coopertown",
      "countryCode": "US",
      "stateCode": "TN",
      "latitude": "36.43755000",
      "longitude": "-86.96722000"
   },
   {
      "name": "Cornersville",
      "countryCode": "US",
      "stateCode": "TN",
      "latitude": "35.36146000",
      "longitude": "-86.83972000"
   },
   {
      "name": "Covington",
      "countryCode": "US",
      "stateCode": "TN",
      "latitude": "35.56425000",
      "longitude": "-89.64647000"
   },
   {
      "name": "Cowan",
      "countryCode": "US",
      "stateCode": "TN",
      "latitude": "35.16453000",
      "longitude": "-86.01054000"
   },
   {
      "name": "Crockett County",
      "countryCode": "US",
      "stateCode": "TN",
      "latitude": "35.81354000",
      "longitude": "-89.13953000"
   },
   {
      "name": "Cross Plains",
      "countryCode": "US",
      "stateCode": "TN",
      "latitude": "36.54866000",
      "longitude": "-86.69611000"
   },
   {
      "name": "Crossville",
      "countryCode": "US",
      "stateCode": "TN",
      "latitude": "35.94896000",
      "longitude": "-85.02690000"
   },
   {
      "name": "Crump",
      "countryCode": "US",
      "stateCode": "TN",
      "latitude": "35.22175000",
      "longitude": "-88.31809000"
   },
   {
      "name": "Cumberland County",
      "countryCode": "US",
      "stateCode": "TN",
      "latitude": "35.95039000",
      "longitude": "-84.99835000"
   },
   {
      "name": "Dandridge",
      "countryCode": "US",
      "stateCode": "TN",
      "latitude": "36.01537000",
      "longitude": "-83.41489000"
   },
   {
      "name": "Davidson County",
      "countryCode": "US",
      "stateCode": "TN",
      "latitude": "36.17069000",
      "longitude": "-86.77753000"
   },
   {
      "name": "Dayton",
      "countryCode": "US",
      "stateCode": "TN",
      "latitude": "35.49396000",
      "longitude": "-85.01245000"
   },
   {
      "name": "DeKalb County",
      "countryCode": "US",
      "stateCode": "TN",
      "latitude": "35.97986000",
      "longitude": "-85.83275000"
   },
   {
      "name": "Decatur",
      "countryCode": "US",
      "stateCode": "TN",
      "latitude": "35.51479000",
      "longitude": "-84.79022000"
   },
   {
      "name": "Decatur County",
      "countryCode": "US",
      "stateCode": "TN",
      "latitude": "35.60302000",
      "longitude": "-88.10877000"
   },
   {
      "name": "Decaturville",
      "countryCode": "US",
      "stateCode": "TN",
      "latitude": "35.58424000",
      "longitude": "-88.11948000"
   },
   {
      "name": "Decherd",
      "countryCode": "US",
      "stateCode": "TN",
      "latitude": "35.20980000",
      "longitude": "-86.07943000"
   },
   {
      "name": "Dickson",
      "countryCode": "US",
      "stateCode": "TN",
      "latitude": "36.07700000",
      "longitude": "-87.38779000"
   },
   {
      "name": "Dickson County",
      "countryCode": "US",
      "stateCode": "TN",
      "latitude": "36.14905000",
      "longitude": "-87.35666000"
   },
   {
      "name": "Dodson Branch",
      "countryCode": "US",
      "stateCode": "TN",
      "latitude": "36.31256000",
      "longitude": "-85.53220000"
   },
   {
      "name": "Dover",
      "countryCode": "US",
      "stateCode": "TN",
      "latitude": "36.48783000",
      "longitude": "-87.83836000"
   },
   {
      "name": "Dresden",
      "countryCode": "US",
      "stateCode": "TN",
      "latitude": "36.29145000",
      "longitude": "-88.70811000"
   },
   {
      "name": "Dunlap",
      "countryCode": "US",
      "stateCode": "TN",
      "latitude": "35.37146000",
      "longitude": "-85.39052000"
   },
   {
      "name": "Dyer",
      "countryCode": "US",
      "stateCode": "TN",
      "latitude": "36.06673000",
      "longitude": "-88.99395000"
   },
   {
      "name": "Dyer County",
      "countryCode": "US",
      "stateCode": "TN",
      "latitude": "36.05906000",
      "longitude": "-89.41377000"
   },
   {
      "name": "Dyersburg",
      "countryCode": "US",
      "stateCode": "TN",
      "latitude": "36.03452000",
      "longitude": "-89.38563000"
   },
   {
      "name": "Eagleton Village",
      "countryCode": "US",
      "stateCode": "TN",
      "latitude": "35.79508000",
      "longitude": "-83.93185000"
   },
   {
      "name": "East Brainerd",
      "countryCode": "US",
      "stateCode": "TN",
      "latitude": "34.99591000",
      "longitude": "-85.15023000"
   },
   {
      "name": "East Chattanooga",
      "countryCode": "US",
      "stateCode": "TN",
      "latitude": "35.06535000",
      "longitude": "-85.24912000"
   },
   {
      "name": "East Cleveland",
      "countryCode": "US",
      "stateCode": "TN",
      "latitude": "35.16091000",
      "longitude": "-84.85772000"
   },
   {
      "name": "East Ridge",
      "countryCode": "US",
      "stateCode": "TN",
      "latitude": "35.01424000",
      "longitude": "-85.25190000"
   },
   {
      "name": "Elizabethton",
      "countryCode": "US",
      "stateCode": "TN",
      "latitude": "36.34872000",
      "longitude": "-82.21069000"
   },
   {
      "name": "Englewood",
      "countryCode": "US",
      "stateCode": "TN",
      "latitude": "35.42452000",
      "longitude": "-84.48743000"
   },
   {
      "name": "Erin",
      "countryCode": "US",
      "stateCode": "TN",
      "latitude": "36.31839000",
      "longitude": "-87.69474000"
   },
   {
      "name": "Erwin",
      "countryCode": "US",
      "stateCode": "TN",
      "latitude": "36.14511000",
      "longitude": "-82.41681000"
   },
   {
      "name": "Estill Springs",
      "countryCode": "US",
      "stateCode": "TN",
      "latitude": "35.27064000",
      "longitude": "-86.12804000"
   },
   {
      "name": "Etowah",
      "countryCode": "US",
      "stateCode": "TN",
      "latitude": "35.32341000",
      "longitude": "-84.52493000"
   },
   {
      "name": "Fairfield Glade",
      "countryCode": "US",
      "stateCode": "TN",
      "latitude": "36.00035000",
      "longitude": "-84.88634000"
   },
   {
      "name": "Fairmount",
      "countryCode": "US",
      "stateCode": "TN",
      "latitude": "35.18146000",
      "longitude": "-85.32357000"
   },
   {
      "name": "Fairview",
      "countryCode": "US",
      "stateCode": "TN",
      "latitude": "35.98201000",
      "longitude": "-87.12140000"
   },
   {
      "name": "Fall Branch",
      "countryCode": "US",
      "stateCode": "TN",
      "latitude": "36.41816000",
      "longitude": "-82.62376000"
   },
   {
      "name": "Falling Water",
      "countryCode": "US",
      "stateCode": "TN",
      "latitude": "35.20312000",
      "longitude": "-85.25357000"
   },
   {
      "name": "Farragut",
      "countryCode": "US",
      "stateCode": "TN",
      "latitude": "35.88452000",
      "longitude": "-84.15353000"
   },
   {
      "name": "Fayette County",
      "countryCode": "US",
      "stateCode": "TN",
      "latitude": "35.19708000",
      "longitude": "-89.41437000"
   },
   {
      "name": "Fayetteville",
      "countryCode": "US",
      "stateCode": "TN",
      "latitude": "35.15203000",
      "longitude": "-86.57055000"
   },
   {
      "name": "Fentress County",
      "countryCode": "US",
      "stateCode": "TN",
      "latitude": "36.38049000",
      "longitude": "-84.93246000"
   },
   {
      "name": "Fincastle",
      "countryCode": "US",
      "stateCode": "TN",
      "latitude": "36.40980000",
      "longitude": "-84.04770000"
   },
   {
      "name": "Forest Hills",
      "countryCode": "US",
      "stateCode": "TN",
      "latitude": "36.06839000",
      "longitude": "-86.84417000"
   },
   {
      "name": "Franklin",
      "countryCode": "US",
      "stateCode": "TN",
      "latitude": "35.92506000",
      "longitude": "-86.86889000"
   },
   {
      "name": "Franklin County",
      "countryCode": "US",
      "stateCode": "TN",
      "latitude": "35.15496000",
      "longitude": "-86.09218000"
   },
   {
      "name": "Gainesboro",
      "countryCode": "US",
      "stateCode": "TN",
      "latitude": "36.35561000",
      "longitude": "-85.65887000"
   },
   {
      "name": "Gallatin",
      "countryCode": "US",
      "stateCode": "TN",
      "latitude": "36.38838000",
      "longitude": "-86.44666000"
   },
   {
      "name": "Gatlinburg",
      "countryCode": "US",
      "stateCode": "TN",
      "latitude": "35.71453000",
      "longitude": "-83.51189000"
   },
   {
      "name": "Germantown",
      "countryCode": "US",
      "stateCode": "TN",
      "latitude": "35.08676000",
      "longitude": "-89.81009000"
   },
   {
      "name": "Gibson County",
      "countryCode": "US",
      "stateCode": "TN",
      "latitude": "35.99661000",
      "longitude": "-88.93262000"
   },
   {
      "name": "Giles County",
      "countryCode": "US",
      "stateCode": "TN",
      "latitude": "35.20215000",
      "longitude": "-87.03478000"
   },
   {
      "name": "Gleason",
      "countryCode": "US",
      "stateCode": "TN",
      "latitude": "36.21367000",
      "longitude": "-88.61255000"
   },
   {
      "name": "Goodlettsville",
      "countryCode": "US",
      "stateCode": "TN",
      "latitude": "36.32311000",
      "longitude": "-86.71333000"
   },
   {
      "name": "Gordonsville",
      "countryCode": "US",
      "stateCode": "TN",
      "latitude": "36.17256000",
      "longitude": "-85.92971000"
   },
   {
      "name": "Grainger County",
      "countryCode": "US",
      "stateCode": "TN",
      "latitude": "36.27625000",
      "longitude": "-83.50962000"
   },
   {
      "name": "Gray",
      "countryCode": "US",
      "stateCode": "TN",
      "latitude": "36.41983000",
      "longitude": "-82.47654000"
   },
   {
      "name": "Graysville",
      "countryCode": "US",
      "stateCode": "TN",
      "latitude": "35.44701000",
      "longitude": "-85.08440000"
   },
   {
      "name": "Green Hill",
      "countryCode": "US",
      "stateCode": "TN",
      "latitude": "36.22283000",
      "longitude": "-86.54944000"
   },
   {
      "name": "Greenback",
      "countryCode": "US",
      "stateCode": "TN",
      "latitude": "35.66119000",
      "longitude": "-84.17214000"
   },
   {
      "name": "Greenbrier",
      "countryCode": "US",
      "stateCode": "TN",
      "latitude": "36.42755000",
      "longitude": "-86.80472000"
   },
   {
      "name": "Greene County",
      "countryCode": "US",
      "stateCode": "TN",
      "latitude": "36.17536000",
      "longitude": "-82.84582000"
   },
   {
      "name": "Greeneville",
      "countryCode": "US",
      "stateCode": "TN",
      "latitude": "36.16316000",
      "longitude": "-82.83099000"
   },
   {
      "name": "Greenfield",
      "countryCode": "US",
      "stateCode": "TN",
      "latitude": "36.15340000",
      "longitude": "-88.80062000"
   },
   {
      "name": "Grimsley",
      "countryCode": "US",
      "stateCode": "TN",
      "latitude": "36.26701000",
      "longitude": "-84.98440000"
   },
   {
      "name": "Gruetli-Laager",
      "countryCode": "US",
      "stateCode": "TN",
      "latitude": "35.37230000",
      "longitude": "-85.61803000"
   },
   {
      "name": "Grundy County",
      "countryCode": "US",
      "stateCode": "TN",
      "latitude": "35.38837000",
      "longitude": "-85.72258000"
   },
   {
      "name": "Halls",
      "countryCode": "US",
      "stateCode": "TN",
      "latitude": "35.87563000",
      "longitude": "-89.39618000"
   },
   {
      "name": "Hamblen County",
      "countryCode": "US",
      "stateCode": "TN",
      "latitude": "36.21715000",
      "longitude": "-83.26666000"
   },
   {
      "name": "Hamilton County",
      "countryCode": "US",
      "stateCode": "TN",
      "latitude": "35.18086000",
      "longitude": "-85.16479000"
   },
   {
      "name": "Hancock County",
      "countryCode": "US",
      "stateCode": "TN",
      "latitude": "36.52365000",
      "longitude": "-83.22183000"
   },
   {
      "name": "Hardeman County",
      "countryCode": "US",
      "stateCode": "TN",
      "latitude": "35.20687000",
      "longitude": "-88.99308000"
   },
   {
      "name": "Hardin County",
      "countryCode": "US",
      "stateCode": "TN",
      "latitude": "35.19868000",
      "longitude": "-88.18448000"
   },
   {
      "name": "Harriman",
      "countryCode": "US",
      "stateCode": "TN",
      "latitude": "35.93396000",
      "longitude": "-84.55244000"
   },
   {
      "name": "Harrison",
      "countryCode": "US",
      "stateCode": "TN",
      "latitude": "35.11368000",
      "longitude": "-85.13801000"
   },
   {
      "name": "Harrogate",
      "countryCode": "US",
      "stateCode": "TN",
      "latitude": "36.58230000",
      "longitude": "-83.65686000"
   },
   {
      "name": "Hartsville",
      "countryCode": "US",
      "stateCode": "TN",
      "latitude": "36.39088000",
      "longitude": "-86.16721000"
   },
   {
      "name": "Hawkins County",
      "countryCode": "US",
      "stateCode": "TN",
      "latitude": "36.44117000",
      "longitude": "-82.94468000"
   },
   {
      "name": "Haywood County",
      "countryCode": "US",
      "stateCode": "TN",
      "latitude": "35.58322000",
      "longitude": "-89.28384000"
   },
   {
      "name": "Henderson",
      "countryCode": "US",
      "stateCode": "TN",
      "latitude": "35.43924000",
      "longitude": "-88.64144000"
   },
   {
      "name": "Henderson County",
      "countryCode": "US",
      "stateCode": "TN",
      "latitude": "35.65426000",
      "longitude": "-88.38799000"
   },
   {
      "name": "Hendersonville",
      "countryCode": "US",
      "stateCode": "TN",
      "latitude": "36.30477000",
      "longitude": "-86.62000000"
   },
   {
      "name": "Henry County",
      "countryCode": "US",
      "stateCode": "TN",
      "latitude": "36.33183000",
      "longitude": "-88.30122000"
   },
   {
      "name": "Hickman County",
      "countryCode": "US",
      "stateCode": "TN",
      "latitude": "35.80325000",
      "longitude": "-87.47331000"
   },
   {
      "name": "Hickory Withe",
      "countryCode": "US",
      "stateCode": "TN",
      "latitude": "35.24398000",
      "longitude": "-89.58869000"
   },
   {
      "name": "Hohenwald",
      "countryCode": "US",
      "stateCode": "TN",
      "latitude": "35.54785000",
      "longitude": "-87.55196000"
   },
   {
      "name": "Hopewell",
      "countryCode": "US",
      "stateCode": "TN",
      "latitude": "35.23479000",
      "longitude": "-84.88800000"
   },
   {
      "name": "Houston County",
      "countryCode": "US",
      "stateCode": "TN",
      "latitude": "36.28597000",
      "longitude": "-87.71704000"
   },
   {
      "name": "Humboldt",
      "countryCode": "US",
      "stateCode": "TN",
      "latitude": "35.81979000",
      "longitude": "-88.91590000"
   },
   {
      "name": "Humphreys County",
      "countryCode": "US",
      "stateCode": "TN",
      "latitude": "36.04082000",
      "longitude": "-87.77563000"
   },
   {
      "name": "Hunter",
      "countryCode": "US",
      "stateCode": "TN",
      "latitude": "36.37178000",
      "longitude": "-82.15874000"
   },
   {
      "name": "Huntingdon",
      "countryCode": "US",
      "stateCode": "TN",
      "latitude": "36.00062000",
      "longitude": "-88.42811000"
   },
   {
      "name": "Huntsville",
      "countryCode": "US",
      "stateCode": "TN",
      "latitude": "36.40980000",
      "longitude": "-84.49049000"
   },
   {
      "name": "Jacksboro",
      "countryCode": "US",
      "stateCode": "TN",
      "latitude": "36.33008000",
      "longitude": "-84.18382000"
   },
   {
      "name": "Jackson",
      "countryCode": "US",
      "stateCode": "TN",
      "latitude": "35.61452000",
      "longitude": "-88.81395000"
   },
   {
      "name": "Jackson County",
      "countryCode": "US",
      "stateCode": "TN",
      "latitude": "36.35921000",
      "longitude": "-85.67315000"
   },
   {
      "name": "Jamestown",
      "countryCode": "US",
      "stateCode": "TN",
      "latitude": "36.42757000",
      "longitude": "-84.93189000"
   },
   {
      "name": "Jasper",
      "countryCode": "US",
      "stateCode": "TN",
      "latitude": "35.07424000",
      "longitude": "-85.62608000"
   },
   {
      "name": "Jefferson City",
      "countryCode": "US",
      "stateCode": "TN",
      "latitude": "36.12231000",
      "longitude": "-83.49240000"
   },
   {
      "name": "Jefferson County",
      "countryCode": "US",
      "stateCode": "TN",
      "latitude": "36.05099000",
      "longitude": "-83.44631000"
   },
   {
      "name": "Jellico",
      "countryCode": "US",
      "stateCode": "TN",
      "latitude": "36.58786000",
      "longitude": "-84.12687000"
   },
   {
      "name": "Johnson City",
      "countryCode": "US",
      "stateCode": "TN",
      "latitude": "36.31344000",
      "longitude": "-82.35347000"
   },
   {
      "name": "Johnson County",
      "countryCode": "US",
      "stateCode": "TN",
      "latitude": "36.45494000",
      "longitude": "-81.85175000"
   },
   {
      "name": "Johnsonville",
      "countryCode": "US",
      "stateCode": "TN",
      "latitude": "36.06006000",
      "longitude": "-87.95281000"
   },
   {
      "name": "Jonesborough",
      "countryCode": "US",
      "stateCode": "TN",
      "latitude": "36.29427000",
      "longitude": "-82.47348000"
   },
   {
      "name": "Kenton",
      "countryCode": "US",
      "stateCode": "TN",
      "latitude": "36.20229000",
      "longitude": "-89.01229000"
   },
   {
      "name": "Kimball",
      "countryCode": "US",
      "stateCode": "TN",
      "latitude": "35.04786000",
      "longitude": "-85.67191000"
   },
   {
      "name": "Kingsport",
      "countryCode": "US",
      "stateCode": "TN",
      "latitude": "36.54843000",
      "longitude": "-82.56182000"
   },
   {
      "name": "Kingston",
      "countryCode": "US",
      "stateCode": "TN",
      "latitude": "35.88091000",
      "longitude": "-84.50854000"
   },
   {
      "name": "Kingston Springs",
      "countryCode": "US",
      "stateCode": "TN",
      "latitude": "36.10200000",
      "longitude": "-87.11501000"
   },
   {
      "name": "Knox County",
      "countryCode": "US",
      "stateCode": "TN",
      "latitude": "35.99322000",
      "longitude": "-83.93709000"
   },
   {
      "name": "Knoxville",
      "countryCode": "US",
      "stateCode": "TN",
      "latitude": "35.96064000",
      "longitude": "-83.92074000"
   },
   {
      "name": "La Vergne",
      "countryCode": "US",
      "stateCode": "TN",
      "latitude": "36.01562000",
      "longitude": "-86.58194000"
   },
   {
      "name": "LaFollette",
      "countryCode": "US",
      "stateCode": "TN",
      "latitude": "36.38286000",
      "longitude": "-84.11993000"
   },
   {
      "name": "Lafayette",
      "countryCode": "US",
      "stateCode": "TN",
      "latitude": "36.52116000",
      "longitude": "-86.02637000"
   },
   {
      "name": "Lake County",
      "countryCode": "US",
      "stateCode": "TN",
      "latitude": "36.33538000",
      "longitude": "-89.49347000"
   },
   {
      "name": "Lake Tansi",
      "countryCode": "US",
      "stateCode": "TN",
      "latitude": "35.87285000",
      "longitude": "-85.05440000"
   },
   {
      "name": "Lakeland",
      "countryCode": "US",
      "stateCode": "TN",
      "latitude": "35.23064000",
      "longitude": "-89.74036000"
   },
   {
      "name": "Lakesite",
      "countryCode": "US",
      "stateCode": "TN",
      "latitude": "35.20868000",
      "longitude": "-85.12690000"
   },
   {
      "name": "Lakewood",
      "countryCode": "US",
      "stateCode": "TN",
      "latitude": "36.24311000",
      "longitude": "-86.63555000"
   },
   {
      "name": "Lauderdale County",
      "countryCode": "US",
      "stateCode": "TN",
      "latitude": "35.76101000",
      "longitude": "-89.63144000"
   },
   {
      "name": "Lawrence County",
      "countryCode": "US",
      "stateCode": "TN",
      "latitude": "35.21727000",
      "longitude": "-87.39559000"
   },
   {
      "name": "Lawrenceburg",
      "countryCode": "US",
      "stateCode": "TN",
      "latitude": "35.24230000",
      "longitude": "-87.33474000"
   },
   {
      "name": "Lebanon",
      "countryCode": "US",
      "stateCode": "TN",
      "latitude": "36.20811000",
      "longitude": "-86.29110000"
   },
   {
      "name": "Lenoir City",
      "countryCode": "US",
      "stateCode": "TN",
      "latitude": "35.79730000",
      "longitude": "-84.25603000"
   },
   {
      "name": "Lewis County",
      "countryCode": "US",
      "stateCode": "TN",
      "latitude": "35.52728000",
      "longitude": "-87.49310000"
   },
   {
      "name": "Lewisburg",
      "countryCode": "US",
      "stateCode": "TN",
      "latitude": "35.44924000",
      "longitude": "-86.78889000"
   },
   {
      "name": "Lexington",
      "countryCode": "US",
      "stateCode": "TN",
      "latitude": "35.65090000",
      "longitude": "-88.39338000"
   },
   {
      "name": "Lincoln County",
      "countryCode": "US",
      "stateCode": "TN",
      "latitude": "35.14052000",
      "longitude": "-86.58894000"
   },
   {
      "name": "Linden",
      "countryCode": "US",
      "stateCode": "TN",
      "latitude": "35.61729000",
      "longitude": "-87.83947000"
   },
   {
      "name": "Livingston",
      "countryCode": "US",
      "stateCode": "TN",
      "latitude": "36.38340000",
      "longitude": "-85.32302000"
   },
   {
      "name": "Lone Oak",
      "countryCode": "US",
      "stateCode": "TN",
      "latitude": "35.20063000",
      "longitude": "-85.36413000"
   },
   {
      "name": "Lookout Mountain",
      "countryCode": "US",
      "stateCode": "TN",
      "latitude": "34.99424000",
      "longitude": "-85.34940000"
   },
   {
      "name": "Loretto",
      "countryCode": "US",
      "stateCode": "TN",
      "latitude": "35.07786000",
      "longitude": "-87.43974000"
   },
   {
      "name": "Loudon",
      "countryCode": "US",
      "stateCode": "TN",
      "latitude": "35.73285000",
      "longitude": "-84.33381000"
   },
   {
      "name": "Loudon County",
      "countryCode": "US",
      "stateCode": "TN",
      "latitude": "35.73478000",
      "longitude": "-84.31187000"
   },
   {
      "name": "Louisville",
      "countryCode": "US",
      "stateCode": "TN",
      "latitude": "35.82175000",
      "longitude": "-84.04796000"
   },
   {
      "name": "Luttrell",
      "countryCode": "US",
      "stateCode": "TN",
      "latitude": "36.19953000",
      "longitude": "-83.74185000"
   },
   {
      "name": "Lynchburg",
      "countryCode": "US",
      "stateCode": "TN",
      "latitude": "35.28314000",
      "longitude": "-86.37416000"
   },
   {
      "name": "Macon County",
      "countryCode": "US",
      "stateCode": "TN",
      "latitude": "36.53203000",
      "longitude": "-86.00727000"
   },
   {
      "name": "Madison County",
      "countryCode": "US",
      "stateCode": "TN",
      "latitude": "35.60814000",
      "longitude": "-88.83847000"
   },
   {
      "name": "Madisonville",
      "countryCode": "US",
      "stateCode": "TN",
      "latitude": "35.51980000",
      "longitude": "-84.36353000"
   },
   {
      "name": "Manchester",
      "countryCode": "US",
      "stateCode": "TN",
      "latitude": "35.48174000",
      "longitude": "-86.08860000"
   },
   {
      "name": "Marion County",
      "countryCode": "US",
      "stateCode": "TN",
      "latitude": "35.12935000",
      "longitude": "-85.62203000"
   },
   {
      "name": "Marshall County",
      "countryCode": "US",
      "stateCode": "TN",
      "latitude": "35.46886000",
      "longitude": "-86.76502000"
   },
   {
      "name": "Martin",
      "countryCode": "US",
      "stateCode": "TN",
      "latitude": "36.34340000",
      "longitude": "-88.85034000"
   },
   {
      "name": "Maryville",
      "countryCode": "US",
      "stateCode": "TN",
      "latitude": "35.75647000",
      "longitude": "-83.97046000"
   },
   {
      "name": "Mascot",
      "countryCode": "US",
      "stateCode": "TN",
      "latitude": "36.06120000",
      "longitude": "-83.74573000"
   },
   {
      "name": "Mason",
      "countryCode": "US",
      "stateCode": "TN",
      "latitude": "35.41175000",
      "longitude": "-89.53285000"
   },
   {
      "name": "Maury County",
      "countryCode": "US",
      "stateCode": "TN",
      "latitude": "35.61694000",
      "longitude": "-87.07701000"
   },
   {
      "name": "Maynardville",
      "countryCode": "US",
      "stateCode": "TN",
      "latitude": "36.25064000",
      "longitude": "-83.79741000"
   },
   {
      "name": "McEwen",
      "countryCode": "US",
      "stateCode": "TN",
      "latitude": "36.10784000",
      "longitude": "-87.63307000"
   },
   {
      "name": "McKenzie",
      "countryCode": "US",
      "stateCode": "TN",
      "latitude": "36.13256000",
      "longitude": "-88.51866000"
   },
   {
      "name": "McMinn County",
      "countryCode": "US",
      "stateCode": "TN",
      "latitude": "35.42475000",
      "longitude": "-84.61747000"
   },
   {
      "name": "McMinnville",
      "countryCode": "US",
      "stateCode": "TN",
      "latitude": "35.68340000",
      "longitude": "-85.76998000"
   },
   {
      "name": "McNairy County",
      "countryCode": "US",
      "stateCode": "TN",
      "latitude": "35.17545000",
      "longitude": "-88.56364000"
   },
   {
      "name": "Medina",
      "countryCode": "US",
      "stateCode": "TN",
      "latitude": "35.80285000",
      "longitude": "-88.77478000"
   },
   {
      "name": "Meigs County",
      "countryCode": "US",
      "stateCode": "TN",
      "latitude": "35.51283000",
      "longitude": "-84.81339000"
   },
   {
      "name": "Memphis",
      "countryCode": "US",
      "stateCode": "TN",
      "latitude": "35.14953000",
      "longitude": "-90.04898000"
   },
   {
      "name": "Middle Valley",
      "countryCode": "US",
      "stateCode": "TN",
      "latitude": "35.19590000",
      "longitude": "-85.18468000"
   },
   {
      "name": "Midtown",
      "countryCode": "US",
      "stateCode": "TN",
      "latitude": "35.87952000",
      "longitude": "-84.56410000"
   },
   {
      "name": "Midway",
      "countryCode": "US",
      "stateCode": "TN",
      "latitude": "36.30011000",
      "longitude": "-82.42375000"
   },
   {
      "name": "Milan",
      "countryCode": "US",
      "stateCode": "TN",
      "latitude": "35.91979000",
      "longitude": "-88.75895000"
   },
   {
      "name": "Millersville",
      "countryCode": "US",
      "stateCode": "TN",
      "latitude": "36.37116000",
      "longitude": "-86.71000000"
   },
   {
      "name": "Millington",
      "countryCode": "US",
      "stateCode": "TN",
      "latitude": "35.34147000",
      "longitude": "-89.89731000"
   },
   {
      "name": "Monroe County",
      "countryCode": "US",
      "stateCode": "TN",
      "latitude": "35.44265000",
      "longitude": "-84.25279000"
   },
   {
      "name": "Monteagle",
      "countryCode": "US",
      "stateCode": "TN",
      "latitude": "35.24008000",
      "longitude": "-85.83970000"
   },
   {
      "name": "Monterey",
      "countryCode": "US",
      "stateCode": "TN",
      "latitude": "36.14756000",
      "longitude": "-85.26830000"
   },
   {
      "name": "Montgomery County",
      "countryCode": "US",
      "stateCode": "TN",
      "latitude": "36.49686000",
      "longitude": "-87.38289000"
   },
   {
      "name": "Moore County",
      "countryCode": "US",
      "stateCode": "TN",
      "latitude": "35.28462000",
      "longitude": "-86.35877000"
   },
   {
      "name": "Morgan County",
      "countryCode": "US",
      "stateCode": "TN",
      "latitude": "36.13502000",
      "longitude": "-84.64920000"
   },
   {
      "name": "Morristown",
      "countryCode": "US",
      "stateCode": "TN",
      "latitude": "36.21398000",
      "longitude": "-83.29489000"
   },
   {
      "name": "Mosheim",
      "countryCode": "US",
      "stateCode": "TN",
      "latitude": "36.18954000",
      "longitude": "-82.95849000"
   },
   {
      "name": "Mount Carmel",
      "countryCode": "US",
      "stateCode": "TN",
      "latitude": "36.54538000",
      "longitude": "-82.66099000"
   },
   {
      "name": "Mount Juliet",
      "countryCode": "US",
      "stateCode": "TN",
      "latitude": "36.20005000",
      "longitude": "-86.51861000"
   },
   {
      "name": "Mount Pleasant",
      "countryCode": "US",
      "stateCode": "TN",
      "latitude": "35.53424000",
      "longitude": "-87.20695000"
   },
   {
      "name": "Mountain City",
      "countryCode": "US",
      "stateCode": "TN",
      "latitude": "36.47456000",
      "longitude": "-81.80484000"
   },
   {
      "name": "Mowbray Mountain",
      "countryCode": "US",
      "stateCode": "TN",
      "latitude": "35.27536000",
      "longitude": "-85.22246000"
   },
   {
      "name": "Munford",
      "countryCode": "US",
      "stateCode": "TN",
      "latitude": "35.44925000",
      "longitude": "-89.81508000"
   },
   {
      "name": "Murfreesboro",
      "countryCode": "US",
      "stateCode": "TN",
      "latitude": "35.84562000",
      "longitude": "-86.39027000"
   },
   {
      "name": "Nashville",
      "countryCode": "US",
      "stateCode": "TN",
      "latitude": "36.16589000",
      "longitude": "-86.78444000"
   },
   {
      "name": "New Hope",
      "countryCode": "US",
      "stateCode": "TN",
      "latitude": "35.00508000",
      "longitude": "-85.65830000"
   },
   {
      "name": "New Johnsonville",
      "countryCode": "US",
      "stateCode": "TN",
      "latitude": "36.02117000",
      "longitude": "-87.96698000"
   },
   {
      "name": "New Market",
      "countryCode": "US",
      "stateCode": "TN",
      "latitude": "36.10398000",
      "longitude": "-83.55268000"
   },
   {
      "name": "New South Memphis",
      "countryCode": "US",
      "stateCode": "TN",
      "latitude": "35.08676000",
      "longitude": "-90.05676000"
   },
   {
      "name": "New Tazewell",
      "countryCode": "US",
      "stateCode": "TN",
      "latitude": "36.44258000",
      "longitude": "-83.59963000"
   },
   {
      "name": "New Union",
      "countryCode": "US",
      "stateCode": "TN",
      "latitude": "35.53258000",
      "longitude": "-86.08082000"
   },
   {
      "name": "Newbern",
      "countryCode": "US",
      "stateCode": "TN",
      "latitude": "36.11285000",
      "longitude": "-89.26174000"
   },
   {
      "name": "Newport",
      "countryCode": "US",
      "stateCode": "TN",
      "latitude": "35.96704000",
      "longitude": "-83.18766000"
   },
   {
      "name": "Nolensville",
      "countryCode": "US",
      "stateCode": "TN",
      "latitude": "35.95229000",
      "longitude": "-86.66944000"
   },
   {
      "name": "Norris",
      "countryCode": "US",
      "stateCode": "TN",
      "latitude": "36.19563000",
      "longitude": "-84.06797000"
   },
   {
      "name": "Oak Grove",
      "countryCode": "US",
      "stateCode": "TN",
      "latitude": "36.41177000",
      "longitude": "-82.42459000"
   },
   {
      "name": "Oak Hill",
      "countryCode": "US",
      "stateCode": "TN",
      "latitude": "36.08784000",
      "longitude": "-86.78305000"
   },
   {
      "name": "Oak Ridge",
      "countryCode": "US",
      "stateCode": "TN",
      "latitude": "36.01036000",
      "longitude": "-84.26964000"
   },
   {
      "name": "Oakland",
      "countryCode": "US",
      "stateCode": "TN",
      "latitude": "35.22898000",
      "longitude": "-89.51508000"
   },
   {
      "name": "Obion",
      "countryCode": "US",
      "stateCode": "TN",
      "latitude": "36.25896000",
      "longitude": "-89.19174000"
   },
   {
      "name": "Obion County",
      "countryCode": "US",
      "stateCode": "TN",
      "latitude": "36.35825000",
      "longitude": "-89.14880000"
   },
   {
      "name": "Oliver Springs",
      "countryCode": "US",
      "stateCode": "TN",
      "latitude": "36.04452000",
      "longitude": "-84.34437000"
   },
   {
      "name": "Olivet",
      "countryCode": "US",
      "stateCode": "TN",
      "latitude": "35.21425000",
      "longitude": "-88.20031000"
   },
   {
      "name": "Oneida",
      "countryCode": "US",
      "stateCode": "TN",
      "latitude": "36.49813000",
      "longitude": "-84.51272000"
   },
   {
      "name": "Overton County",
      "countryCode": "US",
      "stateCode": "TN",
      "latitude": "36.34500000",
      "longitude": "-85.28808000"
   },
   {
      "name": "Paris",
      "countryCode": "US",
      "stateCode": "TN",
      "latitude": "36.30200000",
      "longitude": "-88.32671000"
   },
   {
      "name": "Park City",
      "countryCode": "US",
      "stateCode": "TN",
      "latitude": "35.08203000",
      "longitude": "-86.57111000"
   },
   {
      "name": "Parsons",
      "countryCode": "US",
      "stateCode": "TN",
      "latitude": "35.64979000",
      "longitude": "-88.12670000"
   },
   {
      "name": "Pegram",
      "countryCode": "US",
      "stateCode": "TN",
      "latitude": "36.10061000",
      "longitude": "-87.05112000"
   },
   {
      "name": "Perry County",
      "countryCode": "US",
      "stateCode": "TN",
      "latitude": "35.64263000",
      "longitude": "-87.85897000"
   },
   {
      "name": "Pickett County",
      "countryCode": "US",
      "stateCode": "TN",
      "latitude": "36.55841000",
      "longitude": "-85.07499000"
   },
   {
      "name": "Pigeon Forge",
      "countryCode": "US",
      "stateCode": "TN",
      "latitude": "35.78842000",
      "longitude": "-83.55433000"
   },
   {
      "name": "Pikeville",
      "countryCode": "US",
      "stateCode": "TN",
      "latitude": "35.60562000",
      "longitude": "-85.18885000"
   },
   {
      "name": "Pine Crest",
      "countryCode": "US",
      "stateCode": "TN",
      "latitude": "36.29927000",
      "longitude": "-82.31792000"
   },
   {
      "name": "Piperton",
      "countryCode": "US",
      "stateCode": "TN",
      "latitude": "35.04509000",
      "longitude": "-89.62175000"
   },
   {
      "name": "Plainview",
      "countryCode": "US",
      "stateCode": "TN",
      "latitude": "36.17731000",
      "longitude": "-83.79534000"
   },
   {
      "name": "Pleasant View",
      "countryCode": "US",
      "stateCode": "TN",
      "latitude": "36.39422000",
      "longitude": "-87.03667000"
   },
   {
      "name": "Polk County",
      "countryCode": "US",
      "stateCode": "TN",
      "latitude": "35.11990000",
      "longitude": "-84.52330000"
   },
   {
      "name": "Portland",
      "countryCode": "US",
      "stateCode": "TN",
      "latitude": "36.58171000",
      "longitude": "-86.51638000"
   },
   {
      "name": "Powells Crossroads",
      "countryCode": "US",
      "stateCode": "TN",
      "latitude": "35.18952000",
      "longitude": "-85.48580000"
   },
   {
      "name": "Pulaski",
      "countryCode": "US",
      "stateCode": "TN",
      "latitude": "35.19980000",
      "longitude": "-87.03084000"
   },
   {
      "name": "Putnam County",
      "countryCode": "US",
      "stateCode": "TN",
      "latitude": "36.14083000",
      "longitude": "-85.49519000"
   },
   {
      "name": "Red Bank",
      "countryCode": "US",
      "stateCode": "TN",
      "latitude": "35.11229000",
      "longitude": "-85.29413000"
   },
   {
      "name": "Red Boiling Springs",
      "countryCode": "US",
      "stateCode": "TN",
      "latitude": "36.53339000",
      "longitude": "-85.84998000"
   },
   {
      "name": "Rhea County",
      "countryCode": "US",
      "stateCode": "TN",
      "latitude": "35.60871000",
      "longitude": "-84.92440000"
   },
   {
      "name": "Ridgely",
      "countryCode": "US",
      "stateCode": "TN",
      "latitude": "36.26340000",
      "longitude": "-89.48785000"
   },
   {
      "name": "Ridgetop",
      "countryCode": "US",
      "stateCode": "TN",
      "latitude": "36.39505000",
      "longitude": "-86.77944000"
   },
   {
      "name": "Ripley",
      "countryCode": "US",
      "stateCode": "TN",
      "latitude": "35.74536000",
      "longitude": "-89.52980000"
   },
   {
      "name": "Roan Mountain",
      "countryCode": "US",
      "stateCode": "TN",
      "latitude": "36.19623000",
      "longitude": "-82.07040000"
   },
   {
      "name": "Roane County",
      "countryCode": "US",
      "stateCode": "TN",
      "latitude": "35.84786000",
      "longitude": "-84.52324000"
   },
   {
      "name": "Robertson County",
      "countryCode": "US",
      "stateCode": "TN",
      "latitude": "36.52546000",
      "longitude": "-86.87057000"
   },
   {
      "name": "Rockwood",
      "countryCode": "US",
      "stateCode": "TN",
      "latitude": "35.86563000",
      "longitude": "-84.68494000"
   },
   {
      "name": "Rocky Top",
      "countryCode": "US",
      "stateCode": "TN",
      "latitude": "36.21786000",
      "longitude": "-84.15465000"
   },
   {
      "name": "Rogersville",
      "countryCode": "US",
      "stateCode": "TN",
      "latitude": "36.40732000",
      "longitude": "-83.00544000"
   },
   {
      "name": "Rural Hill",
      "countryCode": "US",
      "stateCode": "TN",
      "latitude": "36.11673000",
      "longitude": "-86.47916000"
   },
   {
      "name": "Rutherford",
      "countryCode": "US",
      "stateCode": "TN",
      "latitude": "36.12757000",
      "longitude": "-88.98590000"
   },
   {
      "name": "Rutherford County",
      "countryCode": "US",
      "stateCode": "TN",
      "latitude": "35.84270000",
      "longitude": "-86.41674000"
   },
   {
      "name": "Rutledge",
      "countryCode": "US",
      "stateCode": "TN",
      "latitude": "36.28092000",
      "longitude": "-83.51490000"
   },
   {
      "name": "Sale Creek",
      "countryCode": "US",
      "stateCode": "TN",
      "latitude": "35.38229000",
      "longitude": "-85.10884000"
   },
   {
      "name": "Savannah",
      "countryCode": "US",
      "stateCode": "TN",
      "latitude": "35.22480000",
      "longitude": "-88.24920000"
   },
   {
      "name": "Scott County",
      "countryCode": "US",
      "stateCode": "TN",
      "latitude": "36.42854000",
      "longitude": "-84.50352000"
   },
   {
      "name": "Selmer",
      "countryCode": "US",
      "stateCode": "TN",
      "latitude": "35.17008000",
      "longitude": "-88.59227000"
   },
   {
      "name": "Sequatchie County",
      "countryCode": "US",
      "stateCode": "TN",
      "latitude": "35.37115000",
      "longitude": "-85.41059000"
   },
   {
      "name": "Sevier County",
      "countryCode": "US",
      "stateCode": "TN",
      "latitude": "35.78466000",
      "longitude": "-83.52418000"
   },
   {
      "name": "Sevierville",
      "countryCode": "US",
      "stateCode": "TN",
      "latitude": "35.86815000",
      "longitude": "-83.56184000"
   },
   {
      "name": "Sewanee",
      "countryCode": "US",
      "stateCode": "TN",
      "latitude": "35.20314000",
      "longitude": "-85.92109000"
   },
   {
      "name": "Seymour",
      "countryCode": "US",
      "stateCode": "TN",
      "latitude": "35.89064000",
      "longitude": "-83.72462000"
   },
   {
      "name": "Shackle Island",
      "countryCode": "US",
      "stateCode": "TN",
      "latitude": "36.37060000",
      "longitude": "-86.61666000"
   },
   {
      "name": "Shelby County",
      "countryCode": "US",
      "stateCode": "TN",
      "latitude": "35.18400000",
      "longitude": "-89.89560000"
   },
   {
      "name": "Shelbyville",
      "countryCode": "US",
      "stateCode": "TN",
      "latitude": "35.48341000",
      "longitude": "-86.46027000"
   },
   {
      "name": "Signal Mountain",
      "countryCode": "US",
      "stateCode": "TN",
      "latitude": "35.12257000",
      "longitude": "-85.34385000"
   },
   {
      "name": "Smith County",
      "countryCode": "US",
      "stateCode": "TN",
      "latitude": "36.25053000",
      "longitude": "-85.95671000"
   },
   {
      "name": "Smithville",
      "countryCode": "US",
      "stateCode": "TN",
      "latitude": "35.96062000",
      "longitude": "-85.81415000"
   },
   {
      "name": "Smyrna",
      "countryCode": "US",
      "stateCode": "TN",
      "latitude": "35.98284000",
      "longitude": "-86.51860000"
   },
   {
      "name": "Sneedville",
      "countryCode": "US",
      "stateCode": "TN",
      "latitude": "36.52981000",
      "longitude": "-83.21740000"
   },
   {
      "name": "Soddy-Daisy",
      "countryCode": "US",
      "stateCode": "TN",
      "latitude": "35.23590000",
      "longitude": "-85.19079000"
   },
   {
      "name": "Somerville",
      "countryCode": "US",
      "stateCode": "TN",
      "latitude": "35.24370000",
      "longitude": "-89.35007000"
   },
   {
      "name": "South Carthage",
      "countryCode": "US",
      "stateCode": "TN",
      "latitude": "36.24200000",
      "longitude": "-85.95193000"
   },
   {
      "name": "South Cleveland",
      "countryCode": "US",
      "stateCode": "TN",
      "latitude": "35.14119000",
      "longitude": "-84.87217000"
   },
   {
      "name": "South Fulton",
      "countryCode": "US",
      "stateCode": "TN",
      "latitude": "36.50089000",
      "longitude": "-88.87534000"
   },
   {
      "name": "South Pittsburg",
      "countryCode": "US",
      "stateCode": "TN",
      "latitude": "35.01230000",
      "longitude": "-85.70441000"
   },
   {
      "name": "Sparta",
      "countryCode": "US",
      "stateCode": "TN",
      "latitude": "35.92590000",
      "longitude": "-85.46414000"
   },
   {
      "name": "Spencer",
      "countryCode": "US",
      "stateCode": "TN",
      "latitude": "35.74729000",
      "longitude": "-85.46664000"
   },
   {
      "name": "Spring City",
      "countryCode": "US",
      "stateCode": "TN",
      "latitude": "35.69201000",
      "longitude": "-84.86078000"
   },
   {
      "name": "Spring Hill",
      "countryCode": "US",
      "stateCode": "TN",
      "latitude": "35.75118000",
      "longitude": "-86.93000000"
   },
   {
      "name": "Springfield",
      "countryCode": "US",
      "stateCode": "TN",
      "latitude": "36.50921000",
      "longitude": "-86.88500000"
   },
   {
      "name": "Spurgeon",
      "countryCode": "US",
      "stateCode": "TN",
      "latitude": "36.43955000",
      "longitude": "-82.45570000"
   },
   {
      "name": "Stewart County",
      "countryCode": "US",
      "stateCode": "TN",
      "latitude": "36.50110000",
      "longitude": "-87.83846000"
   },
   {
      "name": "Sullivan County",
      "countryCode": "US",
      "stateCode": "TN",
      "latitude": "36.51292000",
      "longitude": "-82.30414000"
   },
   {
      "name": "Sumner County",
      "countryCode": "US",
      "stateCode": "TN",
      "latitude": "36.46941000",
      "longitude": "-86.46036000"
   },
   {
      "name": "Surgoinsville",
      "countryCode": "US",
      "stateCode": "TN",
      "latitude": "36.47093000",
      "longitude": "-82.85183000"
   },
   {
      "name": "Sweetwater",
      "countryCode": "US",
      "stateCode": "TN",
      "latitude": "35.60146000",
      "longitude": "-84.46104000"
   },
   {
      "name": "Tazewell",
      "countryCode": "US",
      "stateCode": "TN",
      "latitude": "36.45425000",
      "longitude": "-83.56935000"
   },
   {
      "name": "Tellico Village",
      "countryCode": "US",
      "stateCode": "TN",
      "latitude": "35.68321000",
      "longitude": "-84.25518000"
   },
   {
      "name": "Tennessee Ridge",
      "countryCode": "US",
      "stateCode": "TN",
      "latitude": "36.31200000",
      "longitude": "-87.77336000"
   },
   {
      "name": "Thompson's Station",
      "countryCode": "US",
      "stateCode": "TN",
      "latitude": "35.80201000",
      "longitude": "-86.91139000"
   },
   {
      "name": "Three Way",
      "countryCode": "US",
      "stateCode": "TN",
      "latitude": "35.77590000",
      "longitude": "-88.85950000"
   },
   {
      "name": "Tipton County",
      "countryCode": "US",
      "stateCode": "TN",
      "latitude": "35.49687000",
      "longitude": "-89.75924000"
   },
   {
      "name": "Tiptonville",
      "countryCode": "US",
      "stateCode": "TN",
      "latitude": "36.37840000",
      "longitude": "-89.47202000"
   },
   {
      "name": "Tracy City",
      "countryCode": "US",
      "stateCode": "TN",
      "latitude": "35.26036000",
      "longitude": "-85.73608000"
   },
   {
      "name": "Trenton",
      "countryCode": "US",
      "stateCode": "TN",
      "latitude": "35.98062000",
      "longitude": "-88.94145000"
   },
   {
      "name": "Trousdale County",
      "countryCode": "US",
      "stateCode": "TN",
      "latitude": "36.39204000",
      "longitude": "-86.15675000"
   },
   {
      "name": "Troy",
      "countryCode": "US",
      "stateCode": "TN",
      "latitude": "36.33868000",
      "longitude": "-89.16396000"
   },
   {
      "name": "Tullahoma",
      "countryCode": "US",
      "stateCode": "TN",
      "latitude": "35.36202000",
      "longitude": "-86.20943000"
   },
   {
      "name": "Tusculum",
      "countryCode": "US",
      "stateCode": "TN",
      "latitude": "36.17510000",
      "longitude": "-82.75876000"
   },
   {
      "name": "Unicoi",
      "countryCode": "US",
      "stateCode": "TN",
      "latitude": "36.19539000",
      "longitude": "-82.34958000"
   },
   {
      "name": "Unicoi County",
      "countryCode": "US",
      "stateCode": "TN",
      "latitude": "36.11082000",
      "longitude": "-82.43224000"
   },
   {
      "name": "Union City",
      "countryCode": "US",
      "stateCode": "TN",
      "latitude": "36.42423000",
      "longitude": "-89.05701000"
   },
   {
      "name": "Union County",
      "countryCode": "US",
      "stateCode": "TN",
      "latitude": "36.28787000",
      "longitude": "-83.83751000"
   },
   {
      "name": "Unionville",
      "countryCode": "US",
      "stateCode": "TN",
      "latitude": "35.62174000",
      "longitude": "-86.59250000"
   },
   {
      "name": "Van Buren County",
      "countryCode": "US",
      "stateCode": "TN",
      "latitude": "35.69598000",
      "longitude": "-85.45261000"
   },
   {
      "name": "Vonore",
      "countryCode": "US",
      "stateCode": "TN",
      "latitude": "35.59008000",
      "longitude": "-84.24186000"
   },
   {
      "name": "Walden",
      "countryCode": "US",
      "stateCode": "TN",
      "latitude": "35.16479000",
      "longitude": "-85.30135000"
   },
   {
      "name": "Walnut Hill",
      "countryCode": "US",
      "stateCode": "TN",
      "latitude": "36.56983000",
      "longitude": "-82.25680000"
   },
   {
      "name": "Warren County",
      "countryCode": "US",
      "stateCode": "TN",
      "latitude": "35.67868000",
      "longitude": "-85.77850000"
   },
   {
      "name": "Wartburg",
      "countryCode": "US",
      "stateCode": "TN",
      "latitude": "36.10480000",
      "longitude": "-84.59716000"
   },
   {
      "name": "Washington County",
      "countryCode": "US",
      "stateCode": "TN",
      "latitude": "36.29330000",
      "longitude": "-82.49743000"
   },
   {
      "name": "Watertown",
      "countryCode": "US",
      "stateCode": "TN",
      "latitude": "36.10034000",
      "longitude": "-86.13193000"
   },
   {
      "name": "Waverly",
      "countryCode": "US",
      "stateCode": "TN",
      "latitude": "36.08395000",
      "longitude": "-87.79475000"
   },
   {
      "name": "Wayne County",
      "countryCode": "US",
      "stateCode": "TN",
      "latitude": "35.23992000",
      "longitude": "-87.78801000"
   },
   {
      "name": "Waynesboro",
      "countryCode": "US",
      "stateCode": "TN",
      "latitude": "35.31952000",
      "longitude": "-87.76225000"
   },
   {
      "name": "Weakley County",
      "countryCode": "US",
      "stateCode": "TN",
      "latitude": "36.29830000",
      "longitude": "-88.71774000"
   },
   {
      "name": "Westmoreland",
      "countryCode": "US",
      "stateCode": "TN",
      "latitude": "36.56199000",
      "longitude": "-86.24804000"
   },
   {
      "name": "White Bluff",
      "countryCode": "US",
      "stateCode": "TN",
      "latitude": "36.10756000",
      "longitude": "-87.22084000"
   },
   {
      "name": "White County",
      "countryCode": "US",
      "stateCode": "TN",
      "latitude": "35.92635000",
      "longitude": "-85.45518000"
   },
   {
      "name": "White House",
      "countryCode": "US",
      "stateCode": "TN",
      "latitude": "36.47032000",
      "longitude": "-86.65138000"
   },
   {
      "name": "White Pine",
      "countryCode": "US",
      "stateCode": "TN",
      "latitude": "36.10759000",
      "longitude": "-83.28683000"
   },
   {
      "name": "Whiteville",
      "countryCode": "US",
      "stateCode": "TN",
      "latitude": "35.32647000",
      "longitude": "-89.14951000"
   },
   {
      "name": "Whitwell",
      "countryCode": "US",
      "stateCode": "TN",
      "latitude": "35.20146000",
      "longitude": "-85.51913000"
   },
   {
      "name": "Wildwood",
      "countryCode": "US",
      "stateCode": "TN",
      "latitude": "35.80370000",
      "longitude": "-83.87129000"
   },
   {
      "name": "Wildwood Lake",
      "countryCode": "US",
      "stateCode": "TN",
      "latitude": "35.09202000",
      "longitude": "-84.85439000"
   },
   {
      "name": "Williamson County",
      "countryCode": "US",
      "stateCode": "TN",
      "latitude": "35.89378000",
      "longitude": "-86.89860000"
   },
   {
      "name": "Wilson County",
      "countryCode": "US",
      "stateCode": "TN",
      "latitude": "36.15486000",
      "longitude": "-86.29763000"
   },
   {
      "name": "Winchester",
      "countryCode": "US",
      "stateCode": "TN",
      "latitude": "35.18592000",
      "longitude": "-86.11221000"
   },
   {
      "name": "Woodbury",
      "countryCode": "US",
      "stateCode": "TN",
      "latitude": "35.82757000",
      "longitude": "-86.07166000"
   }
]