[
   {
      "name": "Adamsville",
      "countryCode": "US",
      "stateCode": "TN"
   },
   {
      "name": "Alamo",
      "countryCode": "US",
      "stateCode": "TN"
   },
   {
      "name": "Alcoa",
      "countryCode": "US",
      "stateCode": "TN"
   },
   {
      "name": "Algood",
      "countryCode": "US",
      "stateCode": "TN"
   },
   {
      "name": "Altamont",
      "countryCode": "US",
      "stateCode": "TN"
   },
   {
      "name": "Anderson County",
      "countryCode": "US",
      "stateCode": "TN"
   },
   {
      "name": "Apison",
      "countryCode": "US",
      "stateCode": "TN"
   },
   {
      "name": "Ardmore",
      "countryCode": "US",
      "stateCode": "TN"
   },
   {
      "name": "Arlington",
      "countryCode": "US",
      "stateCode": "TN"
   },
   {
      "name": "Ashland City",
      "countryCode": "US",
      "stateCode": "TN"
   },
   {
      "name": "Athens",
      "countryCode": "US",
      "stateCode": "TN"
   },
   {
      "name": "Atoka",
      "countryCode": "US",
      "stateCode": "TN"
   },
   {
      "name": "Banner Hill",
      "countryCode": "US",
      "stateCode": "TN"
   },
   {
      "name": "Bartlett",
      "countryCode": "US",
      "stateCode": "TN"
   },
   {
      "name": "Baxter",
      "countryCode": "US",
      "stateCode": "TN"
   },
   {
      "name": "Bean Station",
      "countryCode": "US",
      "stateCode": "TN"
   },
   {
      "name": "Bedford County",
      "countryCode": "US",
      "stateCode": "TN"
   },
   {
      "name": "Belle Meade",
      "countryCode": "US",
      "stateCode": "TN"
   },
   {
      "name": "Bells",
      "countryCode": "US",
      "stateCode": "TN"
   },
   {
      "name": "Benton",
      "countryCode": "US",
      "stateCode": "TN"
   },
   {
      "name": "Benton County",
      "countryCode": "US",
      "stateCode": "TN"
   },
   {
      "name": "Blaine",
      "countryCode": "US",
      "stateCode": "TN"
   },
   {
      "name": "Bledsoe County",
      "countryCode": "US",
      "stateCode": "TN"
   },
   {
      "name": "Bloomingdale",
      "countryCode": "US",
      "stateCode": "TN"
   },
   {
      "name": "Blount County",
      "countryCode": "US",
      "stateCode": "TN"
   },
   {
      "name": "Blountville",
      "countryCode": "US",
      "stateCode": "TN"
   },
   {
      "name": "Bluff City",
      "countryCode": "US",
      "stateCode": "TN"
   },
   {
      "name": "Bolivar",
      "countryCode": "US",
      "stateCode": "TN"
   },
   {
      "name": "Bon Aqua Junction",
      "countryCode": "US",
      "stateCode": "TN"
   },
   {
      "name": "Bradford",
      "countryCode": "US",
      "stateCode": "TN"
   },
   {
      "name": "Bradley County",
      "countryCode": "US",
      "stateCode": "TN"
   },
   {
      "name": "Brentwood",
      "countryCode": "US",
      "stateCode": "TN"
   },
   {
      "name": "Brentwood Estates",
      "countryCode": "US",
      "stateCode": "TN"
   },
   {
      "name": "Brighton",
      "countryCode": "US",
      "stateCode": "TN"
   },
   {
      "name": "Bristol",
      "countryCode": "US",
      "stateCode": "TN"
   },
   {
      "name": "Brownsville",
      "countryCode": "US",
      "stateCode": "TN"
   },
   {
      "name": "Bruceton",
      "countryCode": "US",
      "stateCode": "TN"
   },
   {
      "name": "Burns",
      "countryCode": "US",
      "stateCode": "TN"
   },
   {
      "name": "Byrdstown",
      "countryCode": "US",
      "stateCode": "TN"
   },
   {
      "name": "Camden",
      "countryCode": "US",
      "stateCode": "TN"
   },
   {
      "name": "Campbell County",
      "countryCode": "US",
      "stateCode": "TN"
   },
   {
      "name": "Cannon County",
      "countryCode": "US",
      "stateCode": "TN"
   },
   {
      "name": "Carroll County",
      "countryCode": "US",
      "stateCode": "TN"
   },
   {
      "name": "Carter County",
      "countryCode": "US",
      "stateCode": "TN"
   },
   {
      "name": "Carthage",
      "countryCode": "US",
      "stateCode": "TN"
   },
   {
      "name": "Caryville",
      "countryCode": "US",
      "stateCode": "TN"
   },
   {
      "name": "Celina",
      "countryCode": "US",
      "stateCode": "TN"
   },
   {
      "name": "Centerville",
      "countryCode": "US",
      "stateCode": "TN"
   },
   {
      "name": "Central",
      "countryCode": "US",
      "stateCode": "TN"
   },
   {
      "name": "Chapel Hill",
      "countryCode": "US",
      "stateCode": "TN"
   },
   {
      "name": "Charlotte",
      "countryCode": "US",
      "stateCode": "TN"
   },
   {
      "name": "Chattanooga",
      "countryCode": "US",
      "stateCode": "TN"
   },
   {
      "name": "Cheatham County",
      "countryCode": "US",
      "stateCode": "TN"
   },
   {
      "name": "Chester County",
      "countryCode": "US",
      "stateCode": "TN"
   },
   {
      "name": "Christiana",
      "countryCode": "US",
      "stateCode": "TN"
   },
   {
      "name": "Church Hill",
      "countryCode": "US",
      "stateCode": "TN"
   },
   {
      "name": "Claiborne County",
      "countryCode": "US",
      "stateCode": "TN"
   },
   {
      "name": "Clarksville",
      "countryCode": "US",
      "stateCode": "TN"
   },
   {
      "name": "Clay County",
      "countryCode": "US",
      "stateCode": "TN"
   },
   {
      "name": "Cleveland",
      "countryCode": "US",
      "stateCode": "TN"
   },
   {
      "name": "Clifton",
      "countryCode": "US",
      "stateCode": "TN"
   },
   {
      "name": "Clinton",
      "countryCode": "US",
      "stateCode": "TN"
   },
   {
      "name": "Coalfield",
      "countryCode": "US",
      "stateCode": "TN"
   },
   {
      "name": "Cocke County",
      "countryCode": "US",
      "stateCode": "TN"
   },
   {
      "name": "Coffee County",
      "countryCode": "US",
      "stateCode": "TN"
   },
   {
      "name": "Collegedale",
      "countryCode": "US",
      "stateCode": "TN"
   },
   {
      "name": "Collierville",
      "countryCode": "US",
      "stateCode": "TN"
   },
   {
      "name": "Colonial Heights",
      "countryCode": "US",
      "stateCode": "TN"
   },
   {
      "name": "Columbia",
      "countryCode": "US",
      "stateCode": "TN"
   },
   {
      "name": "Condon",
      "countryCode": "US",
      "stateCode": "TN"
   },
   {
      "name": "Cookeville",
      "countryCode": "US",
      "stateCode": "TN"
   },
   {
      "name": "Coopertown",
      "countryCode": "US",
      "stateCode": "TN"
   },
   {
      "name": "Cornersville",
      "countryCode": "US",
      "stateCode": "TN"
   },
   {
      "name": "Covington",
      "countryCode": "US",
      "stateCode": "TN"
   },
   {
      "name": "Cowan",
      "countryCode": "US",
      "stateCode": "TN"
   },
   {
      "name": "Crockett County",
      "countryCode": "US",
      "stateCode": "TN"
   },
   {
      "name": "Cross Plains",
      "countryCode": "US",
      "stateCode": "TN"
   },
   {
      "name": "Crossville",
      "countryCode": "US",
      "stateCode": "TN"
   },
   {
      "name": "Crump",
      "countryCode": "US",
      "stateCode": "TN"
   },
   {
      "name": "Cumberland County",
      "countryCode": "US",
      "stateCode": "TN"
   },
   {
      "name": "Dandridge",
      "countryCode": "US",
      "stateCode": "TN"
   },
   {
      "name": "Davidson County",
      "countryCode": "US",
      "stateCode": "TN"
   },
   {
      "name": "Dayton",
      "countryCode": "US",
      "stateCode": "TN"
   },
   {
      "name": "DeKalb County",
      "countryCode": "US",
      "stateCode": "TN"
   },
   {
      "name": "Decatur",
      "countryCode": "US",
      "stateCode": "TN"
   },
   {
      "name": "Decatur County",
      "countryCode": "US",
      "stateCode": "TN"
   },
   {
      "name": "Decaturville",
      "countryCode": "US",
      "stateCode": "TN"
   },
   {
      "name": "Decherd",
      "countryCode": "US",
      "stateCode": "TN"
   },
   {
      "name": "Dickson",
      "countryCode": "US",
      "stateCode": "TN"
   },
   {
      "name": "Dickson County",
      "countryCode": "US",
      "stateCode": "TN"
   },
   {
      "name": "Dodson Branch",
      "countryCode": "US",
      "stateCode": "TN"
   },
   {
      "name": "Dover",
      "countryCode": "US",
      "stateCode": "TN"
   },
   {
      "name": "Dresden",
      "countryCode": "US",
      "stateCode": "TN"
   },
   {
      "name": "Dunlap",
      "countryCode": "US",
      "stateCode": "TN"
   },
   {
      "name": "Dyer",
      "countryCode": "US",
      "stateCode": "TN"
   },
   {
      "name": "Dyer County",
      "countryCode": "US",
      "stateCode": "TN"
   },
   {
      "name": "Dyersburg",
      "countryCode": "US",
      "stateCode": "TN"
   },
   {
      "name": "Eagleton Village",
      "countryCode": "US",
      "stateCode": "TN"
   },
   {
      "name": "East Brainerd",
      "countryCode": "US",
      "stateCode": "TN"
   },
   {
      "name": "East Chattanooga",
      "countryCode": "US",
      "stateCode": "TN"
   },
   {
      "name": "East Cleveland",
      "countryCode": "US",
      "stateCode": "TN"
   },
   {
      "name": "East Ridge",
      "countryCode": "US",
      "stateCode": "TN"
   },
   {
      "name": "Elizabethton",
      "countryCode": "US",
      "stateCode": "TN"
   },
   {
      "name": "Englewood",
      "countryCode": "US",
      "stateCode": "TN"
   },
   {
      "name": "Erin",
      "countryCode": "US",
      "stateCode": "TN"
   },
   {
      "name": "Erwin",
      "countryCode": "US",
      "stateCode": "TN"
   },
   {
      "name": "Estill Springs",
      "countryCode": "US",
      "stateCode": "TN"
   },
   {
      "name": "Etowah",
      "countryCode": "US",
      "stateCode": "TN"
   },
   {
      "name": "Fairfield Glade",
      "countryCode": "US",
      "stateCode": "TN"
   },
   {
      "name": "Fairmount",
      "countryCode": "US",
      "stateCode": "TN"
   },
   {
      "name": "Fairview",
      "countryCode": "US",
      "stateCode": "TN"
   },
   {
      "name": "Fall Branch",
      "countryCode": "US",
      "stateCode": "TN"
   },
   {
      "name": "Falling Water",
      "countryCode": "US",
      "stateCode": "TN"
   },
   {
      "name": "Farragut",
      "countryCode": "US",
      "stateCode": "TN"
   },
   {
      "name": "Fayette County",
      "countryCode": "US",
      "stateCode": "TN"
   },
   {
      "name": "Fayetteville",
      "countryCode": "US",
      "stateCode": "TN"
   },
   {
      "name": "Fentress County",
      "countryCode": "US",
      "stateCode": "TN"
   },
   {
      "name": "Fincastle",
      "countryCode": "US",
      "stateCode": "TN"
   },
   {
      "name": "Forest Hills",
      "countryCode": "US",
      "stateCode": "TN"
   },
   {
      "name": "Franklin",
      "countryCode": "US",
      "stateCode": "TN"
   },
   {
      "name": "Franklin County",
      "countryCode": "US",
      "stateCode": "TN"
   },
   {
      "name": "Gainesboro",
      "countryCode": "US",
      "stateCode": "TN"
   },
   {
      "name": "Gallatin",
      "countryCode": "US",
      "stateCode": "TN"
   },
   {
      "name": "Gatlinburg",
      "countryCode": "US",
      "stateCode": "TN"
   },
   {
      "name": "Germantown",
      "countryCode": "US",
      "stateCode": "TN"
   },
   {
      "name": "Gibson County",
      "countryCode": "US",
      "stateCode": "TN"
   },
   {
      "name": "Giles County",
      "countryCode": "US",
      "stateCode": "TN"
   },
   {
      "name": "Gleason",
      "countryCode": "US",
      "stateCode": "TN"
   },
   {
      "name": "Goodlettsville",
      "countryCode": "US",
      "stateCode": "TN"
   },
   {
      "name": "Gordonsville",
      "countryCode": "US",
      "stateCode": "TN"
   },
   {
      "name": "Grainger County",
      "countryCode": "US",
      "stateCode": "TN"
   },
   {
      "name": "Gray",
      "countryCode": "US",
      "stateCode": "TN"
   },
   {
      "name": "Graysville",
      "countryCode": "US",
      "stateCode": "TN"
   },
   {
      "name": "Green Hill",
      "countryCode": "US",
      "stateCode": "TN"
   },
   {
      "name": "Greenback",
      "countryCode": "US",
      "stateCode": "TN"
   },
   {
      "name": "Greenbrier",
      "countryCode": "US",
      "stateCode": "TN"
   },
   {
      "name": "Greene County",
      "countryCode": "US",
      "stateCode": "TN"
   },
   {
      "name": "Greeneville",
      "countryCode": "US",
      "stateCode": "TN"
   },
   {
      "name": "Greenfield",
      "countryCode": "US",
      "stateCode": "TN"
   },
   {
      "name": "Grimsley",
      "countryCode": "US",
      "stateCode": "TN"
   },
   {
      "name": "Gruetli-Laager",
      "countryCode": "US",
      "stateCode": "TN"
   },
   {
      "name": "Grundy County",
      "countryCode": "US",
      "stateCode": "TN"
   },
   {
      "name": "Halls",
      "countryCode": "US",
      "stateCode": "TN"
   },
   {
      "name": "Hamblen County",
      "countryCode": "US",
      "stateCode": "TN"
   },
   {
      "name": "Hamilton County",
      "countryCode": "US",
      "stateCode": "TN"
   },
   {
      "name": "Hancock County",
      "countryCode": "US",
      "stateCode": "TN"
   },
   {
      "name": "Hardeman County",
      "countryCode": "US",
      "stateCode": "TN"
   },
   {
      "name": "Hardin County",
      "countryCode": "US",
      "stateCode": "TN"
   },
   {
      "name": "Harriman",
      "countryCode": "US",
      "stateCode": "TN"
   },
   {
      "name": "Harrison",
      "countryCode": "US",
      "stateCode": "TN"
   },
   {
      "name": "Harrogate",
      "countryCode": "US",
      "stateCode": "TN"
   },
   {
      "name": "Hartsville",
      "countryCode": "US",
      "stateCode": "TN"
   },
   {
      "name": "Hawkins County",
      "countryCode": "US",
      "stateCode": "TN"
   },
   {
      "name": "Haywood County",
      "countryCode": "US",
      "stateCode": "TN"
   },
   {
      "name": "Henderson",
      "countryCode": "US",
      "stateCode": "TN"
   },
   {
      "name": "Henderson County",
      "countryCode": "US",
      "stateCode": "TN"
   },
   {
      "name": "Hendersonville",
      "countryCode": "US",
      "stateCode": "TN"
   },
   {
      "name": "Henry County",
      "countryCode": "US",
      "stateCode": "TN"
   },
   {
      "name": "Hickman County",
      "countryCode": "US",
      "stateCode": "TN"
   },
   {
      "name": "Hickory Withe",
      "countryCode": "US",
      "stateCode": "TN"
   },
   {
      "name": "Hohenwald",
      "countryCode": "US",
      "stateCode": "TN"
   },
   {
      "name": "Hopewell",
      "countryCode": "US",
      "stateCode": "TN"
   },
   {
      "name": "Houston County",
      "countryCode": "US",
      "stateCode": "TN"
   },
   {
      "name": "Humboldt",
      "countryCode": "US",
      "stateCode": "TN"
   },
   {
      "name": "Humphreys County",
      "countryCode": "US",
      "stateCode": "TN"
   },
   {
      "name": "Hunter",
      "countryCode": "US",
      "stateCode": "TN"
   },
   {
      "name": "Huntingdon",
      "countryCode": "US",
      "stateCode": "TN"
   },
   {
      "name": "Huntsville",
      "countryCode": "US",
      "stateCode": "TN"
   },
   {
      "name": "Jacksboro",
      "countryCode": "US",
      "stateCode": "TN"
   },
   {
      "name": "Jackson",
      "countryCode": "US",
      "stateCode": "TN"
   },
   {
      "name": "Jackson County",
      "countryCode": "US",
      "stateCode": "TN"
   },
   {
      "name": "Jamestown",
      "countryCode": "US",
      "stateCode": "TN"
   },
   {
      "name": "Jasper",
      "countryCode": "US",
      "stateCode": "TN"
   },
   {
      "name": "Jefferson City",
      "countryCode": "US",
      "stateCode": "TN"
   },
   {
      "name": "Jefferson County",
      "countryCode": "US",
      "stateCode": "TN"
   },
   {
      "name": "Jellico",
      "countryCode": "US",
      "stateCode": "TN"
   },
   {
      "name": "Johnson City",
      "countryCode": "US",
      "stateCode": "TN"
   },
   {
      "name": "Johnson County",
      "countryCode": "US",
      "stateCode": "TN"
   },
   {
      "name": "Johnsonville",
      "countryCode": "US",
      "stateCode": "TN"
   },
   {
      "name": "Jonesborough",
      "countryCode": "US",
      "stateCode": "TN"
   },
   {
      "name": "Kenton",
      "countryCode": "US",
      "stateCode": "TN"
   },
   {
      "name": "Kimball",
      "countryCode": "US",
      "stateCode": "TN"
   },
   {
      "name": "Kingsport",
      "countryCode": "US",
      "stateCode": "TN"
   },
   {
      "name": "Kingston",
      "countryCode": "US",
      "stateCode": "TN"
   },
   {
      "name": "Kingston Springs",
      "countryCode": "US",
      "stateCode": "TN"
   },
   {
      "name": "Knox County",
      "countryCode": "US",
      "stateCode": "TN"
   },
   {
      "name": "Knoxville",
      "countryCode": "US",
      "stateCode": "TN"
   },
   {
      "name": "La Vergne",
      "countryCode": "US",
      "stateCode": "TN"
   },
   {
      "name": "LaFollette",
      "countryCode": "US",
      "stateCode": "TN"
   },
   {
      "name": "Lafayette",
      "countryCode": "US",
      "stateCode": "TN"
   },
   {
      "name": "Lake County",
      "countryCode": "US",
      "stateCode": "TN"
   },
   {
      "name": "Lake Tansi",
      "countryCode": "US",
      "stateCode": "TN"
   },
   {
      "name": "Lakeland",
      "countryCode": "US",
      "stateCode": "TN"
   },
   {
      "name": "Lakesite",
      "countryCode": "US",
      "stateCode": "TN"
   },
   {
      "name": "Lakewood",
      "countryCode": "US",
      "stateCode": "TN"
   },
   {
      "name": "Lauderdale County",
      "countryCode": "US",
      "stateCode": "TN"
   },
   {
      "name": "Lawrence County",
      "countryCode": "US",
      "stateCode": "TN"
   },
   {
      "name": "Lawrenceburg",
      "countryCode": "US",
      "stateCode": "TN"
   },
   {
      "name": "Lebanon",
      "countryCode": "US",
      "stateCode": "TN"
   },
   {
      "name": "Lenoir City",
      "countryCode": "US",
      "stateCode": "TN"
   },
   {
      "name": "Lewis County",
      "countryCode": "US",
      "stateCode": "TN"
   },
   {
      "name": "Lewisburg",
      "countryCode": "US",
      "stateCode": "TN"
   },
   {
      "name": "Lexington",
      "countryCode": "US",
      "stateCode": "TN"
   },
   {
      "name": "Lincoln County",
      "countryCode": "US",
      "stateCode": "TN"
   },
   {
      "name": "Linden",
      "countryCode": "US",
      "stateCode": "TN"
   },
   {
      "name": "Livingston",
      "countryCode": "US",
      "stateCode": "TN"
   },
   {
      "name": "Lone Oak",
      "countryCode": "US",
      "stateCode": "TN"
   },
   {
      "name": "Lookout Mountain",
      "countryCode": "US",
      "stateCode": "TN"
   },
   {
      "name": "Loretto",
      "countryCode": "US",
      "stateCode": "TN"
   },
   {
      "name": "Loudon",
      "countryCode": "US",
      "stateCode": "TN"
   },
   {
      "name": "Loudon County",
      "countryCode": "US",
      "stateCode": "TN"
   },
   {
      "name": "Louisville",
      "countryCode": "US",
      "stateCode": "TN"
   },
   {
      "name": "Luttrell",
      "countryCode": "US",
      "stateCode": "TN"
   },
   {
      "name": "Lynchburg",
      "countryCode": "US",
      "stateCode": "TN"
   },
   {
      "name": "Macon County",
      "countryCode": "US",
      "stateCode": "TN"
   },
   {
      "name": "Madison County",
      "countryCode": "US",
      "stateCode": "TN"
   },
   {
      "name": "Madisonville",
      "countryCode": "US",
      "stateCode": "TN"
   },
   {
      "name": "Manchester",
      "countryCode": "US",
      "stateCode": "TN"
   },
   {
      "name": "Marion County",
      "countryCode": "US",
      "stateCode": "TN"
   },
   {
      "name": "Marshall County",
      "countryCode": "US",
      "stateCode": "TN"
   },
   {
      "name": "Martin",
      "countryCode": "US",
      "stateCode": "TN"
   },
   {
      "name": "Maryville",
      "countryCode": "US",
      "stateCode": "TN"
   },
   {
      "name": "Mascot",
      "countryCode": "US",
      "stateCode": "TN"
   },
   {
      "name": "Mason",
      "countryCode": "US",
      "stateCode": "TN"
   },
   {
      "name": "Maury County",
      "countryCode": "US",
      "stateCode": "TN"
   },
   {
      "name": "Maynardville",
      "countryCode": "US",
      "stateCode": "TN"
   },
   {
      "name": "McEwen",
      "countryCode": "US",
      "stateCode": "TN"
   },
   {
      "name": "McKenzie",
      "countryCode": "US",
      "stateCode": "TN"
   },
   {
      "name": "McMinn County",
      "countryCode": "US",
      "stateCode": "TN"
   },
   {
      "name": "McMinnville",
      "countryCode": "US",
      "stateCode": "TN"
   },
   {
      "name": "McNairy County",
      "countryCode": "US",
      "stateCode": "TN"
   },
   {
      "name": "Medina",
      "countryCode": "US",
      "stateCode": "TN"
   },
   {
      "name": "Meigs County",
      "countryCode": "US",
      "stateCode": "TN"
   },
   {
      "name": "Memphis",
      "countryCode": "US",
      "stateCode": "TN"
   },
   {
      "name": "Middle Valley",
      "countryCode": "US",
      "stateCode": "TN"
   },
   {
      "name": "Midtown",
      "countryCode": "US",
      "stateCode": "TN"
   },
   {
      "name": "Midway",
      "countryCode": "US",
      "stateCode": "TN"
   },
   {
      "name": "Milan",
      "countryCode": "US",
      "stateCode": "TN"
   },
   {
      "name": "Millersville",
      "countryCode": "US",
      "stateCode": "TN"
   },
   {
      "name": "Millington",
      "countryCode": "US",
      "stateCode": "TN"
   },
   {
      "name": "Monroe County",
      "countryCode": "US",
      "stateCode": "TN"
   },
   {
      "name": "Monteagle",
      "countryCode": "US",
      "stateCode": "TN"
   },
   {
      "name": "Monterey",
      "countryCode": "US",
      "stateCode": "TN"
   },
   {
      "name": "Montgomery County",
      "countryCode": "US",
      "stateCode": "TN"
   },
   {
      "name": "Moore County",
      "countryCode": "US",
      "stateCode": "TN"
   },
   {
      "name": "Morgan County",
      "countryCode": "US",
      "stateCode": "TN"
   },
   {
      "name": "Morristown",
      "countryCode": "US",
      "stateCode": "TN"
   },
   {
      "name": "Mosheim",
      "countryCode": "US",
      "stateCode": "TN"
   },
   {
      "name": "Mount Carmel",
      "countryCode": "US",
      "stateCode": "TN"
   },
   {
      "name": "Mount Juliet",
      "countryCode": "US",
      "stateCode": "TN"
   },
   {
      "name": "Mount Pleasant",
      "countryCode": "US",
      "stateCode": "TN"
   },
   {
      "name": "Mountain City",
      "countryCode": "US",
      "stateCode": "TN"
   },
   {
      "name": "Mowbray Mountain",
      "countryCode": "US",
      "stateCode": "TN"
   },
   {
      "name": "Munford",
      "countryCode": "US",
      "stateCode": "TN"
   },
   {
      "name": "Murfreesboro",
      "countryCode": "US",
      "stateCode": "TN"
   },
   {
      "name": "Nashville",
      "countryCode": "US",
      "stateCode": "TN"
   },
   {
      "name": "New Hope",
      "countryCode": "US",
      "stateCode": "TN"
   },
   {
      "name": "New Johnsonville",
      "countryCode": "US",
      "stateCode": "TN"
   },
   {
      "name": "New Market",
      "countryCode": "US",
      "stateCode": "TN"
   },
   {
      "name": "New South Memphis",
      "countryCode": "US",
      "stateCode": "TN"
   },
   {
      "name": "New Tazewell",
      "countryCode": "US",
      "stateCode": "TN"
   },
   {
      "name": "New Union",
      "countryCode": "US",
      "stateCode": "TN"
   },
   {
      "name": "Newbern",
      "countryCode": "US",
      "stateCode": "TN"
   },
   {
      "name": "Newport",
      "countryCode": "US",
      "stateCode": "TN"
   },
   {
      "name": "Nolensville",
      "countryCode": "US",
      "stateCode": "TN"
   },
   {
      "name": "Norris",
      "countryCode": "US",
      "stateCode": "TN"
   },
   {
      "name": "Oak Grove",
      "countryCode": "US",
      "stateCode": "TN"
   },
   {
      "name": "Oak Hill",
      "countryCode": "US",
      "stateCode": "TN"
   },
   {
      "name": "Oak Ridge",
      "countryCode": "US",
      "stateCode": "TN"
   },
   {
      "name": "Oakland",
      "countryCode": "US",
      "stateCode": "TN"
   },
   {
      "name": "Obion",
      "countryCode": "US",
      "stateCode": "TN"
   },
   {
      "name": "Obion County",
      "countryCode": "US",
      "stateCode": "TN"
   },
   {
      "name": "Oliver Springs",
      "countryCode": "US",
      "stateCode": "TN"
   },
   {
      "name": "Olivet",
      "countryCode": "US",
      "stateCode": "TN"
   },
   {
      "name": "Oneida",
      "countryCode": "US",
      "stateCode": "TN"
   },
   {
      "name": "Overton County",
      "countryCode": "US",
      "stateCode": "TN"
   },
   {
      "name": "Paris",
      "countryCode": "US",
      "stateCode": "TN"
   },
   {
      "name": "Park City",
      "countryCode": "US",
      "stateCode": "TN"
   },
   {
      "name": "Parsons",
      "countryCode": "US",
      "stateCode": "TN"
   },
   {
      "name": "Pegram",
      "countryCode": "US",
      "stateCode": "TN"
   },
   {
      "name": "Perry County",
      "countryCode": "US",
      "stateCode": "TN"
   },
   {
      "name": "Pickett County",
      "countryCode": "US",
      "stateCode": "TN"
   },
   {
      "name": "Pigeon Forge",
      "countryCode": "US",
      "stateCode": "TN"
   },
   {
      "name": "Pikeville",
      "countryCode": "US",
      "stateCode": "TN"
   },
   {
      "name": "Pine Crest",
      "countryCode": "US",
      "stateCode": "TN"
   },
   {
      "name": "Piperton",
      "countryCode": "US",
      "stateCode": "TN"
   },
   {
      "name": "Plainview",
      "countryCode": "US",
      "stateCode": "TN"
   },
   {
      "name": "Pleasant View",
      "countryCode": "US",
      "stateCode": "TN"
   },
   {
      "name": "Polk County",
      "countryCode": "US",
      "stateCode": "TN"
   },
   {
      "name": "Portland",
      "countryCode": "US",
      "stateCode": "TN"
   },
   {
      "name": "Powells Crossroads",
      "countryCode": "US",
      "stateCode": "TN"
   },
   {
      "name": "Pulaski",
      "countryCode": "US",
      "stateCode": "TN"
   },
   {
      "name": "Putnam County",
      "countryCode": "US",
      "stateCode": "TN"
   },
   {
      "name": "Red Bank",
      "countryCode": "US",
      "stateCode": "TN"
   },
   {
      "name": "Red Boiling Springs",
      "countryCode": "US",
      "stateCode": "TN"
   },
   {
      "name": "Rhea County",
      "countryCode": "US",
      "stateCode": "TN"
   },
   {
      "name": "Ridgely",
      "countryCode": "US",
      "stateCode": "TN"
   },
   {
      "name": "Ridgetop",
      "countryCode": "US",
      "stateCode": "TN"
   },
   {
      "name": "Ripley",
      "countryCode": "US",
      "stateCode": "TN"
   },
   {
      "name": "Roan Mountain",
      "countryCode": "US",
      "stateCode": "TN"
   },
   {
      "name": "Roane County",
      "countryCode": "US",
      "stateCode": "TN"
   },
   {
      "name": "Robertson County",
      "countryCode": "US",
      "stateCode": "TN"
   },
   {
      "name": "Rockwood",
      "countryCode": "US",
      "stateCode": "TN"
   },
   {
      "name": "Rocky Top",
      "countryCode": "US",
      "stateCode": "TN"
   },
   {
      "name": "Rogersville",
      "countryCode": "US",
      "stateCode": "TN"
   },
   {
      "name": "Rural Hill",
      "countryCode": "US",
      "stateCode": "TN"
   },
   {
      "name": "Rutherford",
      "countryCode": "US",
      "stateCode": "TN"
   },
   {
      "name": "Rutherford County",
      "countryCode": "US",
      "stateCode": "TN"
   },
   {
      "name": "Rutledge",
      "countryCode": "US",
      "stateCode": "TN"
   },
   {
      "name": "Sale Creek",
      "countryCode": "US",
      "stateCode": "TN"
   },
   {
      "name": "Savannah",
      "countryCode": "US",
      "stateCode": "TN"
   },
   {
      "name": "Scott County",
      "countryCode": "US",
      "stateCode": "TN"
   },
   {
      "name": "Selmer",
      "countryCode": "US",
      "stateCode": "TN"
   },
   {
      "name": "Sequatchie County",
      "countryCode": "US",
      "stateCode": "TN"
   },
   {
      "name": "Sevier County",
      "countryCode": "US",
      "stateCode": "TN"
   },
   {
      "name": "Sevierville",
      "countryCode": "US",
      "stateCode": "TN"
   },
   {
      "name": "Sewanee",
      "countryCode": "US",
      "stateCode": "TN"
   },
   {
      "name": "Seymour",
      "countryCode": "US",
      "stateCode": "TN"
   },
   {
      "name": "Shackle Island",
      "countryCode": "US",
      "stateCode": "TN"
   },
   {
      "name": "Shelby County",
      "countryCode": "US",
      "stateCode": "TN"
   },
   {
      "name": "Shelbyville",
      "countryCode": "US",
      "stateCode": "TN"
   },
   {
      "name": "Signal Mountain",
      "countryCode": "US",
      "stateCode": "TN"
   },
   {
      "name": "Smith County",
      "countryCode": "US",
      "stateCode": "TN"
   },
   {
      "name": "Smithville",
      "countryCode": "US",
      "stateCode": "TN"
   },
   {
      "name": "Smyrna",
      "countryCode": "US",
      "stateCode": "TN"
   },
   {
      "name": "Sneedville",
      "countryCode": "US",
      "stateCode": "TN"
   },
   {
      "name": "Soddy-Daisy",
      "countryCode": "US",
      "stateCode": "TN"
   },
   {
      "name": "Somerville",
      "countryCode": "US",
      "stateCode": "TN"
   },
   {
      "name": "South Carthage",
      "countryCode": "US",
      "stateCode": "TN"
   },
   {
      "name": "South Cleveland",
      "countryCode": "US",
      "stateCode": "TN"
   },
   {
      "name": "South Fulton",
      "countryCode": "US",
      "stateCode": "TN"
   },
   {
      "name": "South Pittsburg",
      "countryCode": "US",
      "stateCode": "TN"
   },
   {
      "name": "Sparta",
      "countryCode": "US",
      "stateCode": "TN"
   },
   {
      "name": "Spencer",
      "countryCode": "US",
      "stateCode": "TN"
   },
   {
      "name": "Spring City",
      "countryCode": "US",
      "stateCode": "TN"
   },
   {
      "name": "Spring Hill",
      "countryCode": "US",
      "stateCode": "TN"
   },
   {
      "name": "Springfield",
      "countryCode": "US",
      "stateCode": "TN"
   },
   {
      "name": "Spurgeon",
      "countryCode": "US",
      "stateCode": "TN"
   },
   {
      "name": "Stewart County",
      "countryCode": "US",
      "stateCode": "TN"
   },
   {
      "name": "Sullivan County",
      "countryCode": "US",
      "stateCode": "TN"
   },
   {
      "name": "Sumner County",
      "countryCode": "US",
      "stateCode": "TN"
   },
   {
      "name": "Surgoinsville",
      "countryCode": "US",
      "stateCode": "TN"
   },
   {
      "name": "Sweetwater",
      "countryCode": "US",
      "stateCode": "TN"
   },
   {
      "name": "Tazewell",
      "countryCode": "US",
      "stateCode": "TN"
   },
   {
      "name": "Tellico Village",
      "countryCode": "US",
      "stateCode": "TN"
   },
   {
      "name": "Tennessee Ridge",
      "countryCode": "US",
      "stateCode": "TN"
   },
   {
      "name": "Thompson's Station",
      "countryCode": "US",
      "stateCode": "TN"
   },
   {
      "name": "Three Way",
      "countryCode": "US",
      "stateCode": "TN"
   },
   {
      "name": "Tipton County",
      "countryCode": "US",
      "stateCode": "TN"
   },
   {
      "name": "Tiptonville",
      "countryCode": "US",
      "stateCode": "TN"
   },
   {
      "name": "Tracy City",
      "countryCode": "US",
      "stateCode": "TN"
   },
   {
      "name": "Trenton",
      "countryCode": "US",
      "stateCode": "TN"
   },
   {
      "name": "Trousdale County",
      "countryCode": "US",
      "stateCode": "TN"
   },
   {
      "name": "Troy",
      "countryCode": "US",
      "stateCode": "TN"
   },
   {
      "name": "Tullahoma",
      "countryCode": "US",
      "stateCode": "TN"
   },
   {
      "name": "Tusculum",
      "countryCode": "US",
      "stateCode": "TN"
   },
   {
      "name": "Unicoi",
      "countryCode": "US",
      "stateCode": "TN"
   },
   {
      "name": "Unicoi County",
      "countryCode": "US",
      "stateCode": "TN"
   },
   {
      "name": "Union City",
      "countryCode": "US",
      "stateCode": "TN"
   },
   {
      "name": "Union County",
      "countryCode": "US",
      "stateCode": "TN"
   },
   {
      "name": "Unionville",
      "countryCode": "US",
      "stateCode": "TN"
   },
   {
      "name": "Van Buren County",
      "countryCode": "US",
      "stateCode": "TN"
   },
   {
      "name": "Vonore",
      "countryCode": "US",
      "stateCode": "TN"
   },
   {
      "name": "Walden",
      "countryCode": "US",
      "stateCode": "TN"
   },
   {
      "name": "Walnut Hill",
      "countryCode": "US",
      "stateCode": "TN"
   },
   {
      "name": "Warren County",
      "countryCode": "US",
      "stateCode": "TN"
   },
   {
      "name": "Wartburg",
      "countryCode": "US",
      "stateCode": "TN"
   },
   {
      "name": "Washington County",
      "countryCode": "US",
      "stateCode": "TN"
   },
   {
      "name": "Watertown",
      "countryCode": "US",
      "stateCode": "TN"
   },
   {
      "name": "Waverly",
      "countryCode": "US",
      "stateCode": "TN"
   },
   {
      "name": "Wayne County",
      "countryCode": "US",
      "stateCode": "TN"
   },
   {
      "name": "Waynesboro",
      "countryCode": "US",
      "stateCode": "TN"
   },
   {
      "name": "Weakley County",
      "countryCode": "US",
      "stateCode": "TN"
   },
   {
      "name": "Westmoreland",
      "countryCode": "US",
      "stateCode": "TN"
   },
   {
      "name": "White Bluff",
      "countryCode": "US",
      "stateCode": "TN"
   },
   {
      "name": "White County",
      "countryCode": "US",
      "stateCode": "TN"
   },
   {
      "name": "White House",
      "countryCode": "US",
      "stateCode": "TN"
   },
   {
      "name": "White Pine",
      "countryCode": "US",
      "stateCode": "TN"
   },
   {
      "name": "Whiteville",
      "countryCode": "US",
      "stateCode": "TN"
   },
   {
      "name": "Whitwell",
      "countryCode": "US",
      "stateCode": "TN"
   },
   {
      "name": "Wildwood",
      "countryCode": "US",
      "stateCode": "TN"
   },
   {
      "name": "Wildwood Lake",
      "countryCode": "US",
      "stateCode": "TN"
   },
   {
      "name": "Williamson County",
      "countryCode": "US",
      "stateCode": "TN"
   },
   {
      "name": "Wilson County",
      "countryCode": "US",
      "stateCode": "TN"
   },
   {
      "name": "Winchester",
      "countryCode": "US",
      "stateCode": "TN"
   },
   {
      "name": "Woodbury",
      "countryCode": "US",
      "stateCode": "TN"
   }
]