[
   {
      "name": "Concepción",
      "countryCode": "GT",
      "stateCode": "SO",
      "latitude": "14.78417000",
      "longitude": "-91.14754000"
   },
   {
      "name": "Municipio de Nahualá",
      "countryCode": "GT",
      "stateCode": "SO",
      "latitude": "14.77548000",
      "longitude": "-91.41616000"
   },
   {
      "name": "Municipio de Panajachel",
      "countryCode": "GT",
      "stateCode": "SO",
      "latitude": "14.74676000",
      "longitude": "-91.14935000"
   },
   {
      "name": "Municipio de Santa Catarina Palopó",
      "countryCode": "GT",
      "stateCode": "SO",
      "latitude": "14.71794000",
      "longitude": "-91.13060000"
   },
   {
      "name": "Municipio de Santa Cruz La Laguna",
      "countryCode": "GT",
      "stateCode": "SO",
      "latitude": "14.74324000",
      "longitude": "-91.22178000"
   },
   {
      "name": "Nahualá",
      "countryCode": "GT",
      "stateCode": "SO",
      "latitude": "14.84290000",
      "longitude": "-91.31799000"
   },
   {
      "name": "Panajachel",
      "countryCode": "GT",
      "stateCode": "SO",
      "latitude": "14.74185000",
      "longitude": "-91.15676000"
   },
   {
      "name": "San Andrés Semetabaj",
      "countryCode": "GT",
      "stateCode": "SO",
      "latitude": "14.74497000",
      "longitude": "-91.13344000"
   },
   {
      "name": "San Antonio Palopó",
      "countryCode": "GT",
      "stateCode": "SO",
      "latitude": "14.69232000",
      "longitude": "-91.11638000"
   },
   {
      "name": "San José Chacayá",
      "countryCode": "GT",
      "stateCode": "SO",
      "latitude": "14.77096000",
      "longitude": "-91.21564000"
   },
   {
      "name": "San Juan La Laguna",
      "countryCode": "GT",
      "stateCode": "SO",
      "latitude": "14.69453000",
      "longitude": "-91.28666000"
   },
   {
      "name": "San Lucas Tolimán",
      "countryCode": "GT",
      "stateCode": "SO",
      "latitude": "14.59471000",
      "longitude": "-91.14659000"
   },
   {
      "name": "San Marcos La Laguna",
      "countryCode": "GT",
      "stateCode": "SO",
      "latitude": "14.72504000",
      "longitude": "-91.25844000"
   },
   {
      "name": "San Pablo La Laguna",
      "countryCode": "GT",
      "stateCode": "SO",
      "latitude": "14.72092000",
      "longitude": "-91.27242000"
   },
   {
      "name": "San Pedro La Laguna",
      "countryCode": "GT",
      "stateCode": "SO",
      "latitude": "14.69297000",
      "longitude": "-91.27201000"
   },
   {
      "name": "Santa Catarina Ixtahuacán",
      "countryCode": "GT",
      "stateCode": "SO",
      "latitude": "14.79797000",
      "longitude": "-91.35866000"
   },
   {
      "name": "Santa Catarina Palopó",
      "countryCode": "GT",
      "stateCode": "SO",
      "latitude": "14.72335000",
      "longitude": "-91.13428000"
   },
   {
      "name": "Santa Clara La Laguna",
      "countryCode": "GT",
      "stateCode": "SO",
      "latitude": "14.71509000",
      "longitude": "-91.30355000"
   },
   {
      "name": "Santa Cruz La Laguna",
      "countryCode": "GT",
      "stateCode": "SO",
      "latitude": "14.74421000",
      "longitude": "-91.20716000"
   },
   {
      "name": "Santa Lucía Utatlán",
      "countryCode": "GT",
      "stateCode": "SO",
      "latitude": "14.77135000",
      "longitude": "-91.26700000"
   },
   {
      "name": "Santa María Visitación",
      "countryCode": "GT",
      "stateCode": "SO",
      "latitude": "14.71717000",
      "longitude": "-91.30844000"
   },
   {
      "name": "Santiago Atitlán",
      "countryCode": "GT",
      "stateCode": "SO",
      "latitude": "14.63823000",
      "longitude": "-91.22901000"
   },
   {
      "name": "Sololá",
      "countryCode": "GT",
      "stateCode": "SO",
      "latitude": "14.77222000",
      "longitude": "-91.18333000"
   }
]