[
   {
      "name": "Acorizal",
      "countryCode": "BR",
      "stateCode": "MT",
      "latitude": "-15.17336000",
      "longitude": "-56.30434000"
   },
   {
      "name": "Alta Floresta",
      "countryCode": "BR",
      "stateCode": "MT",
      "latitude": "-9.87556000",
      "longitude": "-56.08611000"
   },
   {
      "name": "Alto Araguaia",
      "countryCode": "BR",
      "stateCode": "MT",
      "latitude": "-17.48438000",
      "longitude": "-53.40594000"
   },
   {
      "name": "Alto Boa Vista",
      "countryCode": "BR",
      "stateCode": "MT",
      "latitude": "-11.82825000",
      "longitude": "-51.74596000"
   },
   {
      "name": "Alto Garças",
      "countryCode": "BR",
      "stateCode": "MT",
      "latitude": "-16.81961000",
      "longitude": "-53.62461000"
   },
   {
      "name": "Alto Paraguai",
      "countryCode": "BR",
      "stateCode": "MT",
      "latitude": "-14.76851000",
      "longitude": "-56.72113000"
   },
   {
      "name": "Alto Taquari",
      "countryCode": "BR",
      "stateCode": "MT",
      "latitude": "-17.76618000",
      "longitude": "-53.28010000"
   },
   {
      "name": "Apiacás",
      "countryCode": "BR",
      "stateCode": "MT",
      "latitude": "-9.03962000",
      "longitude": "-57.75949000"
   },
   {
      "name": "Araguaiana",
      "countryCode": "BR",
      "stateCode": "MT",
      "latitude": "-15.73389000",
      "longitude": "-51.83139000"
   },
   {
      "name": "Araguainha",
      "countryCode": "BR",
      "stateCode": "MT",
      "latitude": "-16.78427000",
      "longitude": "-53.07981000"
   },
   {
      "name": "Araputanga",
      "countryCode": "BR",
      "stateCode": "MT",
      "latitude": "-15.17477000",
      "longitude": "-58.49729000"
   },
   {
      "name": "Arenápolis",
      "countryCode": "BR",
      "stateCode": "MT",
      "latitude": "-14.45028000",
      "longitude": "-56.84611000"
   },
   {
      "name": "Aripuanã",
      "countryCode": "BR",
      "stateCode": "MT",
      "latitude": "-9.16667000",
      "longitude": "-60.63333000"
   },
   {
      "name": "Barra do Bugres",
      "countryCode": "BR",
      "stateCode": "MT",
      "latitude": "-15.07250000",
      "longitude": "-57.18111000"
   },
   {
      "name": "Barra do Garças",
      "countryCode": "BR",
      "stateCode": "MT",
      "latitude": "-15.89000000",
      "longitude": "-52.25667000"
   },
   {
      "name": "Barão de Melgaço",
      "countryCode": "BR",
      "stateCode": "MT",
      "latitude": "-16.19444000",
      "longitude": "-55.96750000"
   },
   {
      "name": "Bom Jesus do Araguaia",
      "countryCode": "BR",
      "stateCode": "MT",
      "latitude": "-12.27879000",
      "longitude": "-51.75156000"
   },
   {
      "name": "Brasnorte",
      "countryCode": "BR",
      "stateCode": "MT",
      "latitude": "-12.24899000",
      "longitude": "-58.00289000"
   },
   {
      "name": "Campinápolis",
      "countryCode": "BR",
      "stateCode": "MT",
      "latitude": "-14.30712000",
      "longitude": "-53.15586000"
   },
   {
      "name": "Campo Novo do Parecis",
      "countryCode": "BR",
      "stateCode": "MT",
      "latitude": "-13.62657000",
      "longitude": "-58.02125000"
   },
   {
      "name": "Campo Verde",
      "countryCode": "BR",
      "stateCode": "MT",
      "latitude": "-15.37926000",
      "longitude": "-54.92950000"
   },
   {
      "name": "Campos de Júlio",
      "countryCode": "BR",
      "stateCode": "MT",
      "latitude": "-13.63297000",
      "longitude": "-59.17849000"
   },
   {
      "name": "CanaBrava do Norte",
      "countryCode": "BR",
      "stateCode": "MT",
      "latitude": "-11.18113000",
      "longitude": "-51.86378000"
   },
   {
      "name": "Canarana",
      "countryCode": "BR",
      "stateCode": "MT",
      "latitude": "-13.17747000",
      "longitude": "-52.37104000"
   },
   {
      "name": "Carlinda",
      "countryCode": "BR",
      "stateCode": "MT",
      "latitude": "-10.03792000",
      "longitude": "-55.85086000"
   },
   {
      "name": "Castanheira",
      "countryCode": "BR",
      "stateCode": "MT",
      "latitude": "-10.87932000",
      "longitude": "-58.65100000"
   },
   {
      "name": "Chapada dos Guimarães",
      "countryCode": "BR",
      "stateCode": "MT",
      "latitude": "-15.02015000",
      "longitude": "-55.53735000"
   },
   {
      "name": "Cláudia",
      "countryCode": "BR",
      "stateCode": "MT",
      "latitude": "-11.45086000",
      "longitude": "-54.99828000"
   },
   {
      "name": "Cocalinho",
      "countryCode": "BR",
      "stateCode": "MT",
      "latitude": "-13.80273000",
      "longitude": "-51.15344000"
   },
   {
      "name": "Colniza",
      "countryCode": "BR",
      "stateCode": "MT",
      "latitude": "-9.29188000",
      "longitude": "-60.30457000"
   },
   {
      "name": "Colíder",
      "countryCode": "BR",
      "stateCode": "MT",
      "latitude": "-10.56333000",
      "longitude": "-55.44573000"
   },
   {
      "name": "Comodoro",
      "countryCode": "BR",
      "stateCode": "MT",
      "latitude": "-13.32583000",
      "longitude": "-59.82145000"
   },
   {
      "name": "Confresa",
      "countryCode": "BR",
      "stateCode": "MT",
      "latitude": "-10.30959000",
      "longitude": "-51.73651000"
   },
   {
      "name": "Conquista D'oeste",
      "countryCode": "BR",
      "stateCode": "MT",
      "latitude": "-14.61506000",
      "longitude": "-59.26741000"
   },
   {
      "name": "Cotriguaçu",
      "countryCode": "BR",
      "stateCode": "MT",
      "latitude": "-9.50334000",
      "longitude": "-58.79134000"
   },
   {
      "name": "Cuiabá",
      "countryCode": "BR",
      "stateCode": "MT",
      "latitude": "-15.41924000",
      "longitude": "-55.89023000"
   },
   {
      "name": "Curvelândia",
      "countryCode": "BR",
      "stateCode": "MT",
      "latitude": "-15.63715000",
      "longitude": "-57.84548000"
   },
   {
      "name": "Cáceres",
      "countryCode": "BR",
      "stateCode": "MT",
      "latitude": "-16.42263000",
      "longitude": "-57.71082000"
   },
   {
      "name": "Denise",
      "countryCode": "BR",
      "stateCode": "MT",
      "latitude": "-14.75742000",
      "longitude": "-56.95115000"
   },
   {
      "name": "Diamantino",
      "countryCode": "BR",
      "stateCode": "MT",
      "latitude": "-14.02239000",
      "longitude": "-56.77742000"
   },
   {
      "name": "Dom Aquino",
      "countryCode": "BR",
      "stateCode": "MT",
      "latitude": "-15.72098000",
      "longitude": "-54.83043000"
   },
   {
      "name": "Feliz Natal",
      "countryCode": "BR",
      "stateCode": "MT",
      "latitude": "-11.93599000",
      "longitude": "-54.23925000"
   },
   {
      "name": "Figueirópolis d'Oeste",
      "countryCode": "BR",
      "stateCode": "MT",
      "latitude": "-15.48700000",
      "longitude": "-58.69723000"
   },
   {
      "name": "Gaúcha do Norte",
      "countryCode": "BR",
      "stateCode": "MT",
      "latitude": "-12.99365000",
      "longitude": "-53.52264000"
   },
   {
      "name": "General Carneiro",
      "countryCode": "BR",
      "stateCode": "MT",
      "latitude": "-15.51539000",
      "longitude": "-53.29790000"
   },
   {
      "name": "Glória d'Oeste",
      "countryCode": "BR",
      "stateCode": "MT",
      "latitude": "-15.91309000",
      "longitude": "-58.30449000"
   },
   {
      "name": "Guarantã do Norte",
      "countryCode": "BR",
      "stateCode": "MT",
      "latitude": "-9.75597000",
      "longitude": "-54.72890000"
   },
   {
      "name": "Guiratinga",
      "countryCode": "BR",
      "stateCode": "MT",
      "latitude": "-16.34534000",
      "longitude": "-53.76177000"
   },
   {
      "name": "Indiavaí",
      "countryCode": "BR",
      "stateCode": "MT",
      "latitude": "-15.31484000",
      "longitude": "-58.62960000"
   },
   {
      "name": "Ipiranga do Norte",
      "countryCode": "BR",
      "stateCode": "MT",
      "latitude": "-12.24000000",
      "longitude": "-56.14000000"
   },
   {
      "name": "Itanhangá",
      "countryCode": "BR",
      "stateCode": "MT",
      "latitude": "-12.17000000",
      "longitude": "-56.68000000"
   },
   {
      "name": "Itaúba",
      "countryCode": "BR",
      "stateCode": "MT",
      "latitude": "-11.09537000",
      "longitude": "-55.58848000"
   },
   {
      "name": "Itiquira",
      "countryCode": "BR",
      "stateCode": "MT",
      "latitude": "-17.39441000",
      "longitude": "-54.76988000"
   },
   {
      "name": "Jaciara",
      "countryCode": "BR",
      "stateCode": "MT",
      "latitude": "-15.96528000",
      "longitude": "-54.96833000"
   },
   {
      "name": "Jangada",
      "countryCode": "BR",
      "stateCode": "MT",
      "latitude": "-15.33758000",
      "longitude": "-56.54282000"
   },
   {
      "name": "Jauru",
      "countryCode": "BR",
      "stateCode": "MT",
      "latitude": "-15.32452000",
      "longitude": "-58.84580000"
   },
   {
      "name": "Juara",
      "countryCode": "BR",
      "stateCode": "MT",
      "latitude": "-11.09828000",
      "longitude": "-57.49159000"
   },
   {
      "name": "Juruena",
      "countryCode": "BR",
      "stateCode": "MT",
      "latitude": "-10.28992000",
      "longitude": "-58.65303000"
   },
   {
      "name": "Juscimeira",
      "countryCode": "BR",
      "stateCode": "MT",
      "latitude": "-16.20525000",
      "longitude": "-54.88029000"
   },
   {
      "name": "Juína",
      "countryCode": "BR",
      "stateCode": "MT",
      "latitude": "-11.40329000",
      "longitude": "-59.50810000"
   },
   {
      "name": "Lambari d'Oeste",
      "countryCode": "BR",
      "stateCode": "MT",
      "latitude": "-15.65457000",
      "longitude": "-57.78813000"
   },
   {
      "name": "Lucas",
      "countryCode": "BR",
      "stateCode": "MT",
      "latitude": "-16.33333000",
      "longitude": "-55.93333000"
   },
   {
      "name": "Lucas do Rio Verde",
      "countryCode": "BR",
      "stateCode": "MT",
      "latitude": "-13.04098000",
      "longitude": "-56.15577000"
   },
   {
      "name": "Luciara",
      "countryCode": "BR",
      "stateCode": "MT",
      "latitude": "-11.01415000",
      "longitude": "-50.94299000"
   },
   {
      "name": "Marcelândia",
      "countryCode": "BR",
      "stateCode": "MT",
      "latitude": "-11.00372000",
      "longitude": "-54.13318000"
   },
   {
      "name": "Matupá",
      "countryCode": "BR",
      "stateCode": "MT",
      "latitude": "-10.01532000",
      "longitude": "-54.35496000"
   },
   {
      "name": "Mirassol d'Oeste",
      "countryCode": "BR",
      "stateCode": "MT",
      "latitude": "-15.63523000",
      "longitude": "-58.00508000"
   },
   {
      "name": "Nobres",
      "countryCode": "BR",
      "stateCode": "MT",
      "latitude": "-14.72028000",
      "longitude": "-56.32750000"
   },
   {
      "name": "Nortelândia",
      "countryCode": "BR",
      "stateCode": "MT",
      "latitude": "-14.45472000",
      "longitude": "-56.80278000"
   },
   {
      "name": "Nossa Senhora do Livramento",
      "countryCode": "BR",
      "stateCode": "MT",
      "latitude": "-15.93447000",
      "longitude": "-56.54590000"
   },
   {
      "name": "Nova Bandeirantes",
      "countryCode": "BR",
      "stateCode": "MT",
      "latitude": "-9.68571000",
      "longitude": "-58.01840000"
   },
   {
      "name": "Nova Brasilândia",
      "countryCode": "BR",
      "stateCode": "MT",
      "latitude": "-14.75742000",
      "longitude": "-55.10534000"
   },
   {
      "name": "Nova Canaã do Norte",
      "countryCode": "BR",
      "stateCode": "MT",
      "latitude": "-10.71987000",
      "longitude": "-56.03436000"
   },
   {
      "name": "Nova Guarita",
      "countryCode": "BR",
      "stateCode": "MT",
      "latitude": "-10.28525000",
      "longitude": "-55.33730000"
   },
   {
      "name": "Nova Lacerda",
      "countryCode": "BR",
      "stateCode": "MT",
      "latitude": "-14.26732000",
      "longitude": "-59.79280000"
   },
   {
      "name": "Nova Marilândia",
      "countryCode": "BR",
      "stateCode": "MT",
      "latitude": "-14.31258000",
      "longitude": "-57.26088000"
   },
   {
      "name": "Nova Maringá",
      "countryCode": "BR",
      "stateCode": "MT",
      "latitude": "-12.98384000",
      "longitude": "-57.19167000"
   },
   {
      "name": "Nova Monte Verde",
      "countryCode": "BR",
      "stateCode": "MT",
      "latitude": "-9.99743000",
      "longitude": "-57.29768000"
   },
   {
      "name": "Nova Mutum",
      "countryCode": "BR",
      "stateCode": "MT",
      "latitude": "-13.58906000",
      "longitude": "-56.15193000"
   },
   {
      "name": "Nova Nazaré",
      "countryCode": "BR",
      "stateCode": "MT",
      "latitude": "-14.14648000",
      "longitude": "-51.79821000"
   },
   {
      "name": "Nova Olímpia",
      "countryCode": "BR",
      "stateCode": "MT",
      "latitude": "-14.79722000",
      "longitude": "-57.28806000"
   },
   {
      "name": "Nova Santa Helena",
      "countryCode": "BR",
      "stateCode": "MT",
      "latitude": "-10.92036000",
      "longitude": "-54.90636000"
   },
   {
      "name": "Nova Ubiratã",
      "countryCode": "BR",
      "stateCode": "MT",
      "latitude": "-12.68233000",
      "longitude": "-54.47729000"
   },
   {
      "name": "Nova Xavantina",
      "countryCode": "BR",
      "stateCode": "MT",
      "latitude": "-14.66463000",
      "longitude": "-52.35558000"
   },
   {
      "name": "Novo Horizonte do Norte",
      "countryCode": "BR",
      "stateCode": "MT",
      "latitude": "-11.37917000",
      "longitude": "-57.28359000"
   },
   {
      "name": "Novo Mundo",
      "countryCode": "BR",
      "stateCode": "MT",
      "latitude": "-9.83661000",
      "longitude": "-55.31349000"
   },
   {
      "name": "Novo Santo Antônio",
      "countryCode": "BR",
      "stateCode": "MT",
      "latitude": "-12.32606000",
      "longitude": "-50.91431000"
   },
   {
      "name": "Novo São Joaquim",
      "countryCode": "BR",
      "stateCode": "MT",
      "latitude": "-15.09570000",
      "longitude": "-53.29575000"
   },
   {
      "name": "Paranatinga",
      "countryCode": "BR",
      "stateCode": "MT",
      "latitude": "-13.34326000",
      "longitude": "-54.01552000"
   },
   {
      "name": "Paranaíta",
      "countryCode": "BR",
      "stateCode": "MT",
      "latitude": "-9.56371000",
      "longitude": "-56.76536000"
   },
   {
      "name": "Pedra Preta",
      "countryCode": "BR",
      "stateCode": "MT",
      "latitude": "-16.76381000",
      "longitude": "-54.16343000"
   },
   {
      "name": "Peixoto de Azevedo",
      "countryCode": "BR",
      "stateCode": "MT",
      "latitude": "-10.14722000",
      "longitude": "-53.58639000"
   },
   {
      "name": "Planalto da Serra",
      "countryCode": "BR",
      "stateCode": "MT",
      "latitude": "-14.56524000",
      "longitude": "-54.67771000"
   },
   {
      "name": "Poconé",
      "countryCode": "BR",
      "stateCode": "MT",
      "latitude": "-16.25667000",
      "longitude": "-56.62278000"
   },
   {
      "name": "Pontal do Araguaia",
      "countryCode": "BR",
      "stateCode": "MT",
      "latitude": "-15.96755000",
      "longitude": "-52.75421000"
   },
   {
      "name": "Ponte Branca",
      "countryCode": "BR",
      "stateCode": "MT",
      "latitude": "-16.65050000",
      "longitude": "-52.90238000"
   },
   {
      "name": "Pontes e Lacerda",
      "countryCode": "BR",
      "stateCode": "MT",
      "latitude": "-15.22611000",
      "longitude": "-59.33528000"
   },
   {
      "name": "Porto Alegre do Norte",
      "countryCode": "BR",
      "stateCode": "MT",
      "latitude": "-10.85081000",
      "longitude": "-51.76934000"
   },
   {
      "name": "Porto Esperidião",
      "countryCode": "BR",
      "stateCode": "MT",
      "latitude": "-15.88622000",
      "longitude": "-58.97107000"
   },
   {
      "name": "Porto Estrela",
      "countryCode": "BR",
      "stateCode": "MT",
      "latitude": "-15.51966000",
      "longitude": "-57.22942000"
   },
   {
      "name": "Porto dos Gaúchos",
      "countryCode": "BR",
      "stateCode": "MT",
      "latitude": "-11.76043000",
      "longitude": "-56.85721000"
   },
   {
      "name": "Poxoréo",
      "countryCode": "BR",
      "stateCode": "MT",
      "latitude": "-15.83722000",
      "longitude": "-54.38917000"
   },
   {
      "name": "Poxoréu",
      "countryCode": "BR",
      "stateCode": "MT",
      "latitude": "-15.75635000",
      "longitude": "-54.11866000"
   },
   {
      "name": "Primavera do Leste",
      "countryCode": "BR",
      "stateCode": "MT",
      "latitude": "-15.14064000",
      "longitude": "-54.19501000"
   },
   {
      "name": "Querência",
      "countryCode": "BR",
      "stateCode": "MT",
      "latitude": "-12.32120000",
      "longitude": "-52.54760000"
   },
   {
      "name": "Reserva do Cabaçal",
      "countryCode": "BR",
      "stateCode": "MT",
      "latitude": "-14.92946000",
      "longitude": "-58.45849000"
   },
   {
      "name": "Ribeirão Cascalheira",
      "countryCode": "BR",
      "stateCode": "MT",
      "latitude": "-12.73516000",
      "longitude": "-51.71456000"
   },
   {
      "name": "Ribeirãozinho",
      "countryCode": "BR",
      "stateCode": "MT",
      "latitude": "-16.50143000",
      "longitude": "-52.75910000"
   },
   {
      "name": "Rio Branco",
      "countryCode": "BR",
      "stateCode": "MT",
      "latitude": "-15.31117000",
      "longitude": "-58.12450000"
   },
   {
      "name": "Rondolândia",
      "countryCode": "BR",
      "stateCode": "MT",
      "latitude": "-10.27573000",
      "longitude": "-61.06224000"
   },
   {
      "name": "Rondonópolis",
      "countryCode": "BR",
      "stateCode": "MT",
      "latitude": "-16.47083000",
      "longitude": "-54.63556000"
   },
   {
      "name": "Rosário Oeste",
      "countryCode": "BR",
      "stateCode": "MT",
      "latitude": "-14.83611000",
      "longitude": "-56.42750000"
   },
   {
      "name": "Salto do Céu",
      "countryCode": "BR",
      "stateCode": "MT",
      "latitude": "-15.13439000",
      "longitude": "-57.95902000"
   },
   {
      "name": "Santa Carmem",
      "countryCode": "BR",
      "stateCode": "MT",
      "latitude": "-11.90602000",
      "longitude": "-54.80769000"
   },
   {
      "name": "Santa Cruz do Xingu",
      "countryCode": "BR",
      "stateCode": "MT",
      "latitude": "-10.15595000",
      "longitude": "-52.49799000"
   },
   {
      "name": "Santa Rita do Trivelato",
      "countryCode": "BR",
      "stateCode": "MT",
      "latitude": "-13.71416000",
      "longitude": "-55.40171000"
   },
   {
      "name": "Santa Terezinha",
      "countryCode": "BR",
      "stateCode": "MT",
      "latitude": "-10.39138000",
      "longitude": "-50.83261000"
   },
   {
      "name": "Santo Afonso",
      "countryCode": "BR",
      "stateCode": "MT",
      "latitude": "-14.46134000",
      "longitude": "-57.38575000"
   },
   {
      "name": "Santo Antônio do Leste",
      "countryCode": "BR",
      "stateCode": "MT",
      "latitude": "-14.82454000",
      "longitude": "-53.74136000"
   },
   {
      "name": "Santo Antônio do Leverger",
      "countryCode": "BR",
      "stateCode": "MT",
      "latitude": "-16.78576000",
      "longitude": "-55.31327000"
   },
   {
      "name": "Sapezal",
      "countryCode": "BR",
      "stateCode": "MT",
      "latitude": "-13.16448000",
      "longitude": "-58.68788000"
   },
   {
      "name": "Serra Nova Dourada",
      "countryCode": "BR",
      "stateCode": "MT",
      "latitude": "-12.02901000",
      "longitude": "-51.33412000"
   },
   {
      "name": "Sinop",
      "countryCode": "BR",
      "stateCode": "MT",
      "latitude": "-11.86417000",
      "longitude": "-55.50250000"
   },
   {
      "name": "Sorriso",
      "countryCode": "BR",
      "stateCode": "MT",
      "latitude": "-12.68167000",
      "longitude": "-55.69953000"
   },
   {
      "name": "São Félix do Araguaia",
      "countryCode": "BR",
      "stateCode": "MT",
      "latitude": "-11.44230000",
      "longitude": "-52.13916000"
   },
   {
      "name": "São José do Povo",
      "countryCode": "BR",
      "stateCode": "MT",
      "latitude": "-16.44547000",
      "longitude": "-54.28499000"
   },
   {
      "name": "São José do Rio Claro",
      "countryCode": "BR",
      "stateCode": "MT",
      "latitude": "-13.52704000",
      "longitude": "-56.85065000"
   },
   {
      "name": "São José do Xingu",
      "countryCode": "BR",
      "stateCode": "MT",
      "latitude": "-10.72794000",
      "longitude": "-52.62112000"
   },
   {
      "name": "São José dos Quatro Marcos",
      "countryCode": "BR",
      "stateCode": "MT",
      "latitude": "-15.56664000",
      "longitude": "-58.29717000"
   },
   {
      "name": "São Pedro da Cipa",
      "countryCode": "BR",
      "stateCode": "MT",
      "latitude": "-15.95162000",
      "longitude": "-54.77958000"
   },
   {
      "name": "Tabaporã",
      "countryCode": "BR",
      "stateCode": "MT",
      "latitude": "-11.05295000",
      "longitude": "-56.64189000"
   },
   {
      "name": "Tangará da Serra",
      "countryCode": "BR",
      "stateCode": "MT",
      "latitude": "-14.52323000",
      "longitude": "-58.09862000"
   },
   {
      "name": "Tapurah",
      "countryCode": "BR",
      "stateCode": "MT",
      "latitude": "-12.74260000",
      "longitude": "-56.46149000"
   },
   {
      "name": "Terra Nova do Norte",
      "countryCode": "BR",
      "stateCode": "MT",
      "latitude": "-10.49541000",
      "longitude": "-54.95547000"
   },
   {
      "name": "Tesouro",
      "countryCode": "BR",
      "stateCode": "MT",
      "latitude": "-15.94904000",
      "longitude": "-53.43342000"
   },
   {
      "name": "Torixoréu",
      "countryCode": "BR",
      "stateCode": "MT",
      "latitude": "-16.27591000",
      "longitude": "-52.88117000"
   },
   {
      "name": "União do Sul",
      "countryCode": "BR",
      "stateCode": "MT",
      "latitude": "-11.47198000",
      "longitude": "-54.18806000"
   },
   {
      "name": "Vale de São Domingos",
      "countryCode": "BR",
      "stateCode": "MT",
      "latitude": "-14.97590000",
      "longitude": "-58.96377000"
   },
   {
      "name": "Vera",
      "countryCode": "BR",
      "stateCode": "MT",
      "latitude": "-12.46612000",
      "longitude": "-55.34810000"
   },
   {
      "name": "Vila Bela da Santíssima Trindade",
      "countryCode": "BR",
      "stateCode": "MT",
      "latitude": "-14.89148000",
      "longitude": "-60.05777000"
   },
   {
      "name": "Vila Rica",
      "countryCode": "BR",
      "stateCode": "MT",
      "latitude": "-10.13413000",
      "longitude": "-51.41369000"
   },
   {
      "name": "Várzea Grande",
      "countryCode": "BR",
      "stateCode": "MT",
      "latitude": "-15.56582000",
      "longitude": "-56.24391000"
   },
   {
      "name": "Água Boa",
      "countryCode": "BR",
      "stateCode": "MT",
      "latitude": "-14.13584000",
      "longitude": "-52.49093000"
   }
]