[
   {
      "name": "Abadia de Goiás",
      "countryCode": "BR",
      "stateCode": "GO",
      "latitude": "-16.77762000",
      "longitude": "-49.46841000"
   },
   {
      "name": "Abadiânia",
      "countryCode": "BR",
      "stateCode": "GO",
      "latitude": "-16.22632000",
      "longitude": "-48.62681000"
   },
   {
      "name": "Acreúna",
      "countryCode": "BR",
      "stateCode": "GO",
      "latitude": "-17.43605000",
      "longitude": "-50.26696000"
   },
   {
      "name": "Adelândia",
      "countryCode": "BR",
      "stateCode": "GO",
      "latitude": "-16.38577000",
      "longitude": "-50.18846000"
   },
   {
      "name": "Alexânia",
      "countryCode": "BR",
      "stateCode": "GO",
      "latitude": "-16.14926000",
      "longitude": "-48.45973000"
   },
   {
      "name": "Aloândia",
      "countryCode": "BR",
      "stateCode": "GO",
      "latitude": "-17.69411000",
      "longitude": "-49.44985000"
   },
   {
      "name": "Alto Horizonte",
      "countryCode": "BR",
      "stateCode": "GO",
      "latitude": "-14.20236000",
      "longitude": "-49.43500000"
   },
   {
      "name": "Alto Paraíso de Goiás",
      "countryCode": "BR",
      "stateCode": "GO",
      "latitude": "-14.18198000",
      "longitude": "-47.45902000"
   },
   {
      "name": "Alvorada do Norte",
      "countryCode": "BR",
      "stateCode": "GO",
      "latitude": "-14.52424000",
      "longitude": "-46.64133000"
   },
   {
      "name": "Amaralina",
      "countryCode": "BR",
      "stateCode": "GO",
      "latitude": "-13.81390000",
      "longitude": "-49.63205000"
   },
   {
      "name": "Americano do Brasil",
      "countryCode": "BR",
      "stateCode": "GO",
      "latitude": "-16.26498000",
      "longitude": "-49.99408000"
   },
   {
      "name": "Amorinópolis",
      "countryCode": "BR",
      "stateCode": "GO",
      "latitude": "-16.63420000",
      "longitude": "-51.09852000"
   },
   {
      "name": "Anhanguera",
      "countryCode": "BR",
      "stateCode": "GO",
      "latitude": "-18.31505000",
      "longitude": "-48.22190000"
   },
   {
      "name": "Anicuns",
      "countryCode": "BR",
      "stateCode": "GO",
      "latitude": "-16.38582000",
      "longitude": "-49.97942000"
   },
   {
      "name": "Anápolis",
      "countryCode": "BR",
      "stateCode": "GO",
      "latitude": "-16.32667000",
      "longitude": "-48.95278000"
   },
   {
      "name": "Aparecida de Goiânia",
      "countryCode": "BR",
      "stateCode": "GO",
      "latitude": "-16.82333000",
      "longitude": "-49.24389000"
   },
   {
      "name": "Aparecida do Rio Doce",
      "countryCode": "BR",
      "stateCode": "GO",
      "latitude": "-18.22963000",
      "longitude": "-51.24140000"
   },
   {
      "name": "Aporé",
      "countryCode": "BR",
      "stateCode": "GO",
      "latitude": "-18.74325000",
      "longitude": "-52.06942000"
   },
   {
      "name": "Aragarças",
      "countryCode": "BR",
      "stateCode": "GO",
      "latitude": "-15.94743000",
      "longitude": "-52.08069000"
   },
   {
      "name": "Aragoiânia",
      "countryCode": "BR",
      "stateCode": "GO",
      "latitude": "-16.95418000",
      "longitude": "-49.40598000"
   },
   {
      "name": "Araguapaz",
      "countryCode": "BR",
      "stateCode": "GO",
      "latitude": "-15.12986000",
      "longitude": "-50.49840000"
   },
   {
      "name": "Araçu",
      "countryCode": "BR",
      "stateCode": "GO",
      "latitude": "-16.38304000",
      "longitude": "-49.70782000"
   },
   {
      "name": "Arenópolis",
      "countryCode": "BR",
      "stateCode": "GO",
      "latitude": "-16.36096000",
      "longitude": "-51.60464000"
   },
   {
      "name": "Aruanã",
      "countryCode": "BR",
      "stateCode": "GO",
      "latitude": "-14.81020000",
      "longitude": "-50.94501000"
   },
   {
      "name": "Aurilândia",
      "countryCode": "BR",
      "stateCode": "GO",
      "latitude": "-16.67681000",
      "longitude": "-50.52582000"
   },
   {
      "name": "Avelinópolis",
      "countryCode": "BR",
      "stateCode": "GO",
      "latitude": "-16.49121000",
      "longitude": "-49.76368000"
   },
   {
      "name": "Baliza",
      "countryCode": "BR",
      "stateCode": "GO",
      "latitude": "-16.36672000",
      "longitude": "-52.43611000"
   },
   {
      "name": "Barro Alto",
      "countryCode": "BR",
      "stateCode": "GO",
      "latitude": "-14.91276000",
      "longitude": "-48.87739000"
   },
   {
      "name": "Bela Vista de Goiás",
      "countryCode": "BR",
      "stateCode": "GO",
      "latitude": "-16.97278000",
      "longitude": "-48.95333000"
   },
   {
      "name": "Bom Jardim de Goiás",
      "countryCode": "BR",
      "stateCode": "GO",
      "latitude": "-16.27033000",
      "longitude": "-52.05682000"
   },
   {
      "name": "Bom Jesus de Goiás",
      "countryCode": "BR",
      "stateCode": "GO",
      "latitude": "-18.19213000",
      "longitude": "-49.89536000"
   },
   {
      "name": "Bonfinópolis",
      "countryCode": "BR",
      "stateCode": "GO",
      "latitude": "-16.59726000",
      "longitude": "-49.01486000"
   },
   {
      "name": "Bonópolis",
      "countryCode": "BR",
      "stateCode": "GO",
      "latitude": "-13.57725000",
      "longitude": "-49.89702000"
   },
   {
      "name": "Brazabrantes",
      "countryCode": "BR",
      "stateCode": "GO",
      "latitude": "-16.37909000",
      "longitude": "-49.38445000"
   },
   {
      "name": "Britânia",
      "countryCode": "BR",
      "stateCode": "GO",
      "latitude": "-15.21115000",
      "longitude": "-51.14785000"
   },
   {
      "name": "Buriti Alegre",
      "countryCode": "BR",
      "stateCode": "GO",
      "latitude": "-18.14000000",
      "longitude": "-49.04028000"
   },
   {
      "name": "Buriti de Goiás",
      "countryCode": "BR",
      "stateCode": "GO",
      "latitude": "-16.16439000",
      "longitude": "-50.42918000"
   },
   {
      "name": "Buritinópolis",
      "countryCode": "BR",
      "stateCode": "GO",
      "latitude": "-14.40974000",
      "longitude": "-46.31759000"
   },
   {
      "name": "Cabeceiras",
      "countryCode": "BR",
      "stateCode": "GO",
      "latitude": "-15.73747000",
      "longitude": "-47.03428000"
   },
   {
      "name": "Cachoeira Alta",
      "countryCode": "BR",
      "stateCode": "GO",
      "latitude": "-18.54284000",
      "longitude": "-50.98208000"
   },
   {
      "name": "Cachoeira Dourada",
      "countryCode": "BR",
      "stateCode": "GO",
      "latitude": "-18.49516000",
      "longitude": "-49.65104000"
   },
   {
      "name": "Cachoeira de Goiás",
      "countryCode": "BR",
      "stateCode": "GO",
      "latitude": "-16.72507000",
      "longitude": "-50.68613000"
   },
   {
      "name": "Caiapônia",
      "countryCode": "BR",
      "stateCode": "GO",
      "latitude": "-16.95987000",
      "longitude": "-51.79148000"
   },
   {
      "name": "Caldas Novas",
      "countryCode": "BR",
      "stateCode": "GO",
      "latitude": "-17.73126000",
      "longitude": "-48.65479000"
   },
   {
      "name": "Caldazinha",
      "countryCode": "BR",
      "stateCode": "GO",
      "latitude": "-16.74858000",
      "longitude": "-49.00064000"
   },
   {
      "name": "Campestre de Goiás",
      "countryCode": "BR",
      "stateCode": "GO",
      "latitude": "-16.78337000",
      "longitude": "-49.70958000"
   },
   {
      "name": "Campinaçu",
      "countryCode": "BR",
      "stateCode": "GO",
      "latitude": "-13.86371000",
      "longitude": "-48.56754000"
   },
   {
      "name": "Campinorte",
      "countryCode": "BR",
      "stateCode": "GO",
      "latitude": "-14.04500000",
      "longitude": "-48.97524000"
   },
   {
      "name": "Campo Alegre de Goiás",
      "countryCode": "BR",
      "stateCode": "GO",
      "latitude": "-17.67336000",
      "longitude": "-47.77801000"
   },
   {
      "name": "Campo Limpo de Goiás",
      "countryCode": "BR",
      "stateCode": "GO",
      "latitude": "-16.30048000",
      "longitude": "-49.09041000"
   },
   {
      "name": "Campos Belos",
      "countryCode": "BR",
      "stateCode": "GO",
      "latitude": "-13.03667000",
      "longitude": "-46.77167000"
   },
   {
      "name": "Campos Verdes",
      "countryCode": "BR",
      "stateCode": "GO",
      "latitude": "-14.19022000",
      "longitude": "-49.65835000"
   },
   {
      "name": "Carmo do Rio Verde",
      "countryCode": "BR",
      "stateCode": "GO",
      "latitude": "-15.35361000",
      "longitude": "-49.70750000"
   },
   {
      "name": "Castelândia",
      "countryCode": "BR",
      "stateCode": "GO",
      "latitude": "-18.15581000",
      "longitude": "-50.34000000"
   },
   {
      "name": "Catalão",
      "countryCode": "BR",
      "stateCode": "GO",
      "latitude": "-18.16583000",
      "longitude": "-47.94639000"
   },
   {
      "name": "Caturaí",
      "countryCode": "BR",
      "stateCode": "GO",
      "latitude": "-16.46981000",
      "longitude": "-49.59556000"
   },
   {
      "name": "Cavalcante",
      "countryCode": "BR",
      "stateCode": "GO",
      "latitude": "-13.79750000",
      "longitude": "-47.45833000"
   },
   {
      "name": "Caçu",
      "countryCode": "BR",
      "stateCode": "GO",
      "latitude": "-18.55667000",
      "longitude": "-51.13083000"
   },
   {
      "name": "Ceres",
      "countryCode": "BR",
      "stateCode": "GO",
      "latitude": "-15.27350000",
      "longitude": "-49.64455000"
   },
   {
      "name": "Cezarina",
      "countryCode": "BR",
      "stateCode": "GO",
      "latitude": "-17.11818000",
      "longitude": "-49.72995000"
   },
   {
      "name": "Chapadão do Céu",
      "countryCode": "BR",
      "stateCode": "GO",
      "latitude": "-18.37043000",
      "longitude": "-52.56560000"
   },
   {
      "name": "Cidade Ocidental",
      "countryCode": "BR",
      "stateCode": "GO",
      "latitude": "-16.16178000",
      "longitude": "-47.79998000"
   },
   {
      "name": "Cocalzinho de Goiás",
      "countryCode": "BR",
      "stateCode": "GO",
      "latitude": "-15.65900000",
      "longitude": "-48.57595000"
   },
   {
      "name": "Colinas do Sul",
      "countryCode": "BR",
      "stateCode": "GO",
      "latitude": "-14.01221000",
      "longitude": "-48.05124000"
   },
   {
      "name": "Corumbaíba",
      "countryCode": "BR",
      "stateCode": "GO",
      "latitude": "-18.16664000",
      "longitude": "-48.53205000"
   },
   {
      "name": "Corumbá de Goiás",
      "countryCode": "BR",
      "stateCode": "GO",
      "latitude": "-15.92190000",
      "longitude": "-48.62979000"
   },
   {
      "name": "Cristalina",
      "countryCode": "BR",
      "stateCode": "GO",
      "latitude": "-16.76769000",
      "longitude": "-47.61530000"
   },
   {
      "name": "Cristianópolis",
      "countryCode": "BR",
      "stateCode": "GO",
      "latitude": "-17.19669000",
      "longitude": "-48.68114000"
   },
   {
      "name": "Crixás",
      "countryCode": "BR",
      "stateCode": "GO",
      "latitude": "-14.54889000",
      "longitude": "-49.96917000"
   },
   {
      "name": "Cromínia",
      "countryCode": "BR",
      "stateCode": "GO",
      "latitude": "-17.24762000",
      "longitude": "-49.32979000"
   },
   {
      "name": "Cumari",
      "countryCode": "BR",
      "stateCode": "GO",
      "latitude": "-18.31597000",
      "longitude": "-48.16375000"
   },
   {
      "name": "Córrego do Ouro",
      "countryCode": "BR",
      "stateCode": "GO",
      "latitude": "-16.39566000",
      "longitude": "-50.57320000"
   },
   {
      "name": "Damianópolis",
      "countryCode": "BR",
      "stateCode": "GO",
      "latitude": "-14.54949000",
      "longitude": "-46.19367000"
   },
   {
      "name": "Damolândia",
      "countryCode": "BR",
      "stateCode": "GO",
      "latitude": "-16.25109000",
      "longitude": "-49.34505000"
   },
   {
      "name": "Davinópolis",
      "countryCode": "BR",
      "stateCode": "GO",
      "latitude": "-18.13603000",
      "longitude": "-47.57750000"
   },
   {
      "name": "Diorama",
      "countryCode": "BR",
      "stateCode": "GO",
      "latitude": "-16.22318000",
      "longitude": "-51.34971000"
   },
   {
      "name": "Divinópolis de Goiás",
      "countryCode": "BR",
      "stateCode": "GO",
      "latitude": "-13.22378000",
      "longitude": "-46.52704000"
   },
   {
      "name": "Doverlândia",
      "countryCode": "BR",
      "stateCode": "GO",
      "latitude": "-16.87767000",
      "longitude": "-52.49917000"
   },
   {
      "name": "Edealina",
      "countryCode": "BR",
      "stateCode": "GO",
      "latitude": "-17.43990000",
      "longitude": "-49.73319000"
   },
   {
      "name": "Edéia",
      "countryCode": "BR",
      "stateCode": "GO",
      "latitude": "-17.33833000",
      "longitude": "-49.93139000"
   },
   {
      "name": "Estrela do Norte",
      "countryCode": "BR",
      "stateCode": "GO",
      "latitude": "-13.78262000",
      "longitude": "-49.10026000"
   },
   {
      "name": "Faina",
      "countryCode": "BR",
      "stateCode": "GO",
      "latitude": "-15.43697000",
      "longitude": "-50.39151000"
   },
   {
      "name": "Fazenda Nova",
      "countryCode": "BR",
      "stateCode": "GO",
      "latitude": "-16.12866000",
      "longitude": "-50.92604000"
   },
   {
      "name": "Firminópolis",
      "countryCode": "BR",
      "stateCode": "GO",
      "latitude": "-16.58194000",
      "longitude": "-50.30500000"
   },
   {
      "name": "Flores de Goiás",
      "countryCode": "BR",
      "stateCode": "GO",
      "latitude": "-14.59003000",
      "longitude": "-46.87853000"
   },
   {
      "name": "Formosa",
      "countryCode": "BR",
      "stateCode": "GO",
      "latitude": "-15.53722000",
      "longitude": "-47.33444000"
   },
   {
      "name": "Formoso",
      "countryCode": "BR",
      "stateCode": "GO",
      "latitude": "-13.70339000",
      "longitude": "-48.87538000"
   },
   {
      "name": "Gameleira de Goiás",
      "countryCode": "BR",
      "stateCode": "GO",
      "latitude": "-16.43131000",
      "longitude": "-48.67456000"
   },
   {
      "name": "Goiandira",
      "countryCode": "BR",
      "stateCode": "GO",
      "latitude": "-18.10979000",
      "longitude": "-48.14934000"
   },
   {
      "name": "Goianira",
      "countryCode": "BR",
      "stateCode": "GO",
      "latitude": "-16.49611000",
      "longitude": "-49.42639000"
   },
   {
      "name": "Goianápolis",
      "countryCode": "BR",
      "stateCode": "GO",
      "latitude": "-16.53041000",
      "longitude": "-49.08769000"
   },
   {
      "name": "Goianésia",
      "countryCode": "BR",
      "stateCode": "GO",
      "latitude": "-15.31750000",
      "longitude": "-49.11750000"
   },
   {
      "name": "Goiatuba",
      "countryCode": "BR",
      "stateCode": "GO",
      "latitude": "-18.01250000",
      "longitude": "-49.35472000"
   },
   {
      "name": "Goiás",
      "countryCode": "BR",
      "stateCode": "GO",
      "latitude": "-15.93444000",
      "longitude": "-50.14028000"
   },
   {
      "name": "Goiânia",
      "countryCode": "BR",
      "stateCode": "GO",
      "latitude": "-16.67861000",
      "longitude": "-49.25389000"
   },
   {
      "name": "Gouvelândia",
      "countryCode": "BR",
      "stateCode": "GO",
      "latitude": "-18.50777000",
      "longitude": "-50.17554000"
   },
   {
      "name": "Guapó",
      "countryCode": "BR",
      "stateCode": "GO",
      "latitude": "-16.83056000",
      "longitude": "-49.53194000"
   },
   {
      "name": "Guarani de Goiás",
      "countryCode": "BR",
      "stateCode": "GO",
      "latitude": "-13.88485000",
      "longitude": "-46.50711000"
   },
   {
      "name": "Guaraíta",
      "countryCode": "BR",
      "stateCode": "GO",
      "latitude": "-15.65961000",
      "longitude": "-50.06663000"
   },
   {
      "name": "Guarinos",
      "countryCode": "BR",
      "stateCode": "GO",
      "latitude": "-14.69976000",
      "longitude": "-49.73100000"
   },
   {
      "name": "Heitoraí",
      "countryCode": "BR",
      "stateCode": "GO",
      "latitude": "-15.73416000",
      "longitude": "-49.83108000"
   },
   {
      "name": "Hidrolina",
      "countryCode": "BR",
      "stateCode": "GO",
      "latitude": "-14.75739000",
      "longitude": "-49.35965000"
   },
   {
      "name": "Hidrolândia",
      "countryCode": "BR",
      "stateCode": "GO",
      "latitude": "-16.96222000",
      "longitude": "-49.22806000"
   },
   {
      "name": "Iaciara",
      "countryCode": "BR",
      "stateCode": "GO",
      "latitude": "-14.09583000",
      "longitude": "-46.63167000"
   },
   {
      "name": "Inaciolândia",
      "countryCode": "BR",
      "stateCode": "GO",
      "latitude": "-18.49889000",
      "longitude": "-49.90164000"
   },
   {
      "name": "Indiara",
      "countryCode": "BR",
      "stateCode": "GO",
      "latitude": "-17.18504000",
      "longitude": "-49.96826000"
   },
   {
      "name": "Inhumas",
      "countryCode": "BR",
      "stateCode": "GO",
      "latitude": "-16.35778000",
      "longitude": "-49.49611000"
   },
   {
      "name": "Ipameri",
      "countryCode": "BR",
      "stateCode": "GO",
      "latitude": "-17.72194000",
      "longitude": "-48.15972000"
   },
   {
      "name": "Ipiranga de Goiás",
      "countryCode": "BR",
      "stateCode": "GO",
      "latitude": "-15.16876000",
      "longitude": "-49.65047000"
   },
   {
      "name": "Iporá",
      "countryCode": "BR",
      "stateCode": "GO",
      "latitude": "-16.45543000",
      "longitude": "-51.15977000"
   },
   {
      "name": "Israelândia",
      "countryCode": "BR",
      "stateCode": "GO",
      "latitude": "-16.35776000",
      "longitude": "-50.89499000"
   },
   {
      "name": "Itaberaí",
      "countryCode": "BR",
      "stateCode": "GO",
      "latitude": "-16.02028000",
      "longitude": "-49.81028000"
   },
   {
      "name": "Itaguari",
      "countryCode": "BR",
      "stateCode": "GO",
      "latitude": "-15.91179000",
      "longitude": "-49.61834000"
   },
   {
      "name": "Itaguaru",
      "countryCode": "BR",
      "stateCode": "GO",
      "latitude": "-15.76944000",
      "longitude": "-49.60042000"
   },
   {
      "name": "Itajá",
      "countryCode": "BR",
      "stateCode": "GO",
      "latitude": "-19.11554000",
      "longitude": "-51.24473000"
   },
   {
      "name": "Itapaci",
      "countryCode": "BR",
      "stateCode": "GO",
      "latitude": "-14.95083000",
      "longitude": "-49.54944000"
   },
   {
      "name": "Itapirapuã",
      "countryCode": "BR",
      "stateCode": "GO",
      "latitude": "-15.82333000",
      "longitude": "-50.61333000"
   },
   {
      "name": "Itapuranga",
      "countryCode": "BR",
      "stateCode": "GO",
      "latitude": "-15.56944000",
      "longitude": "-49.93481000"
   },
   {
      "name": "Itarumã",
      "countryCode": "BR",
      "stateCode": "GO",
      "latitude": "-18.87992000",
      "longitude": "-51.32023000"
   },
   {
      "name": "Itauçu",
      "countryCode": "BR",
      "stateCode": "GO",
      "latitude": "-16.21434000",
      "longitude": "-49.60066000"
   },
   {
      "name": "Itumbiara",
      "countryCode": "BR",
      "stateCode": "GO",
      "latitude": "-18.41917000",
      "longitude": "-49.21528000"
   },
   {
      "name": "Ivolândia",
      "countryCode": "BR",
      "stateCode": "GO",
      "latitude": "-16.68830000",
      "longitude": "-50.92660000"
   },
   {
      "name": "Jandaia",
      "countryCode": "BR",
      "stateCode": "GO",
      "latitude": "-17.12900000",
      "longitude": "-50.19476000"
   },
   {
      "name": "Jaraguá",
      "countryCode": "BR",
      "stateCode": "GO",
      "latitude": "-15.75694000",
      "longitude": "-49.33444000"
   },
   {
      "name": "Jataí",
      "countryCode": "BR",
      "stateCode": "GO",
      "latitude": "-17.85829000",
      "longitude": "-51.70531000"
   },
   {
      "name": "Jaupaci",
      "countryCode": "BR",
      "stateCode": "GO",
      "latitude": "-16.16749000",
      "longitude": "-51.10168000"
   },
   {
      "name": "Jesúpolis",
      "countryCode": "BR",
      "stateCode": "GO",
      "latitude": "-15.96458000",
      "longitude": "-49.39461000"
   },
   {
      "name": "Joviânia",
      "countryCode": "BR",
      "stateCode": "GO",
      "latitude": "-17.78422000",
      "longitude": "-49.58440000"
   },
   {
      "name": "Jussara",
      "countryCode": "BR",
      "stateCode": "GO",
      "latitude": "-15.58295000",
      "longitude": "-51.32970000"
   },
   {
      "name": "Lagoa Santa",
      "countryCode": "BR",
      "stateCode": "GO",
      "latitude": "-19.21207000",
      "longitude": "-51.25891000"
   },
   {
      "name": "Leopoldo de Bulhões",
      "countryCode": "BR",
      "stateCode": "GO",
      "latitude": "-16.58142000",
      "longitude": "-48.90604000"
   },
   {
      "name": "Luziânia",
      "countryCode": "BR",
      "stateCode": "GO",
      "latitude": "-16.25250000",
      "longitude": "-47.95028000"
   },
   {
      "name": "Mairipotaba",
      "countryCode": "BR",
      "stateCode": "GO",
      "latitude": "-17.32688000",
      "longitude": "-49.50788000"
   },
   {
      "name": "Mambaí",
      "countryCode": "BR",
      "stateCode": "GO",
      "latitude": "-14.44220000",
      "longitude": "-46.05807000"
   },
   {
      "name": "Mara Rosa",
      "countryCode": "BR",
      "stateCode": "GO",
      "latitude": "-14.01285000",
      "longitude": "-49.39507000"
   },
   {
      "name": "Marzagão",
      "countryCode": "BR",
      "stateCode": "GO",
      "latitude": "-17.99103000",
      "longitude": "-48.68316000"
   },
   {
      "name": "Matrinchã",
      "countryCode": "BR",
      "stateCode": "GO",
      "latitude": "-15.33819000",
      "longitude": "-50.82655000"
   },
   {
      "name": "Maurilândia",
      "countryCode": "BR",
      "stateCode": "GO",
      "latitude": "-18.05037000",
      "longitude": "-50.32935000"
   },
   {
      "name": "Mimoso de Goiás",
      "countryCode": "BR",
      "stateCode": "GO",
      "latitude": "-15.04832000",
      "longitude": "-48.34448000"
   },
   {
      "name": "Minaçu",
      "countryCode": "BR",
      "stateCode": "GO",
      "latitude": "-13.42682000",
      "longitude": "-48.38780000"
   },
   {
      "name": "Mineiros",
      "countryCode": "BR",
      "stateCode": "GO",
      "latitude": "-17.56944000",
      "longitude": "-52.55111000"
   },
   {
      "name": "Moiporá",
      "countryCode": "BR",
      "stateCode": "GO",
      "latitude": "-16.50172000",
      "longitude": "-50.76811000"
   },
   {
      "name": "Monte Alegre de Goiás",
      "countryCode": "BR",
      "stateCode": "GO",
      "latitude": "-13.26150000",
      "longitude": "-46.84266000"
   },
   {
      "name": "Montes Claros de Goiás",
      "countryCode": "BR",
      "stateCode": "GO",
      "latitude": "-15.96248000",
      "longitude": "-51.50601000"
   },
   {
      "name": "Montividiu",
      "countryCode": "BR",
      "stateCode": "GO",
      "latitude": "-17.25815000",
      "longitude": "-51.15739000"
   },
   {
      "name": "Montividiu do Norte",
      "countryCode": "BR",
      "stateCode": "GO",
      "latitude": "-13.09232000",
      "longitude": "-48.74161000"
   },
   {
      "name": "Morrinhos",
      "countryCode": "BR",
      "stateCode": "GO",
      "latitude": "-17.79922000",
      "longitude": "-49.09225000"
   },
   {
      "name": "Morro Agudo de Goiás",
      "countryCode": "BR",
      "stateCode": "GO",
      "latitude": "-15.32310000",
      "longitude": "-50.01578000"
   },
   {
      "name": "Mossâmedes",
      "countryCode": "BR",
      "stateCode": "GO",
      "latitude": "-16.16495000",
      "longitude": "-50.17004000"
   },
   {
      "name": "Mozarlândia",
      "countryCode": "BR",
      "stateCode": "GO",
      "latitude": "-14.74472000",
      "longitude": "-50.57056000"
   },
   {
      "name": "Mundo Novo",
      "countryCode": "BR",
      "stateCode": "GO",
      "latitude": "-13.71649000",
      "longitude": "-50.23715000"
   },
   {
      "name": "Mutunópolis",
      "countryCode": "BR",
      "stateCode": "GO",
      "latitude": "-13.70257000",
      "longitude": "-49.29995000"
   },
   {
      "name": "Nazário",
      "countryCode": "BR",
      "stateCode": "GO",
      "latitude": "-16.58010000",
      "longitude": "-49.86543000"
   },
   {
      "name": "Nerópolis",
      "countryCode": "BR",
      "stateCode": "GO",
      "latitude": "-16.43883000",
      "longitude": "-49.18117000"
   },
   {
      "name": "Niquelândia",
      "countryCode": "BR",
      "stateCode": "GO",
      "latitude": "-14.47389000",
      "longitude": "-48.45972000"
   },
   {
      "name": "Nova América",
      "countryCode": "BR",
      "stateCode": "GO",
      "latitude": "-15.05098000",
      "longitude": "-49.92499000"
   },
   {
      "name": "Nova Aurora",
      "countryCode": "BR",
      "stateCode": "GO",
      "latitude": "-18.10107000",
      "longitude": "-48.27661000"
   },
   {
      "name": "Nova Crixás",
      "countryCode": "BR",
      "stateCode": "GO",
      "latitude": "-14.27678000",
      "longitude": "-50.57649000"
   },
   {
      "name": "Nova Glória",
      "countryCode": "BR",
      "stateCode": "GO",
      "latitude": "-15.06360000",
      "longitude": "-49.48353000"
   },
   {
      "name": "Nova Iguaçu de Goiás",
      "countryCode": "BR",
      "stateCode": "GO",
      "latitude": "-14.29731000",
      "longitude": "-49.31188000"
   },
   {
      "name": "Nova Roma",
      "countryCode": "BR",
      "stateCode": "GO",
      "latitude": "-13.84078000",
      "longitude": "-47.00832000"
   },
   {
      "name": "Nova Veneza",
      "countryCode": "BR",
      "stateCode": "GO",
      "latitude": "-16.35456000",
      "longitude": "-49.30001000"
   },
   {
      "name": "Novo Brasil",
      "countryCode": "BR",
      "stateCode": "GO",
      "latitude": "-16.04806000",
      "longitude": "-50.63638000"
   },
   {
      "name": "Novo Gama",
      "countryCode": "BR",
      "stateCode": "GO",
      "latitude": "-16.12535000",
      "longitude": "-48.07041000"
   },
   {
      "name": "Novo Planalto",
      "countryCode": "BR",
      "stateCode": "GO",
      "latitude": "-13.38362000",
      "longitude": "-49.76104000"
   },
   {
      "name": "Orizona",
      "countryCode": "BR",
      "stateCode": "GO",
      "latitude": "-17.03139000",
      "longitude": "-48.29583000"
   },
   {
      "name": "Ouro Verde de Goiás",
      "countryCode": "BR",
      "stateCode": "GO",
      "latitude": "-16.23604000",
      "longitude": "-49.22771000"
   },
   {
      "name": "Ouvidor",
      "countryCode": "BR",
      "stateCode": "GO",
      "latitude": "-18.20107000",
      "longitude": "-47.71513000"
   },
   {
      "name": "Padre Bernardo",
      "countryCode": "BR",
      "stateCode": "GO",
      "latitude": "-15.16595000",
      "longitude": "-48.28281000"
   },
   {
      "name": "Palestina de Goiás",
      "countryCode": "BR",
      "stateCode": "GO",
      "latitude": "-16.72854000",
      "longitude": "-51.45851000"
   },
   {
      "name": "Palmeiras de Goiás",
      "countryCode": "BR",
      "stateCode": "GO",
      "latitude": "-16.80500000",
      "longitude": "-49.92583000"
   },
   {
      "name": "Palmelo",
      "countryCode": "BR",
      "stateCode": "GO",
      "latitude": "-17.31937000",
      "longitude": "-48.39429000"
   },
   {
      "name": "Palminópolis",
      "countryCode": "BR",
      "stateCode": "GO",
      "latitude": "-16.83157000",
      "longitude": "-50.24267000"
   },
   {
      "name": "Panamá",
      "countryCode": "BR",
      "stateCode": "GO",
      "latitude": "-18.20132000",
      "longitude": "-49.38890000"
   },
   {
      "name": "Paranaiguara",
      "countryCode": "BR",
      "stateCode": "GO",
      "latitude": "-18.77492000",
      "longitude": "-50.61841000"
   },
   {
      "name": "Paraúna",
      "countryCode": "BR",
      "stateCode": "GO",
      "latitude": "-16.94778000",
      "longitude": "-50.44861000"
   },
   {
      "name": "Perolândia",
      "countryCode": "BR",
      "stateCode": "GO",
      "latitude": "-17.52861000",
      "longitude": "-52.06417000"
   },
   {
      "name": "Petrolina de Goiás",
      "countryCode": "BR",
      "stateCode": "GO",
      "latitude": "-16.09500000",
      "longitude": "-49.33806000"
   },
   {
      "name": "Pilar de Goiás",
      "countryCode": "BR",
      "stateCode": "GO",
      "latitude": "-14.52999000",
      "longitude": "-49.51094000"
   },
   {
      "name": "Piracanjuba",
      "countryCode": "BR",
      "stateCode": "GO",
      "latitude": "-17.30278000",
      "longitude": "-49.01667000"
   },
   {
      "name": "Piranhas",
      "countryCode": "BR",
      "stateCode": "GO",
      "latitude": "-16.42694000",
      "longitude": "-51.82222000"
   },
   {
      "name": "Pirenópolis",
      "countryCode": "BR",
      "stateCode": "GO",
      "latitude": "-15.85072000",
      "longitude": "-48.96087000"
   },
   {
      "name": "Pires do Rio",
      "countryCode": "BR",
      "stateCode": "GO",
      "latitude": "-17.29972000",
      "longitude": "-48.27944000"
   },
   {
      "name": "Planaltina",
      "countryCode": "BR",
      "stateCode": "GO",
      "latitude": "-15.45278000",
      "longitude": "-47.61417000"
   },
   {
      "name": "Pontalina",
      "countryCode": "BR",
      "stateCode": "GO",
      "latitude": "-17.52500000",
      "longitude": "-49.44722000"
   },
   {
      "name": "Porangatu",
      "countryCode": "BR",
      "stateCode": "GO",
      "latitude": "-13.44083000",
      "longitude": "-49.14861000"
   },
   {
      "name": "Porteirão",
      "countryCode": "BR",
      "stateCode": "GO",
      "latitude": "-17.90236000",
      "longitude": "-50.15667000"
   },
   {
      "name": "Portelândia",
      "countryCode": "BR",
      "stateCode": "GO",
      "latitude": "-17.35610000",
      "longitude": "-52.67861000"
   },
   {
      "name": "Posse",
      "countryCode": "BR",
      "stateCode": "GO",
      "latitude": "-14.09306000",
      "longitude": "-46.36944000"
   },
   {
      "name": "Professor Jamil",
      "countryCode": "BR",
      "stateCode": "GO",
      "latitude": "-17.29408000",
      "longitude": "-49.25572000"
   },
   {
      "name": "Quirinópolis",
      "countryCode": "BR",
      "stateCode": "GO",
      "latitude": "-18.44833000",
      "longitude": "-50.45167000"
   },
   {
      "name": "Rialma",
      "countryCode": "BR",
      "stateCode": "GO",
      "latitude": "-15.31500000",
      "longitude": "-49.58444000"
   },
   {
      "name": "Rianápolis",
      "countryCode": "BR",
      "stateCode": "GO",
      "latitude": "-15.47467000",
      "longitude": "-49.44786000"
   },
   {
      "name": "Rio Quente",
      "countryCode": "BR",
      "stateCode": "GO",
      "latitude": "-17.81769000",
      "longitude": "-48.80202000"
   },
   {
      "name": "Rio Verde",
      "countryCode": "BR",
      "stateCode": "GO",
      "latitude": "-17.71888000",
      "longitude": "-51.04215000"
   },
   {
      "name": "Rubiataba",
      "countryCode": "BR",
      "stateCode": "GO",
      "latitude": "-15.16444000",
      "longitude": "-49.80333000"
   },
   {
      "name": "Sanclerlândia",
      "countryCode": "BR",
      "stateCode": "GO",
      "latitude": "-16.28223000",
      "longitude": "-50.37210000"
   },
   {
      "name": "Santa Bárbara de Goiás",
      "countryCode": "BR",
      "stateCode": "GO",
      "latitude": "-16.60228000",
      "longitude": "-49.68624000"
   },
   {
      "name": "Santa Cruz de Goiás",
      "countryCode": "BR",
      "stateCode": "GO",
      "latitude": "-17.45147000",
      "longitude": "-48.57101000"
   },
   {
      "name": "Santa Fé de Goiás",
      "countryCode": "BR",
      "stateCode": "GO",
      "latitude": "-15.62304000",
      "longitude": "-51.13850000"
   },
   {
      "name": "Santa Helena de Goiás",
      "countryCode": "BR",
      "stateCode": "GO",
      "latitude": "-17.80542000",
      "longitude": "-50.53885000"
   },
   {
      "name": "Santa Isabel",
      "countryCode": "BR",
      "stateCode": "GO",
      "latitude": "-15.26996000",
      "longitude": "-49.37797000"
   },
   {
      "name": "Santa Rita do Araguaia",
      "countryCode": "BR",
      "stateCode": "GO",
      "latitude": "-17.23294000",
      "longitude": "-53.07676000"
   },
   {
      "name": "Santa Rita do Novo Destino",
      "countryCode": "BR",
      "stateCode": "GO",
      "latitude": "-14.82658000",
      "longitude": "-49.05935000"
   },
   {
      "name": "Santa Rosa de Goiás",
      "countryCode": "BR",
      "stateCode": "GO",
      "latitude": "-16.06989000",
      "longitude": "-49.48147000"
   },
   {
      "name": "Santa Tereza de Goiás",
      "countryCode": "BR",
      "stateCode": "GO",
      "latitude": "-13.55111000",
      "longitude": "-48.99503000"
   },
   {
      "name": "Santa Terezinha de Goiás",
      "countryCode": "BR",
      "stateCode": "GO",
      "latitude": "-14.31049000",
      "longitude": "-49.71445000"
   },
   {
      "name": "Santo Antônio da Barra",
      "countryCode": "BR",
      "stateCode": "GO",
      "latitude": "-17.51225000",
      "longitude": "-50.63068000"
   },
   {
      "name": "Santo Antônio de Goiás",
      "countryCode": "BR",
      "stateCode": "GO",
      "latitude": "-16.50007000",
      "longitude": "-49.31097000"
   },
   {
      "name": "Santo Antônio do Descoberto",
      "countryCode": "BR",
      "stateCode": "GO",
      "latitude": "-16.08073000",
      "longitude": "-48.29596000"
   },
   {
      "name": "Senador Canedo",
      "countryCode": "BR",
      "stateCode": "GO",
      "latitude": "-16.70806000",
      "longitude": "-49.09306000"
   },
   {
      "name": "Serranópolis",
      "countryCode": "BR",
      "stateCode": "GO",
      "latitude": "-18.27044000",
      "longitude": "-52.24749000"
   },
   {
      "name": "Silvânia",
      "countryCode": "BR",
      "stateCode": "GO",
      "latitude": "-16.65889000",
      "longitude": "-48.60806000"
   },
   {
      "name": "Simolândia",
      "countryCode": "BR",
      "stateCode": "GO",
      "latitude": "-14.43819000",
      "longitude": "-46.59232000"
   },
   {
      "name": "São Domingos",
      "countryCode": "BR",
      "stateCode": "GO",
      "latitude": "-13.39833000",
      "longitude": "-46.31833000"
   },
   {
      "name": "São Francisco de Goiás",
      "countryCode": "BR",
      "stateCode": "GO",
      "latitude": "-15.95223000",
      "longitude": "-49.24888000"
   },
   {
      "name": "São João d'Aliança",
      "countryCode": "BR",
      "stateCode": "GO",
      "latitude": "-14.42907000",
      "longitude": "-47.41407000"
   },
   {
      "name": "São João da Paraúna",
      "countryCode": "BR",
      "stateCode": "GO",
      "latitude": "-16.82392000",
      "longitude": "-50.35316000"
   },
   {
      "name": "São Luiz do Norte",
      "countryCode": "BR",
      "stateCode": "GO",
      "latitude": "-14.89284000",
      "longitude": "-49.28212000"
   },
   {
      "name": "São Luís de Montes Belos",
      "countryCode": "BR",
      "stateCode": "GO",
      "latitude": "-16.52500000",
      "longitude": "-50.37222000"
   },
   {
      "name": "São Miguel do Araguaia",
      "countryCode": "BR",
      "stateCode": "GO",
      "latitude": "-13.27500000",
      "longitude": "-50.16278000"
   },
   {
      "name": "São Miguel do Passa Quatro",
      "countryCode": "BR",
      "stateCode": "GO",
      "latitude": "-16.99955000",
      "longitude": "-48.66188000"
   },
   {
      "name": "São Patrício",
      "countryCode": "BR",
      "stateCode": "GO",
      "latitude": "-15.34426000",
      "longitude": "-49.83291000"
   },
   {
      "name": "São Simão",
      "countryCode": "BR",
      "stateCode": "GO",
      "latitude": "-19.01080000",
      "longitude": "-50.60612000"
   },
   {
      "name": "Sítio d'Abadia",
      "countryCode": "BR",
      "stateCode": "GO",
      "latitude": "-14.75201000",
      "longitude": "-46.27003000"
   },
   {
      "name": "Taquaral de Goiás",
      "countryCode": "BR",
      "stateCode": "GO",
      "latitude": "-16.05820000",
      "longitude": "-49.59040000"
   },
   {
      "name": "Teresina de Goiás",
      "countryCode": "BR",
      "stateCode": "GO",
      "latitude": "-13.73244000",
      "longitude": "-47.25266000"
   },
   {
      "name": "Terezópolis de Goiás",
      "countryCode": "BR",
      "stateCode": "GO",
      "latitude": "-16.42797000",
      "longitude": "-49.07425000"
   },
   {
      "name": "Trindade",
      "countryCode": "BR",
      "stateCode": "GO",
      "latitude": "-16.64944000",
      "longitude": "-49.48889000"
   },
   {
      "name": "Trombas",
      "countryCode": "BR",
      "stateCode": "GO",
      "latitude": "-13.40409000",
      "longitude": "-48.77287000"
   },
   {
      "name": "Três Ranchos",
      "countryCode": "BR",
      "stateCode": "GO",
      "latitude": "-18.36835000",
      "longitude": "-47.79850000"
   },
   {
      "name": "Turvelândia",
      "countryCode": "BR",
      "stateCode": "GO",
      "latitude": "-17.79588000",
      "longitude": "-50.29695000"
   },
   {
      "name": "Turvânia",
      "countryCode": "BR",
      "stateCode": "GO",
      "latitude": "-16.55807000",
      "longitude": "-50.16909000"
   },
   {
      "name": "Uirapuru",
      "countryCode": "BR",
      "stateCode": "GO",
      "latitude": "-14.14128000",
      "longitude": "-49.93396000"
   },
   {
      "name": "Uruana",
      "countryCode": "BR",
      "stateCode": "GO",
      "latitude": "-15.56368000",
      "longitude": "-49.64028000"
   },
   {
      "name": "Uruaçu",
      "countryCode": "BR",
      "stateCode": "GO",
      "latitude": "-14.42245000",
      "longitude": "-49.06374000"
   },
   {
      "name": "Urutaí",
      "countryCode": "BR",
      "stateCode": "GO",
      "latitude": "-17.41664000",
      "longitude": "-48.19794000"
   },
   {
      "name": "Valparaíso de Goiás",
      "countryCode": "BR",
      "stateCode": "GO",
      "latitude": "-16.09899000",
      "longitude": "-47.98813000"
   },
   {
      "name": "Varjão",
      "countryCode": "BR",
      "stateCode": "GO",
      "latitude": "-17.07758000",
      "longitude": "-49.62111000"
   },
   {
      "name": "Vianópolis",
      "countryCode": "BR",
      "stateCode": "GO",
      "latitude": "-16.85286000",
      "longitude": "-48.45647000"
   },
   {
      "name": "Vicentinópolis",
      "countryCode": "BR",
      "stateCode": "GO",
      "latitude": "-17.70714000",
      "longitude": "-49.90768000"
   },
   {
      "name": "Vila Boa",
      "countryCode": "BR",
      "stateCode": "GO",
      "latitude": "-14.97912000",
      "longitude": "-47.09259000"
   },
   {
      "name": "Vila Propício",
      "countryCode": "BR",
      "stateCode": "GO",
      "latitude": "-15.20221000",
      "longitude": "-48.77569000"
   },
   {
      "name": "Água Fria de Goiás",
      "countryCode": "BR",
      "stateCode": "GO",
      "latitude": "-14.96056000",
      "longitude": "-47.84963000"
   },
   {
      "name": "Água Limpa",
      "countryCode": "BR",
      "stateCode": "GO",
      "latitude": "-18.07999000",
      "longitude": "-48.79951000"
   },
   {
      "name": "Águas Lindas de Goiás",
      "countryCode": "BR",
      "stateCode": "GO",
      "latitude": "-15.76613000",
      "longitude": "-48.28611000"
   }
]