[
   {
      "name": "Armagh, Banbridge and Craigavon",
      "isoCode": "ABC",
      "countryCode": "GB",
      "latitude": "54.39325920",
      "longitude": "-6.45634010"
   },
   {
      "name": "Aberdeenshire",
      "isoCode": "ABD",
      "countryCode": "GB",
      "latitude": "57.28687230",
      "longitude": "-2.38156840"
   },
   {
      "name": "Aberdeen",
      "isoCode": "ABE",
      "countryCode": "GB",
      "latitude": "57.14971700",
      "longitude": "-2.09427800"
   },
   {
      "name": "Argyll and Bute",
      "isoCode": "AGB",
      "countryCode": "GB",
      "latitude": "56.40062140",
      "longitude": "-5.48074800"
   },
   {
      "name": "Ards and North Down",
      "isoCode": "AND",
      "countryCode": "GB",
      "latitude": "54.58996450",
      "longitude": "-5.59849720"
   },
   {
      "name": "Antrim and Newtownabbey",
      "isoCode": "ANN",
      "countryCode": "GB",
      "latitude": "54.69568870",
      "longitude": "-5.94810690"
   },
   {
      "name": "Angus",
      "isoCode": "ANS",
      "countryCode": "GB",
      "latitude": "37.27578860",
      "longitude": "-95.65010330"
   },
   {
      "name": "Antrim",
      "isoCode": "ANT",
      "countryCode": "GB",
      "latitude": "54.71953380",
      "longitude": "-6.20724980"
   },
   {
      "name": "Ards",
      "isoCode": "ARD",
      "countryCode": "GB",
      "latitude": "42.13918510",
      "longitude": "-87.86149720"
   },
   {
      "name": "Armagh City and District Council",
      "isoCode": "ARM",
      "countryCode": "GB",
      "latitude": "54.39325920",
      "longitude": "-6.45634010"
   },
   {
      "name": "Bath and North East Somerset",
      "isoCode": "BAS",
      "countryCode": "GB",
      "latitude": "51.32501020",
      "longitude": "-2.47662410"
   },
   {
      "name": "Blackburn with Darwen",
      "isoCode": "BBD",
      "countryCode": "GB",
      "latitude": "53.69575220",
      "longitude": "-2.46829850"
   },
   {
      "name": "Bedford",
      "isoCode": "BDF",
      "countryCode": "GB",
      "latitude": "32.84401700",
      "longitude": "-97.14306710"
   },
   {
      "name": "London Borough of Barking and Dagenham",
      "isoCode": "BDG",
      "countryCode": "GB",
      "latitude": "51.55406660",
      "longitude": "0.13401700"
   },
   {
      "name": "London Borough of Brent",
      "isoCode": "BEN",
      "countryCode": "GB",
      "latitude": "51.56728080",
      "longitude": "-0.27105680"
   },
   {
      "name": "London Borough of Bexley",
      "isoCode": "BEX",
      "countryCode": "GB",
      "latitude": "51.45190210",
      "longitude": "0.11717860"
   },
   {
      "name": "Belfast district",
      "isoCode": "BFS",
      "countryCode": "GB",
      "latitude": "54.61703660",
      "longitude": "-5.95318610"
   },
   {
      "name": "Bridgend County Borough",
      "isoCode": "BGE",
      "countryCode": "GB",
      "latitude": "51.50831990",
      "longitude": "-3.58120750"
   },
   {
      "name": "Blaenau Gwent County Borough",
      "isoCode": "BGW",
      "countryCode": "GB",
      "latitude": "51.78757790",
      "longitude": "-3.20439310"
   },
   {
      "name": "Birmingham",
      "isoCode": "BIR",
      "countryCode": "GB",
      "latitude": "33.51858920",
      "longitude": "-86.81035670"
   },
   {
      "name": "Buckinghamshire",
      "isoCode": "BKM",
      "countryCode": "GB",
      "latitude": "51.80722040",
      "longitude": "-0.81276640"
   },
   {
      "name": "Ballymena Borough",
      "isoCode": "BLA",
      "countryCode": "GB",
      "latitude": "54.86426000",
      "longitude": "-6.27910740"
   },
   {
      "name": "Ballymoney",
      "isoCode": "BLY",
      "countryCode": "GB",
      "latitude": "55.07048880",
      "longitude": "-6.51737080"
   },
   {
      "name": "Bournemouth",
      "isoCode": "BMH",
      "countryCode": "GB",
      "latitude": "50.71916400",
      "longitude": "-1.88076900"
   },
   {
      "name": "Banbridge",
      "isoCode": "BNB",
      "countryCode": "GB",
      "latitude": "54.34872900",
      "longitude": "-6.27048030"
   },
   {
      "name": "London Borough of Barnet",
      "isoCode": "BNE",
      "countryCode": "GB",
      "latitude": "51.60496730",
      "longitude": "-0.20762950"
   },
   {
      "name": "Brighton and Hove",
      "isoCode": "BNH",
      "countryCode": "GB",
      "latitude": "50.82262880",
      "longitude": "-0.13704700"
   },
   {
      "name": "Barnsley",
      "isoCode": "BNS",
      "countryCode": "GB",
      "latitude": "34.29949560",
      "longitude": "-84.98458090"
   },
   {
      "name": "Bolton",
      "isoCode": "BOL",
      "countryCode": "GB",
      "latitude": "44.37264760",
      "longitude": "-72.87876250"
   },
   {
      "name": "Blackpool",
      "isoCode": "BPL",
      "countryCode": "GB",
      "latitude": "53.81750530",
      "longitude": "-3.03567480"
   },
   {
      "name": "Bracknell Forest",
      "isoCode": "BRC",
      "countryCode": "GB",
      "latitude": "51.41538280",
      "longitude": "-0.75364950"
   },
   {
      "name": "Bradford",
      "isoCode": "BRD",
      "countryCode": "GB",
      "latitude": "53.79598400",
      "longitude": "-1.75939800"
   },
   {
      "name": "London Borough of Bromley",
      "isoCode": "BRY",
      "countryCode": "GB",
      "latitude": "51.36797050",
      "longitude": "0.07006200"
   },
   {
      "name": "City of Bristol",
      "isoCode": "BST",
      "countryCode": "GB",
      "latitude": "41.67352200",
      "longitude": "-72.94653750"
   },
   {
      "name": "Bury",
      "isoCode": "BUR",
      "countryCode": "GB",
      "latitude": "53.59334980",
      "longitude": "-2.29660540"
   },
   {
      "name": "Cambridgeshire",
      "isoCode": "CAM",
      "countryCode": "GB",
      "latitude": "52.20529730",
      "longitude": "0.12181950"
   },
   {
      "name": "Caerphilly County Borough",
      "isoCode": "CAY",
      "countryCode": "GB",
      "latitude": "51.66044650",
      "longitude": "-3.21787240"
   },
   {
      "name": "Central Bedfordshire",
      "isoCode": "CBF",
      "countryCode": "GB",
      "latitude": "52.00297440",
      "longitude": "-0.46513890"
   },
   {
      "name": "Causeway Coast and Glens",
      "isoCode": "CCG",
      "countryCode": "GB",
      "latitude": "55.04318300",
      "longitude": "-6.67412880"
   },
   {
      "name": "Ceredigion",
      "isoCode": "CGN",
      "countryCode": "GB",
      "latitude": "52.21914290",
      "longitude": "-3.93212560"
   },
   {
      "name": "Craigavon Borough Council",
      "isoCode": "CGV",
      "countryCode": "GB",
      "latitude": "54.39325920",
      "longitude": "-6.45634010"
   },
   {
      "name": "Cheshire East",
      "isoCode": "CHE",
      "countryCode": "GB",
      "latitude": "53.16104460",
      "longitude": "-2.21859320"
   },
   {
      "name": "Cheshire West and Chester",
      "isoCode": "CHW",
      "countryCode": "GB",
      "latitude": "53.23029740",
      "longitude": "-2.71511170"
   },
   {
      "name": "Carrickfergus Borough Council",
      "isoCode": "CKF",
      "countryCode": "GB",
      "latitude": "54.72568430",
      "longitude": "-5.80937190"
   },
   {
      "name": "Cookstown District Council",
      "isoCode": "CKT",
      "countryCode": "GB",
      "latitude": "54.64181580",
      "longitude": "-6.74438950"
   },
   {
      "name": "Calderdale",
      "isoCode": "CLD",
      "countryCode": "GB",
      "latitude": "53.72478450",
      "longitude": "-1.86583570"
   },
   {
      "name": "Clackmannanshire",
      "isoCode": "CLK",
      "countryCode": "GB",
      "latitude": "56.10753510",
      "longitude": "-3.75294090"
   },
   {
      "name": "Coleraine Borough Council",
      "isoCode": "CLR",
      "countryCode": "GB",
      "latitude": "55.14515700",
      "longitude": "-6.67598140"
   },
   {
      "name": "Cumbria",
      "isoCode": "CMA",
      "countryCode": "GB",
      "latitude": "54.57723230",
      "longitude": "-2.79748350"
   },
   {
      "name": "London Borough of Camden",
      "isoCode": "CMD",
      "countryCode": "GB",
      "latitude": "51.54547360",
      "longitude": "-0.16279020"
   },
   {
      "name": "Carmarthenshire",
      "isoCode": "CMN",
      "countryCode": "GB",
      "latitude": "51.85723090",
      "longitude": "-4.31159590"
   },
   {
      "name": "Cornwall",
      "isoCode": "CON",
      "countryCode": "GB",
      "latitude": "50.26604710",
      "longitude": "-5.05271250"
   },
   {
      "name": "Coventry",
      "isoCode": "COV",
      "countryCode": "GB",
      "latitude": "52.40682200",
      "longitude": "-1.51969300"
   },
   {
      "name": "City and County of Cardiff",
      "isoCode": "CRF",
      "countryCode": "GB",
      "latitude": "51.48158100",
      "longitude": "-3.17909000"
   },
   {
      "name": "London Borough of Croydon",
      "isoCode": "CRY",
      "countryCode": "GB",
      "latitude": "51.38274460",
      "longitude": "-0.09851630"
   },
   {
      "name": "Castlereagh",
      "isoCode": "CSR",
      "countryCode": "GB",
      "latitude": "54.57567900",
      "longitude": "-5.88840280"
   },
   {
      "name": "Conwy County Borough",
      "isoCode": "CWY",
      "countryCode": "GB",
      "latitude": "53.29350130",
      "longitude": "-3.72651610"
   },
   {
      "name": "Darlington",
      "isoCode": "DAL",
      "countryCode": "GB",
      "latitude": "34.29987620",
      "longitude": "-79.87617410"
   },
   {
      "name": "Derbyshire",
      "isoCode": "DBY",
      "countryCode": "GB",
      "latitude": "53.10467820",
      "longitude": "-1.56238850"
   },
   {
      "name": "Denbighshire",
      "isoCode": "DEN",
      "countryCode": "GB",
      "latitude": "53.18422880",
      "longitude": "-3.42249850"
   },
   {
      "name": "City of Derby",
      "isoCode": "DER",
      "countryCode": "GB",
      "latitude": "37.54837550",
      "longitude": "-97.24851910"
   },
   {
      "name": "Devon",
      "isoCode": "DEV",
      "countryCode": "GB",
      "latitude": "50.71555910",
      "longitude": "-3.53087500"
   },
   {
      "name": "Dungannon and South Tyrone Borough Council",
      "isoCode": "DGN",
      "countryCode": "GB",
      "latitude": "54.50826840",
      "longitude": "-6.76658910"
   },
   {
      "name": "Dumfries and Galloway",
      "isoCode": "DGY",
      "countryCode": "GB",
      "latitude": "55.07010730",
      "longitude": "-3.60525810"
   },
   {
      "name": "Doncaster",
      "isoCode": "DNC",
      "countryCode": "GB",
      "latitude": "53.52282000",
      "longitude": "-1.12846200"
   },
   {
      "name": "Dundee",
      "isoCode": "DND",
      "countryCode": "GB",
      "latitude": "56.46201800",
      "longitude": "-2.97072100"
   },
   {
      "name": "Dorset",
      "isoCode": "DOR",
      "countryCode": "GB",
      "latitude": "50.74876350",
      "longitude": "-2.34447860"
   },
   {
      "name": "Down District Council",
      "isoCode": "DOW",
      "countryCode": "GB",
      "latitude": "54.24342870",
      "longitude": "-5.95779590"
   },
   {
      "name": "Derry City and Strabane",
      "isoCode": "DRS",
      "countryCode": "GB",
      "latitude": "55.00474430",
      "longitude": "-7.32092220"
   },
   {
      "name": "Derry City Council",
      "isoCode": "DRY",
      "countryCode": "GB",
      "latitude": "54.96907780",
      "longitude": "-7.19583510"
   },
   {
      "name": "Dudley",
      "isoCode": "DUD",
      "countryCode": "GB",
      "latitude": "42.04336610",
      "longitude": "-71.92760330"
   },
   {
      "name": "County Durham",
      "isoCode": "DUR",
      "countryCode": "GB",
      "latitude": "54.72940990",
      "longitude": "-1.88115980"
   },
   {
      "name": "London Borough of Ealing",
      "isoCode": "EAL",
      "countryCode": "GB",
      "latitude": "51.52503660",
      "longitude": "-0.34139650"
   },
   {
      "name": "East Ayrshire",
      "isoCode": "EAY",
      "countryCode": "GB",
      "latitude": "55.45184960",
      "longitude": "-4.26444780"
   },
   {
      "name": "Edinburgh",
      "isoCode": "EDH",
      "countryCode": "GB",
      "latitude": "55.95325200",
      "longitude": "-3.18826700"
   },
   {
      "name": "East Dunbartonshire",
      "isoCode": "EDU",
      "countryCode": "GB",
      "latitude": "55.97431620",
      "longitude": "-4.20229800"
   },
   {
      "name": "East Lothian",
      "isoCode": "ELN",
      "countryCode": "GB",
      "latitude": "55.94933830",
      "longitude": "-2.77044640"
   },
   {
      "name": "Outer Hebrides",
      "isoCode": "ELS",
      "countryCode": "GB",
      "latitude": "57.75989180",
      "longitude": "-7.01940340"
   },
   {
      "name": "London Borough of Enfield",
      "isoCode": "ENF",
      "countryCode": "GB",
      "latitude": "51.66229090",
      "longitude": "-0.11806510"
   },
   {
      "name": "England",
      "isoCode": "ENG",
      "countryCode": "GB",
      "latitude": "52.35551770",
      "longitude": "-1.17431970"
   },
   {
      "name": "East Renfrewshire",
      "isoCode": "ERW",
      "countryCode": "GB",
      "latitude": "55.77047350",
      "longitude": "-4.33598210"
   },
   {
      "name": "East Riding of Yorkshire",
      "isoCode": "ERY",
      "countryCode": "GB",
      "latitude": "53.84161680",
      "longitude": "-0.43441060"
   },
   {
      "name": "Essex",
      "isoCode": "ESS",
      "countryCode": "GB",
      "latitude": "51.57424470",
      "longitude": "0.48567810"
   },
   {
      "name": "East Sussex",
      "isoCode": "ESX",
      "countryCode": "GB",
      "latitude": "50.90859550",
      "longitude": "0.24941660"
   },
   {
      "name": "Falkirk",
      "isoCode": "FAL",
      "countryCode": "GB",
      "latitude": "56.00187750",
      "longitude": "-3.78391310"
   },
   {
      "name": "Fermanagh District Council",
      "isoCode": "FER",
      "countryCode": "GB",
      "latitude": "54.34479780",
      "longitude": "-7.63842180"
   },
   {
      "name": "Fife",
      "isoCode": "FIF",
      "countryCode": "GB",
      "latitude": "56.20820780",
      "longitude": "-3.14951750"
   },
   {
      "name": "Flintshire",
      "isoCode": "FLN",
      "countryCode": "GB",
      "latitude": "53.16686580",
      "longitude": "-3.14189080"
   },
   {
      "name": "Fermanagh and Omagh",
      "isoCode": "FMO",
      "countryCode": "GB",
      "latitude": "54.45135240",
      "longitude": "-7.71250180"
   },
   {
      "name": "Gateshead",
      "isoCode": "GAT",
      "countryCode": "GB",
      "latitude": "54.95268000",
      "longitude": "-1.60341100"
   },
   {
      "name": "Glasgow",
      "isoCode": "GLG",
      "countryCode": "GB",
      "latitude": "55.86423700",
      "longitude": "-4.25180600"
   },
   {
      "name": "Gloucestershire",
      "isoCode": "GLS",
      "countryCode": "GB",
      "latitude": "51.86421120",
      "longitude": "-2.23803350"
   },
   {
      "name": "Royal Borough of Greenwich",
      "isoCode": "GRE",
      "countryCode": "GB",
      "latitude": "51.48346270",
      "longitude": "0.05862020"
   },
   {
      "name": "Gwynedd",
      "isoCode": "GWN",
      "countryCode": "GB",
      "latitude": "52.92772660",
      "longitude": "-4.13348360"
   },
   {
      "name": "Halton",
      "isoCode": "HAL",
      "countryCode": "GB",
      "latitude": "43.53253720",
      "longitude": "-79.87448360"
   },
   {
      "name": "Hampshire",
      "isoCode": "HAM",
      "countryCode": "GB",
      "latitude": "51.05769480",
      "longitude": "-1.30806290"
   },
   {
      "name": "London Borough of Havering",
      "isoCode": "HAV",
      "countryCode": "GB",
      "latitude": "51.57792400",
      "longitude": "0.21208290"
   },
   {
      "name": "London Borough of Hackney",
      "isoCode": "HCK",
      "countryCode": "GB",
      "latitude": "51.57344500",
      "longitude": "-0.07243760"
   },
   {
      "name": "Herefordshire",
      "isoCode": "HEF",
      "countryCode": "GB",
      "latitude": "52.07651640",
      "longitude": "-2.65441820"
   },
   {
      "name": "London Borough of Hillingdon",
      "isoCode": "HIL",
      "countryCode": "GB",
      "latitude": "51.53518320",
      "longitude": "-0.44813780"
   },
   {
      "name": "Highland",
      "isoCode": "HLD",
      "countryCode": "GB",
      "latitude": "36.29675080",
      "longitude": "-95.83803660"
   },
   {
      "name": "London Borough of Hammersmith and Fulham",
      "isoCode": "HMF",
      "countryCode": "GB",
      "latitude": "51.49901560",
      "longitude": "-0.22915000"
   },
   {
      "name": "London Borough of Hounslow",
      "isoCode": "HNS",
      "countryCode": "GB",
      "latitude": "51.48283580",
      "longitude": "-0.38820620"
   },
   {
      "name": "Hartlepool",
      "isoCode": "HPL",
      "countryCode": "GB",
      "latitude": "54.69174500",
      "longitude": "-1.21292600"
   },
   {
      "name": "Hertfordshire",
      "isoCode": "HRT",
      "countryCode": "GB",
      "latitude": "51.80978230",
      "longitude": "-0.23767440"
   },
   {
      "name": "London Borough of Harrow",
      "isoCode": "HRW",
      "countryCode": "GB",
      "latitude": "51.58816270",
      "longitude": "-0.34228510"
   },
   {
      "name": "London Borough of Haringey",
      "isoCode": "HRY",
      "countryCode": "GB",
      "latitude": "51.59061130",
      "longitude": "-0.11097090"
   },
   {
      "name": "Isles of Scilly",
      "isoCode": "IOS",
      "countryCode": "GB",
      "latitude": "49.92772610",
      "longitude": "-6.32749660"
   },
   {
      "name": "Isle of Wight",
      "isoCode": "IOW",
      "countryCode": "GB",
      "latitude": "50.69384790",
      "longitude": "-1.30473400"
   },
   {
      "name": "London Borough of Islington",
      "isoCode": "ISL",
      "countryCode": "GB",
      "latitude": "51.54650630",
      "longitude": "-0.10580580"
   },
   {
      "name": "Inverclyde",
      "isoCode": "IVC",
      "countryCode": "GB",
      "latitude": "55.93165690",
      "longitude": "-4.68001580"
   },
   {
      "name": "Royal Borough of Kensington and Chelsea",
      "isoCode": "KEC",
      "countryCode": "GB",
      "latitude": "51.49908050",
      "longitude": "-0.19382530"
   },
   {
      "name": "Kent",
      "isoCode": "KEN",
      "countryCode": "GB",
      "latitude": "41.15366740",
      "longitude": "-81.35788590"
   },
   {
      "name": "City of Kingston upon Hull",
      "isoCode": "KHL",
      "countryCode": "GB",
      "latitude": "53.76762360",
      "longitude": "-0.32741980"
   },
   {
      "name": "Kirklees",
      "isoCode": "KIR",
      "countryCode": "GB",
      "latitude": "53.59334320",
      "longitude": "-1.80095090"
   },
   {
      "name": "Royal Borough of Kingston upon Thames",
      "isoCode": "KTT",
      "countryCode": "GB",
      "latitude": "51.37811700",
      "longitude": "-0.29270900"
   },
   {
      "name": "Knowsley",
      "isoCode": "KWL",
      "countryCode": "GB",
      "latitude": "53.45459400",
      "longitude": "-2.85290700"
   },
   {
      "name": "Lancashire",
      "isoCode": "LAN",
      "countryCode": "GB",
      "latitude": "53.76322540",
      "longitude": "-2.70440520"
   },
   {
      "name": "Lisburn and Castlereagh",
      "isoCode": "LBC",
      "countryCode": "GB",
      "latitude": "54.49815840",
      "longitude": "-6.13067910"
   },
   {
      "name": "London Borough of Lambeth",
      "isoCode": "LBH",
      "countryCode": "GB",
      "latitude": "51.45714770",
      "longitude": "-0.12306810"
   },
   {
      "name": "City of Leicester",
      "isoCode": "LCE",
      "countryCode": "GB",
      "latitude": "52.63687780",
      "longitude": "-1.13975920"
   },
   {
      "name": "Leeds",
      "isoCode": "LDS",
      "countryCode": "GB",
      "latitude": "53.80075540",
      "longitude": "-1.54907740"
   },
   {
      "name": "Leicestershire",
      "isoCode": "LEC",
      "countryCode": "GB",
      "latitude": "52.77257100",
      "longitude": "-1.20521260"
   },
   {
      "name": "London Borough of Lewisham",
      "isoCode": "LEW",
      "countryCode": "GB",
      "latitude": "51.44145790",
      "longitude": "-0.01170060"
   },
   {
      "name": "Lincolnshire",
      "isoCode": "LIN",
      "countryCode": "GB",
      "latitude": "52.94518890",
      "longitude": "-0.16012460"
   },
   {
      "name": "Liverpool",
      "isoCode": "LIV",
      "countryCode": "GB",
      "latitude": "32.65649810",
      "longitude": "-115.47632410"
   },
   {
      "name": "Limavady Borough Council",
      "isoCode": "LMV",
      "countryCode": "GB",
      "latitude": "55.05168200",
      "longitude": "-6.94919440"
   },
   {
      "name": "City of London",
      "isoCode": "LND",
      "countryCode": "GB",
      "latitude": "51.51234430",
      "longitude": "-0.09098520"
   },
   {
      "name": "Larne Borough Council",
      "isoCode": "LRN",
      "countryCode": "GB",
      "latitude": "54.85780030",
      "longitude": "-5.82362240"
   },
   {
      "name": "Lisburn City Council",
      "isoCode": "LSB",
      "countryCode": "GB",
      "latitude": "54.49815840",
      "longitude": "-6.13067910"
   },
   {
      "name": "Manchester",
      "isoCode": "MAN",
      "countryCode": "GB",
      "latitude": "53.48075930",
      "longitude": "-2.24263050"
   },
   {
      "name": "Middlesbrough",
      "isoCode": "MDB",
      "countryCode": "GB",
      "latitude": "54.57422700",
      "longitude": "-1.23495600"
   },
   {
      "name": "Medway",
      "isoCode": "MDW",
      "countryCode": "GB",
      "latitude": "42.14176410",
      "longitude": "-71.39672560"
   },
   {
      "name": "Mid and East Antrim",
      "isoCode": "MEA",
      "countryCode": "GB",
      "latitude": "54.93993410",
      "longitude": "-6.11374230"
   },
   {
      "name": "Magherafelt District Council",
      "isoCode": "MFT",
      "countryCode": "GB",
      "latitude": "54.75532790",
      "longitude": "-6.60774870"
   },
   {
      "name": "Milton Keynes",
      "isoCode": "MIK",
      "countryCode": "GB",
      "latitude": "52.08520380",
      "longitude": "-0.73331330"
   },
   {
      "name": "Midlothian",
      "isoCode": "MLN",
      "countryCode": "GB",
      "latitude": "32.47533500",
      "longitude": "-97.01031810"
   },
   {
      "name": "Monmouthshire",
      "isoCode": "MON",
      "countryCode": "GB",
      "latitude": "51.81161000",
      "longitude": "-2.71634170"
   },
   {
      "name": "London Borough of Merton",
      "isoCode": "MRT",
      "countryCode": "GB",
      "latitude": "51.40977420",
      "longitude": "-0.21080840"
   },
   {
      "name": "Moray",
      "isoCode": "MRY",
      "countryCode": "GB",
      "latitude": "57.64984760",
      "longitude": "-3.31680390"
   },
   {
      "name": "Merthyr Tydfil County Borough",
      "isoCode": "MTY",
      "countryCode": "GB",
      "latitude": "51.74674740",
      "longitude": "-3.38132750"
   },
   {
      "name": "Mid Ulster",
      "isoCode": "MUL",
      "countryCode": "GB",
      "latitude": "54.64113010",
      "longitude": "-6.75225490"
   },
   {
      "name": "Moyle District Council",
      "isoCode": "MYL",
      "countryCode": "GB",
      "latitude": "55.20473270",
      "longitude": "-6.25317400"
   },
   {
      "name": "North Ayrshire",
      "isoCode": "NAY",
      "countryCode": "GB",
      "latitude": "55.64167310",
      "longitude": "-4.75946000"
   },
   {
      "name": "Northumberland",
      "isoCode": "NBL",
      "countryCode": "GB",
      "latitude": "55.20825420",
      "longitude": "-2.07841380"
   },
   {
      "name": "North Down Borough Council",
      "isoCode": "NDN",
      "countryCode": "GB",
      "latitude": "54.65362970",
      "longitude": "-5.67249250"
   },
   {
      "name": "North East Lincolnshire",
      "isoCode": "NEL",
      "countryCode": "GB",
      "latitude": "53.56682010",
      "longitude": "-0.08150660"
   },
   {
      "name": "Newcastle upon Tyne",
      "isoCode": "NET",
      "countryCode": "GB",
      "latitude": "54.97825200",
      "longitude": "-1.61778000"
   },
   {
      "name": "Norfolk",
      "isoCode": "NFK",
      "countryCode": "GB",
      "latitude": "36.85076890",
      "longitude": "-76.28587260"
   },
   {
      "name": "City of Nottingham",
      "isoCode": "NGM",
      "countryCode": "GB",
      "latitude": "52.95478320",
      "longitude": "-1.15810860"
   },
   {
      "name": "Northern Ireland",
      "isoCode": "NIR",
      "countryCode": "GB",
      "latitude": "54.78771490",
      "longitude": "-6.49231450"
   },
   {
      "name": "North Lanarkshire",
      "isoCode": "NLK",
      "countryCode": "GB",
      "latitude": "55.86624320",
      "longitude": "-3.96131440"
   },
   {
      "name": "North Lincolnshire",
      "isoCode": "NLN",
      "countryCode": "GB",
      "latitude": "53.60555920",
      "longitude": "-0.55965820"
   },
   {
      "name": "Newry, Mourne and Down",
      "isoCode": "NMD",
      "countryCode": "GB",
      "latitude": "54.24342870",
      "longitude": "-5.95779590"
   },
   {
      "name": "North Somerset",
      "isoCode": "NSM",
      "countryCode": "GB",
      "latitude": "51.38790280",
      "longitude": "-2.77810910"
   },
   {
      "name": "Newtownabbey Borough Council",
      "isoCode": "NTA",
      "countryCode": "GB",
      "latitude": "54.67924220",
      "longitude": "-5.95911020"
   },
   {
      "name": "Northamptonshire",
      "isoCode": "NTH",
      "countryCode": "GB",
      "latitude": "52.27299440",
      "longitude": "-0.87555150"
   },
   {
      "name": "Neath Port Talbot County Borough",
      "isoCode": "NTL",
      "countryCode": "GB",
      "latitude": "51.59785190",
      "longitude": "-3.78396680"
   },
   {
      "name": "Nottinghamshire",
      "isoCode": "NTT",
      "countryCode": "GB",
      "latitude": "53.10031900",
      "longitude": "-0.99363060"
   },
   {
      "name": "North Tyneside",
      "isoCode": "NTY",
      "countryCode": "GB",
      "latitude": "55.01823990",
      "longitude": "-1.48584360"
   },
   {
      "name": "London Borough of Newham",
      "isoCode": "NWM",
      "countryCode": "GB",
      "latitude": "51.52551620",
      "longitude": "0.03521630"
   },
   {
      "name": "Newport",
      "isoCode": "NWP",
      "countryCode": "GB",
      "latitude": "37.52782340",
      "longitude": "-94.10438760"
   },
   {
      "name": "North Yorkshire",
      "isoCode": "NYK",
      "countryCode": "GB",
      "latitude": "53.99150280",
      "longitude": "-1.54120150"
   },
   {
      "name": "Newry and Mourne District Council",
      "isoCode": "NYM",
      "countryCode": "GB",
      "latitude": "54.17425050",
      "longitude": "-6.33919920"
   },
   {
      "name": "Oldham",
      "isoCode": "OLD",
      "countryCode": "GB",
      "latitude": "42.20405980",
      "longitude": "-71.20481190"
   },
   {
      "name": "Omagh District Council",
      "isoCode": "OMH",
      "countryCode": "GB",
      "latitude": "54.45135240",
      "longitude": "-7.71250180"
   },
   {
      "name": "Orkney Islands",
      "isoCode": "ORK",
      "countryCode": "GB",
      "latitude": "58.98094010",
      "longitude": "-2.96052060"
   },
   {
      "name": "Oxfordshire",
      "isoCode": "OXF",
      "countryCode": "GB",
      "latitude": "51.76120560",
      "longitude": "-1.24646740"
   },
   {
      "name": "Pembrokeshire",
      "isoCode": "PEM",
      "countryCode": "GB",
      "latitude": "51.67407800",
      "longitude": "-4.90887850"
   },
   {
      "name": "Perth and Kinross",
      "isoCode": "PKN",
      "countryCode": "GB",
      "latitude": "56.39538170",
      "longitude": "-3.42835470"
   },
   {
      "name": "City of Plymouth",
      "isoCode": "PLY",
      "countryCode": "GB",
      "latitude": "42.37089410",
      "longitude": "-83.46971410"
   },
   {
      "name": "Poole",
      "isoCode": "POL",
      "countryCode": "GB",
      "latitude": "50.71505000",
      "longitude": "-1.98724800"
   },
   {
      "name": "City of Portsmouth",
      "isoCode": "POR",
      "countryCode": "GB",
      "latitude": "36.83291500",
      "longitude": "-76.29755490"
   },
   {
      "name": "Powys",
      "isoCode": "POW",
      "countryCode": "GB",
      "latitude": "52.64642490",
      "longitude": "-3.32609040"
   },
   {
      "name": "City of Peterborough",
      "isoCode": "PTE",
      "countryCode": "GB",
      "latitude": "44.30936360",
      "longitude": "-78.32015300"
   },
   {
      "name": "Redcar and Cleveland",
      "isoCode": "RCC",
      "countryCode": "GB",
      "latitude": "54.59713440",
      "longitude": "-1.07759970"
   },
   {
      "name": "Rochdale",
      "isoCode": "RCH",
      "countryCode": "GB",
      "latitude": "53.60971360",
      "longitude": "-2.15610000"
   },
   {
      "name": "Rhondda Cynon Taf",
      "isoCode": "RCT",
      "countryCode": "GB",
      "latitude": "51.64902070",
      "longitude": "-3.42886920"
   },
   {
      "name": "London Borough of Redbridge",
      "isoCode": "RDB",
      "countryCode": "GB",
      "latitude": "51.58861210",
      "longitude": "0.08239820"
   },
   {
      "name": "Reading",
      "isoCode": "RDG",
      "countryCode": "GB",
      "latitude": "36.14866590",
      "longitude": "-95.98400120"
   },
   {
      "name": "Renfrewshire",
      "isoCode": "RFW",
      "countryCode": "GB",
      "latitude": "55.84665400",
      "longitude": "-4.53312590"
   },
   {
      "name": "London Borough of Richmond upon Thames",
      "isoCode": "RIC",
      "countryCode": "GB",
      "latitude": "51.46130540",
      "longitude": "-0.30377090"
   },
   {
      "name": "Rotherham",
      "isoCode": "ROT",
      "countryCode": "GB",
      "latitude": "53.43260350",
      "longitude": "-1.36350090"
   },
   {
      "name": "Rutland",
      "isoCode": "RUT",
      "countryCode": "GB",
      "latitude": "43.61062370",
      "longitude": "-72.97260650"
   },
   {
      "name": "Sandwell",
      "isoCode": "SAW",
      "countryCode": "GB",
      "latitude": "52.53616740",
      "longitude": "-2.01079300"
   },
   {
      "name": "South Ayrshire",
      "isoCode": "SAY",
      "countryCode": "GB",
      "latitude": "55.45889880",
      "longitude": "-4.62919940"
   },
   {
      "name": "Scottish Borders",
      "isoCode": "SCB",
      "countryCode": "GB",
      "latitude": "55.54856970",
      "longitude": "-2.78613880"
   },
   {
      "name": "Scotland",
      "isoCode": "SCT",
      "countryCode": "GB",
      "latitude": "56.49067120",
      "longitude": "-4.20264580"
   },
   {
      "name": "Suffolk",
      "isoCode": "SFK",
      "countryCode": "GB",
      "latitude": "52.18724720",
      "longitude": "0.97078010"
   },
   {
      "name": "Sefton",
      "isoCode": "SFT",
      "countryCode": "GB",
      "latitude": "53.50344490",
      "longitude": "-2.97035900"
   },
   {
      "name": "South Gloucestershire",
      "isoCode": "SGC",
      "countryCode": "GB",
      "latitude": "51.52643610",
      "longitude": "-2.47284870"
   },
   {
      "name": "Ascension Island",
      "isoCode": "SH-AC",
      "countryCode": "GB",
      "latitude": "-7.94671660",
      "longitude": "-14.35591580"
   },
   {
      "name": "Saint Helena",
      "isoCode": "SH-HL",
      "countryCode": "GB",
      "latitude": "-15.96501040",
      "longitude": "-5.70892410"
   },
   {
      "name": "Sheffield",
      "isoCode": "SHF",
      "countryCode": "GB",
      "latitude": "36.09507430",
      "longitude": "-80.27884660"
   },
   {
      "name": "St Helens",
      "isoCode": "SHN",
      "countryCode": "GB",
      "latitude": "45.85896100",
      "longitude": "-122.82123560"
   },
   {
      "name": "Shropshire",
      "isoCode": "SHR",
      "countryCode": "GB",
      "latitude": "52.70636570",
      "longitude": "-2.74178490"
   },
   {
      "name": "Stockport",
      "isoCode": "SKP",
      "countryCode": "GB",
      "latitude": "53.41063160",
      "longitude": "-2.15753320"
   },
   {
      "name": "Salford",
      "isoCode": "SLF",
      "countryCode": "GB",
      "latitude": "53.48752350",
      "longitude": "-2.29012640"
   },
   {
      "name": "Slough",
      "isoCode": "SLG",
      "countryCode": "GB",
      "latitude": "51.51053840",
      "longitude": "-0.59504060"
   },
   {
      "name": "South Lanarkshire",
      "isoCode": "SLK",
      "countryCode": "GB",
      "latitude": "55.67359090",
      "longitude": "-3.78196610"
   },
   {
      "name": "City of Sunderland",
      "isoCode": "SND",
      "countryCode": "GB",
      "latitude": "54.88614890",
      "longitude": "-1.47857970"
   },
   {
      "name": "Solihull",
      "isoCode": "SOL",
      "countryCode": "GB",
      "latitude": "52.41181100",
      "longitude": "-1.77761000"
   },
   {
      "name": "Somerset",
      "isoCode": "SOM",
      "countryCode": "GB",
      "latitude": "51.10509700",
      "longitude": "-2.92623070"
   },
   {
      "name": "Southend-on-Sea",
      "isoCode": "SOS",
      "countryCode": "GB",
      "latitude": "51.54592690",
      "longitude": "0.70771230"
   },
   {
      "name": "Surrey",
      "isoCode": "SRY",
      "countryCode": "GB",
      "latitude": "51.31475930",
      "longitude": "-0.55995010"
   },
   {
      "name": "Strabane District Council",
      "isoCode": "STB",
      "countryCode": "GB",
      "latitude": "54.82738650",
      "longitude": "-7.46331030"
   },
   {
      "name": "City of Stoke-on-Trent",
      "isoCode": "STE",
      "countryCode": "GB",
      "latitude": "53.00266800",
      "longitude": "-2.17940400"
   },
   {
      "name": "Stirling",
      "isoCode": "STG",
      "countryCode": "GB",
      "latitude": "56.11652270",
      "longitude": "-3.93690290"
   },
   {
      "name": "City of Southampton",
      "isoCode": "STH",
      "countryCode": "GB",
      "latitude": "50.90970040",
      "longitude": "-1.40435090"
   },
   {
      "name": "London Borough of Sutton",
      "isoCode": "STN",
      "countryCode": "GB",
      "latitude": "51.35737620",
      "longitude": "-0.17527960"
   },
   {
      "name": "Staffordshire",
      "isoCode": "STS",
      "countryCode": "GB",
      "latitude": "52.87927450",
      "longitude": "-2.05718680"
   },
   {
      "name": "Stockton-on-Tees",
      "isoCode": "STT",
      "countryCode": "GB",
      "latitude": "54.57045510",
      "longitude": "-1.32898210"
   },
   {
      "name": "South Tyneside",
      "isoCode": "STY",
      "countryCode": "GB",
      "latitude": "54.96366930",
      "longitude": "-1.44186340"
   },
   {
      "name": "City and County of Swansea",
      "isoCode": "SWA",
      "countryCode": "GB",
      "latitude": "51.62144000",
      "longitude": "-3.94364600"
   },
   {
      "name": "Swindon",
      "isoCode": "SWD",
      "countryCode": "GB",
      "latitude": "51.55577390",
      "longitude": "-1.77971760"
   },
   {
      "name": "London Borough of Southwark",
      "isoCode": "SWK",
      "countryCode": "GB",
      "latitude": "51.48805720",
      "longitude": "-0.07628380"
   },
   {
      "name": "Tameside",
      "isoCode": "TAM",
      "countryCode": "GB",
      "latitude": "53.48058280",
      "longitude": "-2.08098910"
   },
   {
      "name": "Telford and Wrekin",
      "isoCode": "TFW",
      "countryCode": "GB",
      "latitude": "52.74099160",
      "longitude": "-2.48685860"
   },
   {
      "name": "Thurrock",
      "isoCode": "THR",
      "countryCode": "GB",
      "latitude": "51.49345570",
      "longitude": "0.35291970"
   },
   {
      "name": "Torbay",
      "isoCode": "TOB",
      "countryCode": "GB",
      "latitude": "50.43923290",
      "longitude": "-3.53698990"
   },
   {
      "name": "Torfaen",
      "isoCode": "TOF",
      "countryCode": "GB",
      "latitude": "51.70022530",
      "longitude": "-3.04460150"
   },
   {
      "name": "Trafford",
      "isoCode": "TRF",
      "countryCode": "GB",
      "latitude": "40.38562460",
      "longitude": "-79.75893470"
   },
   {
      "name": "London Borough of Tower Hamlets",
      "isoCode": "TWH",
      "countryCode": "GB",
      "latitude": "51.52026070",
      "longitude": "-0.02933960"
   },
   {
      "name": "United Kingdom",
      "isoCode": "UKM",
      "countryCode": "GB",
      "latitude": "55.37805100",
      "longitude": "-3.43597300"
   },
   {
      "name": "Vale of Glamorgan",
      "isoCode": "VGL",
      "countryCode": "GB",
      "latitude": "51.40959580",
      "longitude": "-3.48481670"
   },
   {
      "name": "Warwickshire",
      "isoCode": "WAR",
      "countryCode": "GB",
      "latitude": "52.26713530",
      "longitude": "-1.46752160"
   },
   {
      "name": "West Berkshire",
      "isoCode": "WBK",
      "countryCode": "GB",
      "latitude": "51.43082550",
      "longitude": "-1.14449270"
   },
   {
      "name": "West Dunbartonshire",
      "isoCode": "WDU",
      "countryCode": "GB",
      "latitude": "55.94509250",
      "longitude": "-4.56462590"
   },
   {
      "name": "London Borough of Waltham Forest",
      "isoCode": "WFT",
      "countryCode": "GB",
      "latitude": "51.58863830",
      "longitude": "-0.01176250"
   },
   {
      "name": "Metropolitan Borough of Wigan",
      "isoCode": "WGN",
      "countryCode": "GB",
      "latitude": "53.51348120",
      "longitude": "-2.61069990"
   },
   {
      "name": "Wiltshire",
      "isoCode": "WIL",
      "countryCode": "GB",
      "latitude": "51.34919960",
      "longitude": "-1.99271050"
   },
   {
      "name": "Wakefield",
      "isoCode": "WKF",
      "countryCode": "GB",
      "latitude": "42.50393950",
      "longitude": "-71.07233910"
   },
   {
      "name": "Walsall",
      "isoCode": "WLL",
      "countryCode": "GB",
      "latitude": "52.58621400",
      "longitude": "-1.98291900"
   },
   {
      "name": "West Lothian",
      "isoCode": "WLN",
      "countryCode": "GB",
      "latitude": "55.90701980",
      "longitude": "-3.55171670"
   },
   {
      "name": "Wales",
      "isoCode": "WLS",
      "countryCode": "GB",
      "latitude": "52.13066070",
      "longitude": "-3.78371170"
   },
   {
      "name": "City of Wolverhampton",
      "isoCode": "WLV",
      "countryCode": "GB",
      "latitude": "52.58891200",
      "longitude": "-2.15646300"
   },
   {
      "name": "London Borough of Wandsworth",
      "isoCode": "WND",
      "countryCode": "GB",
      "latitude": "51.45682740",
      "longitude": "-0.18966380"
   },
   {
      "name": "Windsor and Maidenhead",
      "isoCode": "WNM",
      "countryCode": "GB",
      "latitude": "51.47997120",
      "longitude": "-0.62425650"
   },
   {
      "name": "Wokingham",
      "isoCode": "WOK",
      "countryCode": "GB",
      "latitude": "51.41045700",
      "longitude": "-0.83386100"
   },
   {
      "name": "Worcestershire",
      "isoCode": "WOR",
      "countryCode": "GB",
      "latitude": "52.25452250",
      "longitude": "-2.26683820"
   },
   {
      "name": "Wirral",
      "isoCode": "WRL",
      "countryCode": "GB",
      "latitude": "53.37271810",
      "longitude": "-3.07375400"
   },
   {
      "name": "Warrington",
      "isoCode": "WRT",
      "countryCode": "GB",
      "latitude": "40.24927410",
      "longitude": "-75.13406040"
   },
   {
      "name": "Wrexham County Borough",
      "isoCode": "WRX",
      "countryCode": "GB",
      "latitude": "53.03013780",
      "longitude": "-3.02614870"
   },
   {
      "name": "City of Westminster",
      "isoCode": "WSM",
      "countryCode": "GB",
      "latitude": "39.57659770",
      "longitude": "-76.99721260"
   },
   {
      "name": "West Sussex",
      "isoCode": "WSX",
      "countryCode": "GB",
      "latitude": "50.92801430",
      "longitude": "-0.46170750"
   },
   {
      "name": "City of York",
      "isoCode": "YOR",
      "countryCode": "GB",
      "latitude": "53.95996510",
      "longitude": "-1.08729790"
   },
   {
      "name": "Shetland Islands",
      "isoCode": "ZET",
      "countryCode": "GB",
      "latitude": "60.52965070",
      "longitude": "-1.26594090"
   }
]