[
   {
      "name": "Accumoli",
      "countryCode": "IT",
      "stateCode": "62"
   },
   {
      "name": "Acilia-Castel Fusano-Ostia Antica",
      "countryCode": "IT",
      "stateCode": "62"
   },
   {
      "name": "Acquafondata",
      "countryCode": "IT",
      "stateCode": "62"
   },
   {
      "name": "Acquapendente",
      "countryCode": "IT",
      "stateCode": "62"
   },
   {
      "name": "Acuto",
      "countryCode": "IT",
      "stateCode": "62"
   },
   {
      "name": "Affile",
      "countryCode": "IT",
      "stateCode": "62"
   },
   {
      "name": "Agosta",
      "countryCode": "IT",
      "stateCode": "62"
   },
   {
      "name": "Alatri",
      "countryCode": "IT",
      "stateCode": "62"
   },
   {
      "name": "Albano Laziale",
      "countryCode": "IT",
      "stateCode": "62"
   },
   {
      "name": "Albuccione",
      "countryCode": "IT",
      "stateCode": "62"
   },
   {
      "name": "Allumiere",
      "countryCode": "IT",
      "stateCode": "62"
   },
   {
      "name": "Alvito",
      "countryCode": "IT",
      "stateCode": "62"
   },
   {
      "name": "Amaseno",
      "countryCode": "IT",
      "stateCode": "62"
   },
   {
      "name": "Amatrice",
      "countryCode": "IT",
      "stateCode": "62"
   },
   {
      "name": "Anagni",
      "countryCode": "IT",
      "stateCode": "62"
   },
   {
      "name": "Anguillara Sabazia",
      "countryCode": "IT",
      "stateCode": "62"
   },
   {
      "name": "Anitrella-Chiaiamari",
      "countryCode": "IT",
      "stateCode": "62"
   },
   {
      "name": "Anticoli Corrado",
      "countryCode": "IT",
      "stateCode": "62"
   },
   {
      "name": "Antrodoco",
      "countryCode": "IT",
      "stateCode": "62"
   },
   {
      "name": "Anzio",
      "countryCode": "IT",
      "stateCode": "62"
   },
   {
      "name": "Aprilia",
      "countryCode": "IT",
      "stateCode": "62"
   },
   {
      "name": "Aquino",
      "countryCode": "IT",
      "stateCode": "62"
   },
   {
      "name": "Ara Nova",
      "countryCode": "IT",
      "stateCode": "62"
   },
   {
      "name": "Arce",
      "countryCode": "IT",
      "stateCode": "62"
   },
   {
      "name": "Arci-Empolitana",
      "countryCode": "IT",
      "stateCode": "62"
   },
   {
      "name": "Arcinazzo Romano",
      "countryCode": "IT",
      "stateCode": "62"
   },
   {
      "name": "Ardea",
      "countryCode": "IT",
      "stateCode": "62"
   },
   {
      "name": "Area Produttiva",
      "countryCode": "IT",
      "stateCode": "62"
   },
   {
      "name": "Ariccia",
      "countryCode": "IT",
      "stateCode": "62"
   },
   {
      "name": "Arlena di Castro",
      "countryCode": "IT",
      "stateCode": "62"
   },
   {
      "name": "Armetta",
      "countryCode": "IT",
      "stateCode": "62"
   },
   {
      "name": "Arnara",
      "countryCode": "IT",
      "stateCode": "62"
   },
   {
      "name": "Arpino",
      "countryCode": "IT",
      "stateCode": "62"
   },
   {
      "name": "Arsoli",
      "countryCode": "IT",
      "stateCode": "62"
   },
   {
      "name": "Artena",
      "countryCode": "IT",
      "stateCode": "62"
   },
   {
      "name": "Ascrea",
      "countryCode": "IT",
      "stateCode": "62"
   },
   {
      "name": "Atina",
      "countryCode": "IT",
      "stateCode": "62"
   },
   {
      "name": "Atina Inferiore",
      "countryCode": "IT",
      "stateCode": "62"
   },
   {
      "name": "Aurelia",
      "countryCode": "IT",
      "stateCode": "62"
   },
   {
      "name": "Ausonia",
      "countryCode": "IT",
      "stateCode": "62"
   },
   {
      "name": "Bagni di Tivoli",
      "countryCode": "IT",
      "stateCode": "62"
   },
   {
      "name": "Bagnoregio",
      "countryCode": "IT",
      "stateCode": "62"
   },
   {
      "name": "Barbarano Romano",
      "countryCode": "IT",
      "stateCode": "62"
   },
   {
      "name": "Bassano Romano",
      "countryCode": "IT",
      "stateCode": "62"
   },
   {
      "name": "Bassano in Teverina",
      "countryCode": "IT",
      "stateCode": "62"
   },
   {
      "name": "Bassiano",
      "countryCode": "IT",
      "stateCode": "62"
   },
   {
      "name": "Bella Farnia",
      "countryCode": "IT",
      "stateCode": "62"
   },
   {
      "name": "Bellegra",
      "countryCode": "IT",
      "stateCode": "62"
   },
   {
      "name": "Belmonte Castello",
      "countryCode": "IT",
      "stateCode": "62"
   },
   {
      "name": "Belmonte in Sabina",
      "countryCode": "IT",
      "stateCode": "62"
   },
   {
      "name": "Bivio San Polo",
      "countryCode": "IT",
      "stateCode": "62"
   },
   {
      "name": "Bivio di Capanelle",
      "countryCode": "IT",
      "stateCode": "62"
   },
   {
      "name": "Blera",
      "countryCode": "IT",
      "stateCode": "62"
   },
   {
      "name": "Bolsena",
      "countryCode": "IT",
      "stateCode": "62"
   },
   {
      "name": "Bomarzo",
      "countryCode": "IT",
      "stateCode": "62"
   },
   {
      "name": "Borbona",
      "countryCode": "IT",
      "stateCode": "62"
   },
   {
      "name": "Borgo Grappa",
      "countryCode": "IT",
      "stateCode": "62"
   },
   {
      "name": "Borgo Hermada",
      "countryCode": "IT",
      "stateCode": "62"
   },
   {
      "name": "Borgo Lotti",
      "countryCode": "IT",
      "stateCode": "62"
   },
   {
      "name": "Borgo Podgora",
      "countryCode": "IT",
      "stateCode": "62"
   },
   {
      "name": "Borgo Sabotino-Foce Verde",
      "countryCode": "IT",
      "stateCode": "62"
   },
   {
      "name": "Borgo San Michele",
      "countryCode": "IT",
      "stateCode": "62"
   },
   {
      "name": "Borgo Velino",
      "countryCode": "IT",
      "stateCode": "62"
   },
   {
      "name": "Borgorose",
      "countryCode": "IT",
      "stateCode": "62"
   },
   {
      "name": "Boville Ernica",
      "countryCode": "IT",
      "stateCode": "62"
   },
   {
      "name": "Bracciano",
      "countryCode": "IT",
      "stateCode": "62"
   },
   {
      "name": "Broccostella",
      "countryCode": "IT",
      "stateCode": "62"
   },
   {
      "name": "Caira",
      "countryCode": "IT",
      "stateCode": "62"
   },
   {
      "name": "Calcata Nuova",
      "countryCode": "IT",
      "stateCode": "62"
   },
   {
      "name": "Camerata Nuova",
      "countryCode": "IT",
      "stateCode": "62"
   },
   {
      "name": "Camilleri-Vallelata",
      "countryCode": "IT",
      "stateCode": "62"
   },
   {
      "name": "Campagnano di Roma",
      "countryCode": "IT",
      "stateCode": "62"
   },
   {
      "name": "Campo Jemini",
      "countryCode": "IT",
      "stateCode": "62"
   },
   {
      "name": "Campo Limpido-Favale",
      "countryCode": "IT",
      "stateCode": "62"
   },
   {
      "name": "Campo di Carne",
      "countryCode": "IT",
      "stateCode": "62"
   },
   {
      "name": "Campodimele",
      "countryCode": "IT",
      "stateCode": "62"
   },
   {
      "name": "Campoleone",
      "countryCode": "IT",
      "stateCode": "62"
   },
   {
      "name": "Campoli Appennino",
      "countryCode": "IT",
      "stateCode": "62"
   },
   {
      "name": "Canale Monterano",
      "countryCode": "IT",
      "stateCode": "62"
   },
   {
      "name": "Canepina",
      "countryCode": "IT",
      "stateCode": "62"
   },
   {
      "name": "Canino",
      "countryCode": "IT",
      "stateCode": "62"
   },
   {
      "name": "Cantalice",
      "countryCode": "IT",
      "stateCode": "62"
   },
   {
      "name": "Cantalupo in Sabina",
      "countryCode": "IT",
      "stateCode": "62"
   },
   {
      "name": "Canterano",
      "countryCode": "IT",
      "stateCode": "62"
   },
   {
      "name": "Capena",
      "countryCode": "IT",
      "stateCode": "62"
   },
   {
      "name": "Capodimonte",
      "countryCode": "IT",
      "stateCode": "62"
   },
   {
      "name": "Capranica",
      "countryCode": "IT",
      "stateCode": "62"
   },
   {
      "name": "Capranica Prenestina",
      "countryCode": "IT",
      "stateCode": "62"
   },
   {
      "name": "Caprarola",
      "countryCode": "IT",
      "stateCode": "62"
   },
   {
      "name": "Carbognano",
      "countryCode": "IT",
      "stateCode": "62"
   },
   {
      "name": "Carchitti",
      "countryCode": "IT",
      "stateCode": "62"
   },
   {
      "name": "Carpineto Romano",
      "countryCode": "IT",
      "stateCode": "62"
   },
   {
      "name": "Carrara-Pontenuovo",
      "countryCode": "IT",
      "stateCode": "62"
   },
   {
      "name": "Cartiera-Stazione",
      "countryCode": "IT",
      "stateCode": "62"
   },
   {
      "name": "Casal Palocco",
      "countryCode": "IT",
      "stateCode": "62"
   },
   {
      "name": "Casalattico",
      "countryCode": "IT",
      "stateCode": "62"
   },
   {
      "name": "Casalazzara",
      "countryCode": "IT",
      "stateCode": "62"
   },
   {
      "name": "Casali",
      "countryCode": "IT",
      "stateCode": "62"
   },
   {
      "name": "Casalvieri",
      "countryCode": "IT",
      "stateCode": "62"
   },
   {
      "name": "Casape",
      "countryCode": "IT",
      "stateCode": "62"
   },
   {
      "name": "Casaprota",
      "countryCode": "IT",
      "stateCode": "62"
   },
   {
      "name": "Case Campoli-Panetta",
      "countryCode": "IT",
      "stateCode": "62"
   },
   {
      "name": "Casperia",
      "countryCode": "IT",
      "stateCode": "62"
   },
   {
      "name": "Cassino",
      "countryCode": "IT",
      "stateCode": "62"
   },
   {
      "name": "Castel Chiodato",
      "countryCode": "IT",
      "stateCode": "62"
   },
   {
      "name": "Castel Fusano",
      "countryCode": "IT",
      "stateCode": "62"
   },
   {
      "name": "Castel Gandolfo",
      "countryCode": "IT",
      "stateCode": "62"
   },
   {
      "name": "Castel Madama",
      "countryCode": "IT",
      "stateCode": "62"
   },
   {
      "name": "Castel San Pietro Romano",
      "countryCode": "IT",
      "stateCode": "62"
   },
   {
      "name": "Castel Sant'Angelo",
      "countryCode": "IT",
      "stateCode": "62"
   },
   {
      "name": "Castel Sant'Elia",
      "countryCode": "IT",
      "stateCode": "62"
   },
   {
      "name": "Castel di Tora",
      "countryCode": "IT",
      "stateCode": "62"
   },
   {
      "name": "Castelforte",
      "countryCode": "IT",
      "stateCode": "62"
   },
   {
      "name": "Castelliri",
      "countryCode": "IT",
      "stateCode": "62"
   },
   {
      "name": "Castelmassimo",
      "countryCode": "IT",
      "stateCode": "62"
   },
   {
      "name": "Castelnuovo Parano",
      "countryCode": "IT",
      "stateCode": "62"
   },
   {
      "name": "Castelnuovo di Farfa",
      "countryCode": "IT",
      "stateCode": "62"
   },
   {
      "name": "Castelnuovo di Porto",
      "countryCode": "IT",
      "stateCode": "62"
   },
   {
      "name": "Castiglione in Teverina",
      "countryCode": "IT",
      "stateCode": "62"
   },
   {
      "name": "Castro dei Volsci",
      "countryCode": "IT",
      "stateCode": "62"
   },
   {
      "name": "Castrocielo",
      "countryCode": "IT",
      "stateCode": "62"
   },
   {
      "name": "Cave",
      "countryCode": "IT",
      "stateCode": "62"
   },
   {
      "name": "Ceccano",
      "countryCode": "IT",
      "stateCode": "62"
   },
   {
      "name": "Cecchina",
      "countryCode": "IT",
      "stateCode": "62"
   },
   {
      "name": "Celleno",
      "countryCode": "IT",
      "stateCode": "62"
   },
   {
      "name": "Cellere",
      "countryCode": "IT",
      "stateCode": "62"
   },
   {
      "name": "Ceprano",
      "countryCode": "IT",
      "stateCode": "62"
   },
   {
      "name": "Cerquotti-Madonna del Piano",
      "countryCode": "IT",
      "stateCode": "62"
   },
   {
      "name": "Cerreto Laziale",
      "countryCode": "IT",
      "stateCode": "62"
   },
   {
      "name": "Cervara di Roma",
      "countryCode": "IT",
      "stateCode": "62"
   },
   {
      "name": "Cervaro",
      "countryCode": "IT",
      "stateCode": "62"
   },
   {
      "name": "Cerveteri",
      "countryCode": "IT",
      "stateCode": "62"
   },
   {
      "name": "Cesano",
      "countryCode": "IT",
      "stateCode": "62"
   },
   {
      "name": "Ciampino",
      "countryCode": "IT",
      "stateCode": "62"
   },
   {
      "name": "Ciciliano",
      "countryCode": "IT",
      "stateCode": "62"
   },
   {
      "name": "Cineto Romano",
      "countryCode": "IT",
      "stateCode": "62"
   },
   {
      "name": "Cisterna di Latina",
      "countryCode": "IT",
      "stateCode": "62"
   },
   {
      "name": "Cittaducale",
      "countryCode": "IT",
      "stateCode": "62"
   },
   {
      "name": "Cittareale",
      "countryCode": "IT",
      "stateCode": "62"
   },
   {
      "name": "Città metropolitana di Roma Capitale",
      "countryCode": "IT",
      "stateCode": "62"
   },
   {
      "name": "Civita Castellana",
      "countryCode": "IT",
      "stateCode": "62"
   },
   {
      "name": "Civitavecchia",
      "countryCode": "IT",
      "stateCode": "62"
   },
   {
      "name": "Civitella San Paolo",
      "countryCode": "IT",
      "stateCode": "62"
   },
   {
      "name": "Civitella d'Agliano",
      "countryCode": "IT",
      "stateCode": "62"
   },
   {
      "name": "Coldragone",
      "countryCode": "IT",
      "stateCode": "62"
   },
   {
      "name": "Collalto Sabino",
      "countryCode": "IT",
      "stateCode": "62"
   },
   {
      "name": "Colle Campano-Scrima",
      "countryCode": "IT",
      "stateCode": "62"
   },
   {
      "name": "Colle Mainello",
      "countryCode": "IT",
      "stateCode": "62"
   },
   {
      "name": "Colle San Magno",
      "countryCode": "IT",
      "stateCode": "62"
   },
   {
      "name": "Colle Spina",
      "countryCode": "IT",
      "stateCode": "62"
   },
   {
      "name": "Colle Verde",
      "countryCode": "IT",
      "stateCode": "62"
   },
   {
      "name": "Colle del Pino",
      "countryCode": "IT",
      "stateCode": "62"
   },
   {
      "name": "Colle di Fuori",
      "countryCode": "IT",
      "stateCode": "62"
   },
   {
      "name": "Colle di Tora",
      "countryCode": "IT",
      "stateCode": "62"
   },
   {
      "name": "Colleferro",
      "countryCode": "IT",
      "stateCode": "62"
   },
   {
      "name": "Collefontana-Fontana Liri Inferiore",
      "countryCode": "IT",
      "stateCode": "62"
   },
   {
      "name": "Collegiove",
      "countryCode": "IT",
      "stateCode": "62"
   },
   {
      "name": "Collepardo",
      "countryCode": "IT",
      "stateCode": "62"
   },
   {
      "name": "Collevecchio",
      "countryCode": "IT",
      "stateCode": "62"
   },
   {
      "name": "Colleverde II",
      "countryCode": "IT",
      "stateCode": "62"
   },
   {
      "name": "Colli di Enea",
      "countryCode": "IT",
      "stateCode": "62"
   },
   {
      "name": "Colli sul Velino",
      "countryCode": "IT",
      "stateCode": "62"
   },
   {
      "name": "Colonna",
      "countryCode": "IT",
      "stateCode": "62"
   },
   {
      "name": "Colubro",
      "countryCode": "IT",
      "stateCode": "62"
   },
   {
      "name": "Concerviano",
      "countryCode": "IT",
      "stateCode": "62"
   },
   {
      "name": "Configni",
      "countryCode": "IT",
      "stateCode": "62"
   },
   {
      "name": "Contigliano",
      "countryCode": "IT",
      "stateCode": "62"
   },
   {
      "name": "Corchiano",
      "countryCode": "IT",
      "stateCode": "62"
   },
   {
      "name": "Corcolle",
      "countryCode": "IT",
      "stateCode": "62"
   },
   {
      "name": "Coreno Ausonio",
      "countryCode": "IT",
      "stateCode": "62"
   },
   {
      "name": "Cori",
      "countryCode": "IT",
      "stateCode": "62"
   },
   {
      "name": "Corvaro",
      "countryCode": "IT",
      "stateCode": "62"
   },
   {
      "name": "Costaroni",
      "countryCode": "IT",
      "stateCode": "62"
   },
   {
      "name": "Cottanello",
      "countryCode": "IT",
      "stateCode": "62"
   },
   {
      "name": "Cretone",
      "countryCode": "IT",
      "stateCode": "62"
   },
   {
      "name": "Esperia",
      "countryCode": "IT",
      "stateCode": "62"
   },
   {
      "name": "Fabrica di Roma",
      "countryCode": "IT",
      "stateCode": "62"
   },
   {
      "name": "Faleria",
      "countryCode": "IT",
      "stateCode": "62"
   },
   {
      "name": "Falvaterra",
      "countryCode": "IT",
      "stateCode": "62"
   },
   {
      "name": "Fara in Sabina",
      "countryCode": "IT",
      "stateCode": "62"
   },
   {
      "name": "Farnese",
      "countryCode": "IT",
      "stateCode": "62"
   },
   {
      "name": "Ferentino",
      "countryCode": "IT",
      "stateCode": "62"
   },
   {
      "name": "Fiamignano",
      "countryCode": "IT",
      "stateCode": "62"
   },
   {
      "name": "Fiano Romano",
      "countryCode": "IT",
      "stateCode": "62"
   },
   {
      "name": "Filacciano",
      "countryCode": "IT",
      "stateCode": "62"
   },
   {
      "name": "Filettino",
      "countryCode": "IT",
      "stateCode": "62"
   },
   {
      "name": "Fiuggi",
      "countryCode": "IT",
      "stateCode": "62"
   },
   {
      "name": "Fiumicino-Isola Sacra",
      "countryCode": "IT",
      "stateCode": "62"
   },
   {
      "name": "Focene",
      "countryCode": "IT",
      "stateCode": "62"
   },
   {
      "name": "Fondi",
      "countryCode": "IT",
      "stateCode": "62"
   },
   {
      "name": "Fontechiari",
      "countryCode": "IT",
      "stateCode": "62"
   },
   {
      "name": "Forano",
      "countryCode": "IT",
      "stateCode": "62"
   },
   {
      "name": "Formello",
      "countryCode": "IT",
      "stateCode": "62"
   },
   {
      "name": "Formia",
      "countryCode": "IT",
      "stateCode": "62"
   },
   {
      "name": "Fossignano",
      "countryCode": "IT",
      "stateCode": "62"
   },
   {
      "name": "Frascati",
      "countryCode": "IT",
      "stateCode": "62"
   },
   {
      "name": "Frasso Sabino",
      "countryCode": "IT",
      "stateCode": "62"
   },
   {
      "name": "Fregene",
      "countryCode": "IT",
      "stateCode": "62"
   },
   {
      "name": "Frosinone",
      "countryCode": "IT",
      "stateCode": "62"
   },
   {
      "name": "Fumone",
      "countryCode": "IT",
      "stateCode": "62"
   },
   {
      "name": "Gaeta",
      "countryCode": "IT",
      "stateCode": "62"
   },
   {
      "name": "Gallese",
      "countryCode": "IT",
      "stateCode": "62"
   },
   {
      "name": "Gallicano nel Lazio",
      "countryCode": "IT",
      "stateCode": "62"
   },
   {
      "name": "Gallinaro",
      "countryCode": "IT",
      "stateCode": "62"
   },
   {
      "name": "Gavignano",
      "countryCode": "IT",
      "stateCode": "62"
   },
   {
      "name": "Genazzano",
      "countryCode": "IT",
      "stateCode": "62"
   },
   {
      "name": "Genio Civile",
      "countryCode": "IT",
      "stateCode": "62"
   },
   {
      "name": "Genzano di Roma",
      "countryCode": "IT",
      "stateCode": "62"
   },
   {
      "name": "Gerano",
      "countryCode": "IT",
      "stateCode": "62"
   },
   {
      "name": "Girardi-Bellavista-Terrazze",
      "countryCode": "IT",
      "stateCode": "62"
   },
   {
      "name": "Giulianello",
      "countryCode": "IT",
      "stateCode": "62"
   },
   {
      "name": "Giuliano di Roma",
      "countryCode": "IT",
      "stateCode": "62"
   },
   {
      "name": "Gorga",
      "countryCode": "IT",
      "stateCode": "62"
   },
   {
      "name": "Gradoli",
      "countryCode": "IT",
      "stateCode": "62"
   },
   {
      "name": "Graffignano",
      "countryCode": "IT",
      "stateCode": "62"
   },
   {
      "name": "Grottaferrata",
      "countryCode": "IT",
      "stateCode": "62"
   },
   {
      "name": "Grotte Santo Stefano",
      "countryCode": "IT",
      "stateCode": "62"
   },
   {
      "name": "Grotte di Castro",
      "countryCode": "IT",
      "stateCode": "62"
   },
   {
      "name": "Grunuovo-Campomaggiore San Luca",
      "countryCode": "IT",
      "stateCode": "62"
   },
   {
      "name": "Guarcino",
      "countryCode": "IT",
      "stateCode": "62"
   },
   {
      "name": "Guidonia",
      "countryCode": "IT",
      "stateCode": "62"
   },
   {
      "name": "Guidonia Montecelio",
      "countryCode": "IT",
      "stateCode": "62"
   },
   {
      "name": "Ischia di Castro",
      "countryCode": "IT",
      "stateCode": "62"
   },
   {
      "name": "Isola del Liri",
      "countryCode": "IT",
      "stateCode": "62"
   },
   {
      "name": "Itri",
      "countryCode": "IT",
      "stateCode": "62"
   },
   {
      "name": "Jenne",
      "countryCode": "IT",
      "stateCode": "62"
   },
   {
      "name": "La Botte",
      "countryCode": "IT",
      "stateCode": "62"
   },
   {
      "name": "La Forma",
      "countryCode": "IT",
      "stateCode": "62"
   },
   {
      "name": "La Massimina-Casal Lumbroso",
      "countryCode": "IT",
      "stateCode": "62"
   },
   {
      "name": "Labico",
      "countryCode": "IT",
      "stateCode": "62"
   },
   {
      "name": "Labro",
      "countryCode": "IT",
      "stateCode": "62"
   },
   {
      "name": "Ladispoli",
      "countryCode": "IT",
      "stateCode": "62"
   },
   {
      "name": "Laghetto",
      "countryCode": "IT",
      "stateCode": "62"
   },
   {
      "name": "Lanuvio",
      "countryCode": "IT",
      "stateCode": "62"
   },
   {
      "name": "Lariano",
      "countryCode": "IT",
      "stateCode": "62"
   },
   {
      "name": "Latera",
      "countryCode": "IT",
      "stateCode": "62"
   },
   {
      "name": "Latina",
      "countryCode": "IT",
      "stateCode": "62"
   },
   {
      "name": "Latina Scalo",
      "countryCode": "IT",
      "stateCode": "62"
   },
   {
      "name": "Lavinio",
      "countryCode": "IT",
      "stateCode": "62"
   },
   {
      "name": "Le Forna",
      "countryCode": "IT",
      "stateCode": "62"
   },
   {
      "name": "Le Rughe",
      "countryCode": "IT",
      "stateCode": "62"
   },
   {
      "name": "Lenola",
      "countryCode": "IT",
      "stateCode": "62"
   },
   {
      "name": "Leonessa",
      "countryCode": "IT",
      "stateCode": "62"
   },
   {
      "name": "Licenza",
      "countryCode": "IT",
      "stateCode": "62"
   },
   {
      "name": "Lido dei Pini",
      "countryCode": "IT",
      "stateCode": "62"
   },
   {
      "name": "Lido di Ostia",
      "countryCode": "IT",
      "stateCode": "62"
   },
   {
      "name": "Limiti di Greccio",
      "countryCode": "IT",
      "stateCode": "62"
   },
   {
      "name": "Longone Sabino",
      "countryCode": "IT",
      "stateCode": "62"
   },
   {
      "name": "Lubriano",
      "countryCode": "IT",
      "stateCode": "62"
   },
   {
      "name": "Maccarese",
      "countryCode": "IT",
      "stateCode": "62"
   },
   {
      "name": "Macere",
      "countryCode": "IT",
      "stateCode": "62"
   },
   {
      "name": "Maenza",
      "countryCode": "IT",
      "stateCode": "62"
   },
   {
      "name": "Magliano Romano",
      "countryCode": "IT",
      "stateCode": "62"
   },
   {
      "name": "Magliano Sabina",
      "countryCode": "IT",
      "stateCode": "62"
   },
   {
      "name": "Mandela",
      "countryCode": "IT",
      "stateCode": "62"
   },
   {
      "name": "Mantiglia di Ardea",
      "countryCode": "IT",
      "stateCode": "62"
   },
   {
      "name": "Manziana",
      "countryCode": "IT",
      "stateCode": "62"
   },
   {
      "name": "Marano Equo",
      "countryCode": "IT",
      "stateCode": "62"
   },
   {
      "name": "Maranola-Trivio",
      "countryCode": "IT",
      "stateCode": "62"
   },
   {
      "name": "Marcellina",
      "countryCode": "IT",
      "stateCode": "62"
   },
   {
      "name": "Marcetelli",
      "countryCode": "IT",
      "stateCode": "62"
   },
   {
      "name": "Marco Simone",
      "countryCode": "IT",
      "stateCode": "62"
   },
   {
      "name": "Marina San Nicola",
      "countryCode": "IT",
      "stateCode": "62"
   },
   {
      "name": "Marina di Ardea-Tor San Lorenzo",
      "countryCode": "IT",
      "stateCode": "62"
   },
   {
      "name": "Marina di Cerveteri",
      "countryCode": "IT",
      "stateCode": "62"
   },
   {
      "name": "Marino",
      "countryCode": "IT",
      "stateCode": "62"
   },
   {
      "name": "Marta",
      "countryCode": "IT",
      "stateCode": "62"
   },
   {
      "name": "Mazzano Romano",
      "countryCode": "IT",
      "stateCode": "62"
   },
   {
      "name": "Mentana",
      "countryCode": "IT",
      "stateCode": "62"
   },
   {
      "name": "Micigliano",
      "countryCode": "IT",
      "stateCode": "62"
   },
   {
      "name": "Minturno",
      "countryCode": "IT",
      "stateCode": "62"
   },
   {
      "name": "Molella",
      "countryCode": "IT",
      "stateCode": "62"
   },
   {
      "name": "Mompeo",
      "countryCode": "IT",
      "stateCode": "62"
   },
   {
      "name": "Montalto di Castro",
      "countryCode": "IT",
      "stateCode": "62"
   },
   {
      "name": "Montasola",
      "countryCode": "IT",
      "stateCode": "62"
   },
   {
      "name": "Monte Caminetto",
      "countryCode": "IT",
      "stateCode": "62"
   },
   {
      "name": "Monte Migliore La Selvotta",
      "countryCode": "IT",
      "stateCode": "62"
   },
   {
      "name": "Monte Porzio Catone",
      "countryCode": "IT",
      "stateCode": "62"
   },
   {
      "name": "Monte Romano",
      "countryCode": "IT",
      "stateCode": "62"
   },
   {
      "name": "Monte San Biagio",
      "countryCode": "IT",
      "stateCode": "62"
   },
   {
      "name": "Monte San Giovanni Campano",
      "countryCode": "IT",
      "stateCode": "62"
   },
   {
      "name": "Monte San Giovanni in Sabina",
      "countryCode": "IT",
      "stateCode": "62"
   },
   {
      "name": "Monte San Marino",
      "countryCode": "IT",
      "stateCode": "62"
   },
   {
      "name": "Montebuono",
      "countryCode": "IT",
      "stateCode": "62"
   },
   {
      "name": "Montecelio",
      "countryCode": "IT",
      "stateCode": "62"
   },
   {
      "name": "Montecompatri",
      "countryCode": "IT",
      "stateCode": "62"
   },
   {
      "name": "Montefiascone",
      "countryCode": "IT",
      "stateCode": "62"
   },
   {
      "name": "Monteflavio",
      "countryCode": "IT",
      "stateCode": "62"
   },
   {
      "name": "Montelanico",
      "countryCode": "IT",
      "stateCode": "62"
   },
   {
      "name": "Montelarco",
      "countryCode": "IT",
      "stateCode": "62"
   },
   {
      "name": "Monteleone Sabino",
      "countryCode": "IT",
      "stateCode": "62"
   },
   {
      "name": "Montelibretti",
      "countryCode": "IT",
      "stateCode": "62"
   },
   {
      "name": "Montenero Sabino",
      "countryCode": "IT",
      "stateCode": "62"
   },
   {
      "name": "Monterosi",
      "countryCode": "IT",
      "stateCode": "62"
   },
   {
      "name": "Monterotondo",
      "countryCode": "IT",
      "stateCode": "62"
   },
   {
      "name": "Montopoli in Sabina",
      "countryCode": "IT",
      "stateCode": "62"
   },
   {
      "name": "Montorio Romano",
      "countryCode": "IT",
      "stateCode": "62"
   },
   {
      "name": "Moricone",
      "countryCode": "IT",
      "stateCode": "62"
   },
   {
      "name": "Morlupo",
      "countryCode": "IT",
      "stateCode": "62"
   },
   {
      "name": "Morolo",
      "countryCode": "IT",
      "stateCode": "62"
   },
   {
      "name": "Morro Reatino",
      "countryCode": "IT",
      "stateCode": "62"
   },
   {
      "name": "Nazzano",
      "countryCode": "IT",
      "stateCode": "62"
   },
   {
      "name": "Nemi",
      "countryCode": "IT",
      "stateCode": "62"
   },
   {
      "name": "Nepi",
      "countryCode": "IT",
      "stateCode": "62"
   },
   {
      "name": "Nerola",
      "countryCode": "IT",
      "stateCode": "62"
   },
   {
      "name": "Nespolo",
      "countryCode": "IT",
      "stateCode": "62"
   },
   {
      "name": "Nettuno",
      "countryCode": "IT",
      "stateCode": "62"
   },
   {
      "name": "Norma",
      "countryCode": "IT",
      "stateCode": "62"
   },
   {
      "name": "Olevano Romano",
      "countryCode": "IT",
      "stateCode": "62"
   },
   {
      "name": "Onano",
      "countryCode": "IT",
      "stateCode": "62"
   },
   {
      "name": "Oriolo Romano",
      "countryCode": "IT",
      "stateCode": "62"
   },
   {
      "name": "Orte",
      "countryCode": "IT",
      "stateCode": "62"
   },
   {
      "name": "Orte Scalo",
      "countryCode": "IT",
      "stateCode": "62"
   },
   {
      "name": "Orvinio",
      "countryCode": "IT",
      "stateCode": "62"
   },
   {
      "name": "Osteria Nuova",
      "countryCode": "IT",
      "stateCode": "62"
   },
   {
      "name": "Paganico Sabino",
      "countryCode": "IT",
      "stateCode": "62"
   },
   {
      "name": "Palestrina",
      "countryCode": "IT",
      "stateCode": "62"
   },
   {
      "name": "Paliano",
      "countryCode": "IT",
      "stateCode": "62"
   },
   {
      "name": "Palombara Sabina",
      "countryCode": "IT",
      "stateCode": "62"
   },
   {
      "name": "Parco Leonardo",
      "countryCode": "IT",
      "stateCode": "62"
   },
   {
      "name": "Passoscuro",
      "countryCode": "IT",
      "stateCode": "62"
   },
   {
      "name": "Pastena",
      "countryCode": "IT",
      "stateCode": "62"
   },
   {
      "name": "Patrica",
      "countryCode": "IT",
      "stateCode": "62"
   },
   {
      "name": "Pavona",
      "countryCode": "IT",
      "stateCode": "62"
   },
   {
      "name": "Penitro",
      "countryCode": "IT",
      "stateCode": "62"
   },
   {
      "name": "Percile",
      "countryCode": "IT",
      "stateCode": "62"
   },
   {
      "name": "Pescia Romana",
      "countryCode": "IT",
      "stateCode": "62"
   },
   {
      "name": "Pescorocchiano",
      "countryCode": "IT",
      "stateCode": "62"
   },
   {
      "name": "Pescosolido",
      "countryCode": "IT",
      "stateCode": "62"
   },
   {
      "name": "Petrella Salto",
      "countryCode": "IT",
      "stateCode": "62"
   },
   {
      "name": "Piansano",
      "countryCode": "IT",
      "stateCode": "62"
   },
   {
      "name": "Picinisco",
      "countryCode": "IT",
      "stateCode": "62"
   },
   {
      "name": "Pico",
      "countryCode": "IT",
      "stateCode": "62"
   },
   {
      "name": "Piedimonte San Germano",
      "countryCode": "IT",
      "stateCode": "62"
   },
   {
      "name": "Piedimonte San Germano Alta",
      "countryCode": "IT",
      "stateCode": "62"
   },
   {
      "name": "Piglio",
      "countryCode": "IT",
      "stateCode": "62"
   },
   {
      "name": "Pignataro Interamna",
      "countryCode": "IT",
      "stateCode": "62"
   },
   {
      "name": "Pisoniano",
      "countryCode": "IT",
      "stateCode": "62"
   },
   {
      "name": "Pofi",
      "countryCode": "IT",
      "stateCode": "62"
   },
   {
      "name": "Poggio Bustone",
      "countryCode": "IT",
      "stateCode": "62"
   },
   {
      "name": "Poggio Catino",
      "countryCode": "IT",
      "stateCode": "62"
   },
   {
      "name": "Poggio Ellera",
      "countryCode": "IT",
      "stateCode": "62"
   },
   {
      "name": "Poggio Mirteto",
      "countryCode": "IT",
      "stateCode": "62"
   },
   {
      "name": "Poggio Moiano",
      "countryCode": "IT",
      "stateCode": "62"
   },
   {
      "name": "Poggio Nativo",
      "countryCode": "IT",
      "stateCode": "62"
   },
   {
      "name": "Poggio San Lorenzo",
      "countryCode": "IT",
      "stateCode": "62"
   },
   {
      "name": "Poli",
      "countryCode": "IT",
      "stateCode": "62"
   },
   {
      "name": "Pomezia",
      "countryCode": "IT",
      "stateCode": "62"
   },
   {
      "name": "Ponte Galeria-La Pisana",
      "countryCode": "IT",
      "stateCode": "62"
   },
   {
      "name": "Pontecorvo",
      "countryCode": "IT",
      "stateCode": "62"
   },
   {
      "name": "Pontinia",
      "countryCode": "IT",
      "stateCode": "62"
   },
   {
      "name": "Ponton dell'Elce",
      "countryCode": "IT",
      "stateCode": "62"
   },
   {
      "name": "Ponza",
      "countryCode": "IT",
      "stateCode": "62"
   },
   {
      "name": "Ponzano Romano",
      "countryCode": "IT",
      "stateCode": "62"
   },
   {
      "name": "Posta",
      "countryCode": "IT",
      "stateCode": "62"
   },
   {
      "name": "Posta Fibreno",
      "countryCode": "IT",
      "stateCode": "62"
   },
   {
      "name": "Pozzaglia Sabino",
      "countryCode": "IT",
      "stateCode": "62"
   },
   {
      "name": "Prato di Coppola",
      "countryCode": "IT",
      "stateCode": "62"
   },
   {
      "name": "Priverno",
      "countryCode": "IT",
      "stateCode": "62"
   },
   {
      "name": "Proceno",
      "countryCode": "IT",
      "stateCode": "62"
   },
   {
      "name": "Prossedi",
      "countryCode": "IT",
      "stateCode": "62"
   },
   {
      "name": "Provincia di Frosinone",
      "countryCode": "IT",
      "stateCode": "62"
   },
   {
      "name": "Provincia di Latina",
      "countryCode": "IT",
      "stateCode": "62"
   },
   {
      "name": "Provincia di Rieti",
      "countryCode": "IT",
      "stateCode": "62"
   },
   {
      "name": "Provincia di Viterbo",
      "countryCode": "IT",
      "stateCode": "62"
   },
   {
      "name": "Regolelli",
      "countryCode": "IT",
      "stateCode": "62"
   },
   {
      "name": "Riano",
      "countryCode": "IT",
      "stateCode": "62"
   },
   {
      "name": "Rieti",
      "countryCode": "IT",
      "stateCode": "62"
   },
   {
      "name": "Rignano Flaminio",
      "countryCode": "IT",
      "stateCode": "62"
   },
   {
      "name": "Riofreddo",
      "countryCode": "IT",
      "stateCode": "62"
   },
   {
      "name": "Ripi",
      "countryCode": "IT",
      "stateCode": "62"
   },
   {
      "name": "Rivodutri",
      "countryCode": "IT",
      "stateCode": "62"
   },
   {
      "name": "Rocca Canterano",
      "countryCode": "IT",
      "stateCode": "62"
   },
   {
      "name": "Rocca Massima",
      "countryCode": "IT",
      "stateCode": "62"
   },
   {
      "name": "Rocca Priora",
      "countryCode": "IT",
      "stateCode": "62"
   },
   {
      "name": "Rocca Santo Stefano",
      "countryCode": "IT",
      "stateCode": "62"
   },
   {
      "name": "Rocca Sinibalda",
      "countryCode": "IT",
      "stateCode": "62"
   },
   {
      "name": "Rocca d'Arce",
      "countryCode": "IT",
      "stateCode": "62"
   },
   {
      "name": "Rocca di Cave",
      "countryCode": "IT",
      "stateCode": "62"
   },
   {
      "name": "Rocca di Papa",
      "countryCode": "IT",
      "stateCode": "62"
   },
   {
      "name": "Roccagiovine",
      "countryCode": "IT",
      "stateCode": "62"
   },
   {
      "name": "Roccagorga",
      "countryCode": "IT",
      "stateCode": "62"
   },
   {
      "name": "Roccantica",
      "countryCode": "IT",
      "stateCode": "62"
   },
   {
      "name": "Roccasecca",
      "countryCode": "IT",
      "stateCode": "62"
   },
   {
      "name": "Roccasecca Stazione",
      "countryCode": "IT",
      "stateCode": "62"
   },
   {
      "name": "Roccasecca dei Volsci",
      "countryCode": "IT",
      "stateCode": "62"
   },
   {
      "name": "Roiate",
      "countryCode": "IT",
      "stateCode": "62"
   },
   {
      "name": "Rome",
      "countryCode": "IT",
      "stateCode": "62"
   },
   {
      "name": "Ronciglione",
      "countryCode": "IT",
      "stateCode": "62"
   },
   {
      "name": "Roviano",
      "countryCode": "IT",
      "stateCode": "62"
   },
   {
      "name": "Sabaudia",
      "countryCode": "IT",
      "stateCode": "62"
   },
   {
      "name": "Sacrofano",
      "countryCode": "IT",
      "stateCode": "62"
   },
   {
      "name": "Salisano",
      "countryCode": "IT",
      "stateCode": "62"
   },
   {
      "name": "Sambuci",
      "countryCode": "IT",
      "stateCode": "62"
   },
   {
      "name": "San Bartolomeo",
      "countryCode": "IT",
      "stateCode": "62"
   },
   {
      "name": "San Biagio Saracinisco",
      "countryCode": "IT",
      "stateCode": "62"
   },
   {
      "name": "San Cesareo",
      "countryCode": "IT",
      "stateCode": "62"
   },
   {
      "name": "San Donato Val di Comino",
      "countryCode": "IT",
      "stateCode": "62"
   },
   {
      "name": "San Felice Circeo",
      "countryCode": "IT",
      "stateCode": "62"
   },
   {
      "name": "San Giorgio a Liri",
      "countryCode": "IT",
      "stateCode": "62"
   },
   {
      "name": "San Giovanni Incarico",
      "countryCode": "IT",
      "stateCode": "62"
   },
   {
      "name": "San Giovanni-Patoni",
      "countryCode": "IT",
      "stateCode": "62"
   },
   {
      "name": "San Giuseppe le Prata-Cotropagno",
      "countryCode": "IT",
      "stateCode": "62"
   },
   {
      "name": "San Gregorio da Sassola",
      "countryCode": "IT",
      "stateCode": "62"
   },
   {
      "name": "San Lorenzo Nuovo",
      "countryCode": "IT",
      "stateCode": "62"
   },
   {
      "name": "San Martino al Cimino",
      "countryCode": "IT",
      "stateCode": "62"
   },
   {
      "name": "San Polo dei Cavalieri",
      "countryCode": "IT",
      "stateCode": "62"
   },
   {
      "name": "San Vito Romano",
      "countryCode": "IT",
      "stateCode": "62"
   },
   {
      "name": "San Vittore del Lazio",
      "countryCode": "IT",
      "stateCode": "62"
   },
   {
      "name": "Sant'Ambrogio sul Garigliano",
      "countryCode": "IT",
      "stateCode": "62"
   },
   {
      "name": "Sant'Andrea del Garigliano",
      "countryCode": "IT",
      "stateCode": "62"
   },
   {
      "name": "Sant'Angelo Romano",
      "countryCode": "IT",
      "stateCode": "62"
   },
   {
      "name": "Sant'Angelo in Villa-Giglio",
      "countryCode": "IT",
      "stateCode": "62"
   },
   {
      "name": "Sant'Apollinare",
      "countryCode": "IT",
      "stateCode": "62"
   },
   {
      "name": "Sant'Elia Fiumerapido",
      "countryCode": "IT",
      "stateCode": "62"
   },
   {
      "name": "Sant'Oreste",
      "countryCode": "IT",
      "stateCode": "62"
   },
   {
      "name": "Santa Lucia",
      "countryCode": "IT",
      "stateCode": "62"
   },
   {
      "name": "Santa Marinella",
      "countryCode": "IT",
      "stateCode": "62"
   },
   {
      "name": "Santa Rufina",
      "countryCode": "IT",
      "stateCode": "62"
   },
   {
      "name": "Santi Cosma e Damiano",
      "countryCode": "IT",
      "stateCode": "62"
   },
   {
      "name": "Santopadre",
      "countryCode": "IT",
      "stateCode": "62"
   },
   {
      "name": "Saracinesco",
      "countryCode": "IT",
      "stateCode": "62"
   },
   {
      "name": "Sassacci",
      "countryCode": "IT",
      "stateCode": "62"
   },
   {
      "name": "Scandriglia",
      "countryCode": "IT",
      "stateCode": "62"
   },
   {
      "name": "Segni",
      "countryCode": "IT",
      "stateCode": "62"
   },
   {
      "name": "Selcetta",
      "countryCode": "IT",
      "stateCode": "62"
   },
   {
      "name": "Selci",
      "countryCode": "IT",
      "stateCode": "62"
   },
   {
      "name": "Sermoneta",
      "countryCode": "IT",
      "stateCode": "62"
   },
   {
      "name": "Serrone",
      "countryCode": "IT",
      "stateCode": "62"
   },
   {
      "name": "Settefrati",
      "countryCode": "IT",
      "stateCode": "62"
   },
   {
      "name": "Setteville",
      "countryCode": "IT",
      "stateCode": "62"
   },
   {
      "name": "Sezze",
      "countryCode": "IT",
      "stateCode": "62"
   },
   {
      "name": "Sezze Scalo",
      "countryCode": "IT",
      "stateCode": "62"
   },
   {
      "name": "Sgurgola",
      "countryCode": "IT",
      "stateCode": "62"
   },
   {
      "name": "Sonnino",
      "countryCode": "IT",
      "stateCode": "62"
   },
   {
      "name": "Sora",
      "countryCode": "IT",
      "stateCode": "62"
   },
   {
      "name": "Soriano nel Cimino",
      "countryCode": "IT",
      "stateCode": "62"
   },
   {
      "name": "Sperlonga",
      "countryCode": "IT",
      "stateCode": "62"
   },
   {
      "name": "Spigno Saturnia Inferiore",
      "countryCode": "IT",
      "stateCode": "62"
   },
   {
      "name": "Spigno Saturnia Superiore",
      "countryCode": "IT",
      "stateCode": "62"
   },
   {
      "name": "Stimigliano",
      "countryCode": "IT",
      "stateCode": "62"
   },
   {
      "name": "Strangolagalli",
      "countryCode": "IT",
      "stateCode": "62"
   },
   {
      "name": "Subiaco",
      "countryCode": "IT",
      "stateCode": "62"
   },
   {
      "name": "Supino",
      "countryCode": "IT",
      "stateCode": "62"
   },
   {
      "name": "Sutri",
      "countryCode": "IT",
      "stateCode": "62"
   },
   {
      "name": "Tarano",
      "countryCode": "IT",
      "stateCode": "62"
   },
   {
      "name": "Tarquinia",
      "countryCode": "IT",
      "stateCode": "62"
   },
   {
      "name": "Tecchiena",
      "countryCode": "IT",
      "stateCode": "62"
   },
   {
      "name": "Terelle",
      "countryCode": "IT",
      "stateCode": "62"
   },
   {
      "name": "Terracina",
      "countryCode": "IT",
      "stateCode": "62"
   },
   {
      "name": "Tessennano",
      "countryCode": "IT",
      "stateCode": "62"
   },
   {
      "name": "Tivoli",
      "countryCode": "IT",
      "stateCode": "62"
   },
   {
      "name": "Toffia",
      "countryCode": "IT",
      "stateCode": "62"
   },
   {
      "name": "Tolfa",
      "countryCode": "IT",
      "stateCode": "62"
   },
   {
      "name": "Tor Lupara",
      "countryCode": "IT",
      "stateCode": "62"
   },
   {
      "name": "Torre Caietani",
      "countryCode": "IT",
      "stateCode": "62"
   },
   {
      "name": "Torri in Sabina",
      "countryCode": "IT",
      "stateCode": "62"
   },
   {
      "name": "Torrice",
      "countryCode": "IT",
      "stateCode": "62"
   },
   {
      "name": "Torricella in Sabina",
      "countryCode": "IT",
      "stateCode": "62"
   },
   {
      "name": "Torrita Tiberina",
      "countryCode": "IT",
      "stateCode": "62"
   },
   {
      "name": "Torvaianica",
      "countryCode": "IT",
      "stateCode": "62"
   },
   {
      "name": "Torvaianica Alta",
      "countryCode": "IT",
      "stateCode": "62"
   },
   {
      "name": "Tragliatella Campitello",
      "countryCode": "IT",
      "stateCode": "62"
   },
   {
      "name": "Trevi nel Lazio",
      "countryCode": "IT",
      "stateCode": "62"
   },
   {
      "name": "Trevignano Romano",
      "countryCode": "IT",
      "stateCode": "62"
   },
   {
      "name": "Trivigliano",
      "countryCode": "IT",
      "stateCode": "62"
   },
   {
      "name": "Turania",
      "countryCode": "IT",
      "stateCode": "62"
   },
   {
      "name": "Tuscania",
      "countryCode": "IT",
      "stateCode": "62"
   },
   {
      "name": "Vacone",
      "countryCode": "IT",
      "stateCode": "62"
   },
   {
      "name": "Valcanneto",
      "countryCode": "IT",
      "stateCode": "62"
   },
   {
      "name": "Valentano",
      "countryCode": "IT",
      "stateCode": "62"
   },
   {
      "name": "Valle Martella",
      "countryCode": "IT",
      "stateCode": "62"
   },
   {
      "name": "Valle Santa",
      "countryCode": "IT",
      "stateCode": "62"
   },
   {
      "name": "Vallecorsa",
      "countryCode": "IT",
      "stateCode": "62"
   },
   {
      "name": "Vallemaio",
      "countryCode": "IT",
      "stateCode": "62"
   },
   {
      "name": "Vallepietra",
      "countryCode": "IT",
      "stateCode": "62"
   },
   {
      "name": "Vallerano",
      "countryCode": "IT",
      "stateCode": "62"
   },
   {
      "name": "Vallerotonda",
      "countryCode": "IT",
      "stateCode": "62"
   },
   {
      "name": "Vallinfreda",
      "countryCode": "IT",
      "stateCode": "62"
   },
   {
      "name": "Valmontone",
      "countryCode": "IT",
      "stateCode": "62"
   },
   {
      "name": "Varco Sabino",
      "countryCode": "IT",
      "stateCode": "62"
   },
   {
      "name": "Vasanello",
      "countryCode": "IT",
      "stateCode": "62"
   },
   {
      "name": "Vejano",
      "countryCode": "IT",
      "stateCode": "62"
   },
   {
      "name": "Velletri",
      "countryCode": "IT",
      "stateCode": "62"
   },
   {
      "name": "Ventotene",
      "countryCode": "IT",
      "stateCode": "62"
   },
   {
      "name": "Veroli",
      "countryCode": "IT",
      "stateCode": "62"
   },
   {
      "name": "Vetralla",
      "countryCode": "IT",
      "stateCode": "62"
   },
   {
      "name": "Vicalvi",
      "countryCode": "IT",
      "stateCode": "62"
   },
   {
      "name": "Vico nel Lazio",
      "countryCode": "IT",
      "stateCode": "62"
   },
   {
      "name": "Vicovaro",
      "countryCode": "IT",
      "stateCode": "62"
   },
   {
      "name": "Vignanello",
      "countryCode": "IT",
      "stateCode": "62"
   },
   {
      "name": "Villa Adriana",
      "countryCode": "IT",
      "stateCode": "62"
   },
   {
      "name": "Villa Latina",
      "countryCode": "IT",
      "stateCode": "62"
   },
   {
      "name": "Villa San Giovanni in Tuscia",
      "countryCode": "IT",
      "stateCode": "62"
   },
   {
      "name": "Villa Santa Lucia",
      "countryCode": "IT",
      "stateCode": "62"
   },
   {
      "name": "Villa Santo Stefano",
      "countryCode": "IT",
      "stateCode": "62"
   },
   {
      "name": "Villalba",
      "countryCode": "IT",
      "stateCode": "62"
   },
   {
      "name": "Villanova",
      "countryCode": "IT",
      "stateCode": "62"
   },
   {
      "name": "Viterbo",
      "countryCode": "IT",
      "stateCode": "62"
   },
   {
      "name": "Viticuso",
      "countryCode": "IT",
      "stateCode": "62"
   },
   {
      "name": "Vitinia",
      "countryCode": "IT",
      "stateCode": "62"
   },
   {
      "name": "Vitorchiano",
      "countryCode": "IT",
      "stateCode": "62"
   },
   {
      "name": "Vivaro Romano",
      "countryCode": "IT",
      "stateCode": "62"
   },
   {
      "name": "Zagarolo",
      "countryCode": "IT",
      "stateCode": "62"
   },
   {
      "name": "Zepponami",
      "countryCode": "IT",
      "stateCode": "62"
   }
]