[
   {
      "name": "Accumoli",
      "countryCode": "IT",
      "stateCode": "62",
      "latitude": "42.69476000",
      "longitude": "13.24761000"
   },
   {
      "name": "Acilia-Castel Fusano-Ostia Antica",
      "countryCode": "IT",
      "stateCode": "62",
      "latitude": "41.76337000",
      "longitude": "12.33078000"
   },
   {
      "name": "Acquafondata",
      "countryCode": "IT",
      "stateCode": "62",
      "latitude": "41.54282000",
      "longitude": "13.95281000"
   },
   {
      "name": "Acquapendente",
      "countryCode": "IT",
      "stateCode": "62",
      "latitude": "42.74259000",
      "longitude": "11.86827000"
   },
   {
      "name": "Acuto",
      "countryCode": "IT",
      "stateCode": "62",
      "latitude": "41.79107000",
      "longitude": "13.17446000"
   },
   {
      "name": "Affile",
      "countryCode": "IT",
      "stateCode": "62",
      "latitude": "41.88435000",
      "longitude": "13.09853000"
   },
   {
      "name": "Agosta",
      "countryCode": "IT",
      "stateCode": "62",
      "latitude": "41.98133000",
      "longitude": "13.03499000"
   },
   {
      "name": "Alatri",
      "countryCode": "IT",
      "stateCode": "62",
      "latitude": "41.73187000",
      "longitude": "13.34120000"
   },
   {
      "name": "Albano Laziale",
      "countryCode": "IT",
      "stateCode": "62",
      "latitude": "41.72748000",
      "longitude": "12.65900000"
   },
   {
      "name": "Albuccione",
      "countryCode": "IT",
      "stateCode": "62",
      "latitude": "41.95245000",
      "longitude": "12.69873000"
   },
   {
      "name": "Allumiere",
      "countryCode": "IT",
      "stateCode": "62",
      "latitude": "42.15751000",
      "longitude": "11.90361000"
   },
   {
      "name": "Alvito",
      "countryCode": "IT",
      "stateCode": "62",
      "latitude": "41.69002000",
      "longitude": "13.74795000"
   },
   {
      "name": "Amaseno",
      "countryCode": "IT",
      "stateCode": "62",
      "latitude": "41.46705000",
      "longitude": "13.33457000"
   },
   {
      "name": "Amatrice",
      "countryCode": "IT",
      "stateCode": "62",
      "latitude": "42.62664000",
      "longitude": "13.29509000"
   },
   {
      "name": "Anagni",
      "countryCode": "IT",
      "stateCode": "62",
      "latitude": "41.74350000",
      "longitude": "13.15542000"
   },
   {
      "name": "Anguillara Sabazia",
      "countryCode": "IT",
      "stateCode": "62",
      "latitude": "42.07920000",
      "longitude": "12.28368000"
   },
   {
      "name": "Anitrella-Chiaiamari",
      "countryCode": "IT",
      "stateCode": "62",
      "latitude": "41.63825000",
      "longitude": "13.54835000"
   },
   {
      "name": "Anticoli Corrado",
      "countryCode": "IT",
      "stateCode": "62",
      "latitude": "42.00801000",
      "longitude": "12.99049000"
   },
   {
      "name": "Antrodoco",
      "countryCode": "IT",
      "stateCode": "62",
      "latitude": "42.41498000",
      "longitude": "13.07673000"
   },
   {
      "name": "Anzio",
      "countryCode": "IT",
      "stateCode": "62",
      "latitude": "41.45263000",
      "longitude": "12.62157000"
   },
   {
      "name": "Aprilia",
      "countryCode": "IT",
      "stateCode": "62",
      "latitude": "41.59452000",
      "longitude": "12.65419000"
   },
   {
      "name": "Aquino",
      "countryCode": "IT",
      "stateCode": "62",
      "latitude": "41.49388000",
      "longitude": "13.70520000"
   },
   {
      "name": "Ara Nova",
      "countryCode": "IT",
      "stateCode": "62",
      "latitude": "41.93300000",
      "longitude": "12.23980000"
   },
   {
      "name": "Arce",
      "countryCode": "IT",
      "stateCode": "62",
      "latitude": "41.57787000",
      "longitude": "13.58571000"
   },
   {
      "name": "Arci-Empolitana",
      "countryCode": "IT",
      "stateCode": "62",
      "latitude": "41.94766000",
      "longitude": "12.82502000"
   },
   {
      "name": "Arcinazzo Romano",
      "countryCode": "IT",
      "stateCode": "62",
      "latitude": "41.87972000",
      "longitude": "13.11439000"
   },
   {
      "name": "Ardea",
      "countryCode": "IT",
      "stateCode": "62",
      "latitude": "41.60742000",
      "longitude": "12.54158000"
   },
   {
      "name": "Area Produttiva",
      "countryCode": "IT",
      "stateCode": "62",
      "latitude": "41.68211000",
      "longitude": "12.50697000"
   },
   {
      "name": "Ariccia",
      "countryCode": "IT",
      "stateCode": "62",
      "latitude": "41.72063000",
      "longitude": "12.67230000"
   },
   {
      "name": "Arlena di Castro",
      "countryCode": "IT",
      "stateCode": "62",
      "latitude": "42.46559000",
      "longitude": "11.82090000"
   },
   {
      "name": "Armetta",
      "countryCode": "IT",
      "stateCode": "62",
      "latitude": "41.81280000",
      "longitude": "12.68782000"
   },
   {
      "name": "Arnara",
      "countryCode": "IT",
      "stateCode": "62",
      "latitude": "41.58452000",
      "longitude": "13.38840000"
   },
   {
      "name": "Arpino",
      "countryCode": "IT",
      "stateCode": "62",
      "latitude": "41.64705000",
      "longitude": "13.61155000"
   },
   {
      "name": "Arsoli",
      "countryCode": "IT",
      "stateCode": "62",
      "latitude": "42.04158000",
      "longitude": "13.01606000"
   },
   {
      "name": "Artena",
      "countryCode": "IT",
      "stateCode": "62",
      "latitude": "41.74126000",
      "longitude": "12.90667000"
   },
   {
      "name": "Ascrea",
      "countryCode": "IT",
      "stateCode": "62",
      "latitude": "42.19763000",
      "longitude": "12.99457000"
   },
   {
      "name": "Atina",
      "countryCode": "IT",
      "stateCode": "62",
      "latitude": "41.62004000",
      "longitude": "13.79905000"
   },
   {
      "name": "Atina Inferiore",
      "countryCode": "IT",
      "stateCode": "62",
      "latitude": "41.62705000",
      "longitude": "13.79258000"
   },
   {
      "name": "Aurelia",
      "countryCode": "IT",
      "stateCode": "62",
      "latitude": "42.13910000",
      "longitude": "11.78713000"
   },
   {
      "name": "Ausonia",
      "countryCode": "IT",
      "stateCode": "62",
      "latitude": "41.35808000",
      "longitude": "13.74983000"
   },
   {
      "name": "Bagni di Tivoli",
      "countryCode": "IT",
      "stateCode": "62",
      "latitude": "41.95000000",
      "longitude": "12.71667000"
   },
   {
      "name": "Bagnoregio",
      "countryCode": "IT",
      "stateCode": "62",
      "latitude": "42.62845000",
      "longitude": "12.08969000"
   },
   {
      "name": "Barbarano Romano",
      "countryCode": "IT",
      "stateCode": "62",
      "latitude": "42.24908000",
      "longitude": "12.06774000"
   },
   {
      "name": "Bassano Romano",
      "countryCode": "IT",
      "stateCode": "62",
      "latitude": "42.22228000",
      "longitude": "12.18785000"
   },
   {
      "name": "Bassano in Teverina",
      "countryCode": "IT",
      "stateCode": "62",
      "latitude": "42.46444000",
      "longitude": "12.30752000"
   },
   {
      "name": "Bassiano",
      "countryCode": "IT",
      "stateCode": "62",
      "latitude": "41.55154000",
      "longitude": "13.02732000"
   },
   {
      "name": "Bella Farnia",
      "countryCode": "IT",
      "stateCode": "62",
      "latitude": "41.36780000",
      "longitude": "12.97602000"
   },
   {
      "name": "Bellegra",
      "countryCode": "IT",
      "stateCode": "62",
      "latitude": "41.88166000",
      "longitude": "13.02861000"
   },
   {
      "name": "Belmonte Castello",
      "countryCode": "IT",
      "stateCode": "62",
      "latitude": "41.57742000",
      "longitude": "13.81581000"
   },
   {
      "name": "Belmonte in Sabina",
      "countryCode": "IT",
      "stateCode": "62",
      "latitude": "42.31482000",
      "longitude": "12.89178000"
   },
   {
      "name": "Bivio San Polo",
      "countryCode": "IT",
      "stateCode": "62",
      "latitude": "41.97418000",
      "longitude": "12.82993000"
   },
   {
      "name": "Bivio di Capanelle",
      "countryCode": "IT",
      "stateCode": "62",
      "latitude": "42.11962000",
      "longitude": "12.59395000"
   },
   {
      "name": "Blera",
      "countryCode": "IT",
      "stateCode": "62",
      "latitude": "42.27293000",
      "longitude": "12.03016000"
   },
   {
      "name": "Bolsena",
      "countryCode": "IT",
      "stateCode": "62",
      "latitude": "42.64326000",
      "longitude": "11.98514000"
   },
   {
      "name": "Bomarzo",
      "countryCode": "IT",
      "stateCode": "62",
      "latitude": "42.48273000",
      "longitude": "12.25037000"
   },
   {
      "name": "Borbona",
      "countryCode": "IT",
      "stateCode": "62",
      "latitude": "42.50939000",
      "longitude": "13.13206000"
   },
   {
      "name": "Borgo Grappa",
      "countryCode": "IT",
      "stateCode": "62",
      "latitude": "41.40212000",
      "longitude": "12.96053000"
   },
   {
      "name": "Borgo Hermada",
      "countryCode": "IT",
      "stateCode": "62",
      "latitude": "41.30559000",
      "longitude": "13.17235000"
   },
   {
      "name": "Borgo Lotti",
      "countryCode": "IT",
      "stateCode": "62",
      "latitude": "41.76414000",
      "longitude": "12.55500000"
   },
   {
      "name": "Borgo Podgora",
      "countryCode": "IT",
      "stateCode": "62",
      "latitude": "41.51462000",
      "longitude": "12.85383000"
   },
   {
      "name": "Borgo Sabotino-Foce Verde",
      "countryCode": "IT",
      "stateCode": "62",
      "latitude": "41.41667000",
      "longitude": "12.83333000"
   },
   {
      "name": "Borgo San Michele",
      "countryCode": "IT",
      "stateCode": "62",
      "latitude": "41.43828000",
      "longitude": "12.97351000"
   },
   {
      "name": "Borgo Velino",
      "countryCode": "IT",
      "stateCode": "62",
      "latitude": "42.40508000",
      "longitude": "13.05650000"
   },
   {
      "name": "Borgorose",
      "countryCode": "IT",
      "stateCode": "62",
      "latitude": "42.19077000",
      "longitude": "13.23282000"
   },
   {
      "name": "Boville Ernica",
      "countryCode": "IT",
      "stateCode": "62",
      "latitude": "41.64252000",
      "longitude": "13.47270000"
   },
   {
      "name": "Bracciano",
      "countryCode": "IT",
      "stateCode": "62",
      "latitude": "42.10271000",
      "longitude": "12.16565000"
   },
   {
      "name": "Broccostella",
      "countryCode": "IT",
      "stateCode": "62",
      "latitude": "41.69972000",
      "longitude": "13.63531000"
   },
   {
      "name": "Caira",
      "countryCode": "IT",
      "stateCode": "62",
      "latitude": "41.53333000",
      "longitude": "13.81667000"
   },
   {
      "name": "Calcata Nuova",
      "countryCode": "IT",
      "stateCode": "62",
      "latitude": "42.21952000",
      "longitude": "12.42617000"
   },
   {
      "name": "Camerata Nuova",
      "countryCode": "IT",
      "stateCode": "62",
      "latitude": "42.01800000",
      "longitude": "13.10970000"
   },
   {
      "name": "Camilleri-Vallelata",
      "countryCode": "IT",
      "stateCode": "62",
      "latitude": "41.59848000",
      "longitude": "12.61738000"
   },
   {
      "name": "Campagnano di Roma",
      "countryCode": "IT",
      "stateCode": "62",
      "latitude": "42.13570000",
      "longitude": "12.37358000"
   },
   {
      "name": "Campo Jemini",
      "countryCode": "IT",
      "stateCode": "62",
      "latitude": "41.62716000",
      "longitude": "12.51258000"
   },
   {
      "name": "Campo Limpido-Favale",
      "countryCode": "IT",
      "stateCode": "62",
      "latitude": "41.96732000",
      "longitude": "12.77016000"
   },
   {
      "name": "Campo di Carne",
      "countryCode": "IT",
      "stateCode": "62",
      "latitude": "41.55265000",
      "longitude": "12.64114000"
   },
   {
      "name": "Campodimele",
      "countryCode": "IT",
      "stateCode": "62",
      "latitude": "41.38822000",
      "longitude": "13.53081000"
   },
   {
      "name": "Campoleone",
      "countryCode": "IT",
      "stateCode": "62",
      "latitude": "41.64570000",
      "longitude": "12.64826000"
   },
   {
      "name": "Campoli Appennino",
      "countryCode": "IT",
      "stateCode": "62",
      "latitude": "41.73539000",
      "longitude": "13.68326000"
   },
   {
      "name": "Canale Monterano",
      "countryCode": "IT",
      "stateCode": "62",
      "latitude": "42.13598000",
      "longitude": "12.10284000"
   },
   {
      "name": "Canepina",
      "countryCode": "IT",
      "stateCode": "62",
      "latitude": "42.38315000",
      "longitude": "12.23179000"
   },
   {
      "name": "Canino",
      "countryCode": "IT",
      "stateCode": "62",
      "latitude": "42.46592000",
      "longitude": "11.75294000"
   },
   {
      "name": "Cantalice",
      "countryCode": "IT",
      "stateCode": "62",
      "latitude": "42.46458000",
      "longitude": "12.90461000"
   },
   {
      "name": "Cantalupo in Sabina",
      "countryCode": "IT",
      "stateCode": "62",
      "latitude": "42.30689000",
      "longitude": "12.64513000"
   },
   {
      "name": "Canterano",
      "countryCode": "IT",
      "stateCode": "62",
      "latitude": "41.94322000",
      "longitude": "13.03809000"
   },
   {
      "name": "Capena",
      "countryCode": "IT",
      "stateCode": "62",
      "latitude": "42.14247000",
      "longitude": "12.54513000"
   },
   {
      "name": "Capodimonte",
      "countryCode": "IT",
      "stateCode": "62",
      "latitude": "42.54780000",
      "longitude": "11.90657000"
   },
   {
      "name": "Capranica",
      "countryCode": "IT",
      "stateCode": "62",
      "latitude": "42.25849000",
      "longitude": "12.17278000"
   },
   {
      "name": "Capranica Prenestina",
      "countryCode": "IT",
      "stateCode": "62",
      "latitude": "41.86285000",
      "longitude": "12.95077000"
   },
   {
      "name": "Caprarola",
      "countryCode": "IT",
      "stateCode": "62",
      "latitude": "42.32308000",
      "longitude": "12.23848000"
   },
   {
      "name": "Carbognano",
      "countryCode": "IT",
      "stateCode": "62",
      "latitude": "42.33024000",
      "longitude": "12.26457000"
   },
   {
      "name": "Carchitti",
      "countryCode": "IT",
      "stateCode": "62",
      "latitude": "41.78688000",
      "longitude": "12.82955000"
   },
   {
      "name": "Carpineto Romano",
      "countryCode": "IT",
      "stateCode": "62",
      "latitude": "41.60470000",
      "longitude": "13.08410000"
   },
   {
      "name": "Carrara-Pontenuovo",
      "countryCode": "IT",
      "stateCode": "62",
      "latitude": "41.54045000",
      "longitude": "12.95468000"
   },
   {
      "name": "Cartiera-Stazione",
      "countryCode": "IT",
      "stateCode": "62",
      "latitude": "41.65642000",
      "longitude": "13.24086000"
   },
   {
      "name": "Casal Palocco",
      "countryCode": "IT",
      "stateCode": "62",
      "latitude": "41.74845000",
      "longitude": "12.34726000"
   },
   {
      "name": "Casalattico",
      "countryCode": "IT",
      "stateCode": "62",
      "latitude": "41.62213000",
      "longitude": "13.72563000"
   },
   {
      "name": "Casalazzara",
      "countryCode": "IT",
      "stateCode": "62",
      "latitude": "41.62299000",
      "longitude": "12.57634000"
   },
   {
      "name": "Casali",
      "countryCode": "IT",
      "stateCode": "62",
      "latitude": "41.37812000",
      "longitude": "13.75479000"
   },
   {
      "name": "Casalvieri",
      "countryCode": "IT",
      "stateCode": "62",
      "latitude": "41.63329000",
      "longitude": "13.71363000"
   },
   {
      "name": "Casape",
      "countryCode": "IT",
      "stateCode": "62",
      "latitude": "41.90702000",
      "longitude": "12.88579000"
   },
   {
      "name": "Casaprota",
      "countryCode": "IT",
      "stateCode": "62",
      "latitude": "42.25177000",
      "longitude": "12.80428000"
   },
   {
      "name": "Case Campoli-Panetta",
      "countryCode": "IT",
      "stateCode": "62",
      "latitude": "41.67296000",
      "longitude": "13.47170000"
   },
   {
      "name": "Casperia",
      "countryCode": "IT",
      "stateCode": "62",
      "latitude": "42.33869000",
      "longitude": "12.67017000"
   },
   {
      "name": "Cassino",
      "countryCode": "IT",
      "stateCode": "62",
      "latitude": "41.48581000",
      "longitude": "13.82835000"
   },
   {
      "name": "Castel Chiodato",
      "countryCode": "IT",
      "stateCode": "62",
      "latitude": "42.05617000",
      "longitude": "12.69764000"
   },
   {
      "name": "Castel Fusano",
      "countryCode": "IT",
      "stateCode": "62",
      "latitude": "41.74717000",
      "longitude": "12.31190000"
   },
   {
      "name": "Castel Gandolfo",
      "countryCode": "IT",
      "stateCode": "62",
      "latitude": "41.74875000",
      "longitude": "12.64975000"
   },
   {
      "name": "Castel Madama",
      "countryCode": "IT",
      "stateCode": "62",
      "latitude": "41.97350000",
      "longitude": "12.86782000"
   },
   {
      "name": "Castel San Pietro Romano",
      "countryCode": "IT",
      "stateCode": "62",
      "latitude": "41.84572000",
      "longitude": "12.89489000"
   },
   {
      "name": "Castel Sant'Angelo",
      "countryCode": "IT",
      "stateCode": "62",
      "latitude": "42.39373000",
      "longitude": "13.02738000"
   },
   {
      "name": "Castel Sant'Elia",
      "countryCode": "IT",
      "stateCode": "62",
      "latitude": "42.25112000",
      "longitude": "12.37032000"
   },
   {
      "name": "Castel di Tora",
      "countryCode": "IT",
      "stateCode": "62",
      "latitude": "42.21392000",
      "longitude": "12.97073000"
   },
   {
      "name": "Castelforte",
      "countryCode": "IT",
      "stateCode": "62",
      "latitude": "41.29392000",
      "longitude": "13.83061000"
   },
   {
      "name": "Castelliri",
      "countryCode": "IT",
      "stateCode": "62",
      "latitude": "41.67764000",
      "longitude": "13.53978000"
   },
   {
      "name": "Castelmassimo",
      "countryCode": "IT",
      "stateCode": "62",
      "latitude": "41.66389000",
      "longitude": "13.38063000"
   },
   {
      "name": "Castelnuovo Parano",
      "countryCode": "IT",
      "stateCode": "62",
      "latitude": "41.37912000",
      "longitude": "13.75621000"
   },
   {
      "name": "Castelnuovo di Farfa",
      "countryCode": "IT",
      "stateCode": "62",
      "latitude": "42.23193000",
      "longitude": "12.74308000"
   },
   {
      "name": "Castelnuovo di Porto",
      "countryCode": "IT",
      "stateCode": "62",
      "latitude": "42.12280000",
      "longitude": "12.51043000"
   },
   {
      "name": "Castiglione in Teverina",
      "countryCode": "IT",
      "stateCode": "62",
      "latitude": "42.65076000",
      "longitude": "12.20305000"
   },
   {
      "name": "Castro dei Volsci",
      "countryCode": "IT",
      "stateCode": "62",
      "latitude": "41.50822000",
      "longitude": "13.40630000"
   },
   {
      "name": "Castrocielo",
      "countryCode": "IT",
      "stateCode": "62",
      "latitude": "41.52736000",
      "longitude": "13.69588000"
   },
   {
      "name": "Cave",
      "countryCode": "IT",
      "stateCode": "62",
      "latitude": "41.81682000",
      "longitude": "12.94055000"
   },
   {
      "name": "Ceccano",
      "countryCode": "IT",
      "stateCode": "62",
      "latitude": "41.57236000",
      "longitude": "13.32901000"
   },
   {
      "name": "Cecchina",
      "countryCode": "IT",
      "stateCode": "62",
      "latitude": "41.70161000",
      "longitude": "12.64972000"
   },
   {
      "name": "Celleno",
      "countryCode": "IT",
      "stateCode": "62",
      "latitude": "42.56039000",
      "longitude": "12.12442000"
   },
   {
      "name": "Cellere",
      "countryCode": "IT",
      "stateCode": "62",
      "latitude": "42.51024000",
      "longitude": "11.77079000"
   },
   {
      "name": "Ceprano",
      "countryCode": "IT",
      "stateCode": "62",
      "latitude": "41.54572000",
      "longitude": "13.51473000"
   },
   {
      "name": "Cerquotti-Madonna del Piano",
      "countryCode": "IT",
      "stateCode": "62",
      "latitude": "41.64194000",
      "longitude": "13.21316000"
   },
   {
      "name": "Cerreto Laziale",
      "countryCode": "IT",
      "stateCode": "62",
      "latitude": "41.94332000",
      "longitude": "12.98169000"
   },
   {
      "name": "Cervara di Roma",
      "countryCode": "IT",
      "stateCode": "62",
      "latitude": "41.98822000",
      "longitude": "13.06799000"
   },
   {
      "name": "Cervaro",
      "countryCode": "IT",
      "stateCode": "62",
      "latitude": "41.48278000",
      "longitude": "13.90218000"
   },
   {
      "name": "Cerveteri",
      "countryCode": "IT",
      "stateCode": "62",
      "latitude": "41.99080000",
      "longitude": "12.09082000"
   },
   {
      "name": "Cesano",
      "countryCode": "IT",
      "stateCode": "62",
      "latitude": "42.07375000",
      "longitude": "12.33711000"
   },
   {
      "name": "Ciampino",
      "countryCode": "IT",
      "stateCode": "62",
      "latitude": "41.80064000",
      "longitude": "12.60158000"
   },
   {
      "name": "Ciciliano",
      "countryCode": "IT",
      "stateCode": "62",
      "latitude": "41.95990000",
      "longitude": "12.94163000"
   },
   {
      "name": "Cineto Romano",
      "countryCode": "IT",
      "stateCode": "62",
      "latitude": "42.05014000",
      "longitude": "12.96080000"
   },
   {
      "name": "Cisterna di Latina",
      "countryCode": "IT",
      "stateCode": "62",
      "latitude": "41.59080000",
      "longitude": "12.82808000"
   },
   {
      "name": "Cittaducale",
      "countryCode": "IT",
      "stateCode": "62",
      "latitude": "42.38664000",
      "longitude": "12.95497000"
   },
   {
      "name": "Cittareale",
      "countryCode": "IT",
      "stateCode": "62",
      "latitude": "42.61624000",
      "longitude": "13.15788000"
   },
   {
      "name": "Città metropolitana di Roma Capitale",
      "countryCode": "IT",
      "stateCode": "62",
      "latitude": "41.96667000",
      "longitude": "12.66667000"
   },
   {
      "name": "Civita Castellana",
      "countryCode": "IT",
      "stateCode": "62",
      "latitude": "42.29304000",
      "longitude": "12.40885000"
   },
   {
      "name": "Civitavecchia",
      "countryCode": "IT",
      "stateCode": "62",
      "latitude": "42.09325000",
      "longitude": "11.79674000"
   },
   {
      "name": "Civitella San Paolo",
      "countryCode": "IT",
      "stateCode": "62",
      "latitude": "42.19935000",
      "longitude": "12.57455000"
   },
   {
      "name": "Civitella d'Agliano",
      "countryCode": "IT",
      "stateCode": "62",
      "latitude": "42.60296000",
      "longitude": "12.18624000"
   },
   {
      "name": "Coldragone",
      "countryCode": "IT",
      "stateCode": "62",
      "latitude": "41.55458000",
      "longitude": "13.60399000"
   },
   {
      "name": "Collalto Sabino",
      "countryCode": "IT",
      "stateCode": "62",
      "latitude": "42.13522000",
      "longitude": "13.04841000"
   },
   {
      "name": "Colle Campano-Scrima",
      "countryCode": "IT",
      "stateCode": "62",
      "latitude": "41.62364000",
      "longitude": "13.46336000"
   },
   {
      "name": "Colle Mainello",
      "countryCode": "IT",
      "stateCode": "62",
      "latitude": "41.86975000",
      "longitude": "12.78767000"
   },
   {
      "name": "Colle San Magno",
      "countryCode": "IT",
      "stateCode": "62",
      "latitude": "41.55019000",
      "longitude": "13.69485000"
   },
   {
      "name": "Colle Spina",
      "countryCode": "IT",
      "stateCode": "62",
      "latitude": "41.78205000",
      "longitude": "12.84723000"
   },
   {
      "name": "Colle Verde",
      "countryCode": "IT",
      "stateCode": "62",
      "latitude": "41.97694000",
      "longitude": "12.61855000"
   },
   {
      "name": "Colle del Pino",
      "countryCode": "IT",
      "stateCode": "62",
      "latitude": "41.74246000",
      "longitude": "12.49644000"
   },
   {
      "name": "Colle di Fuori",
      "countryCode": "IT",
      "stateCode": "62",
      "latitude": "41.80091000",
      "longitude": "12.80683000"
   },
   {
      "name": "Colle di Tora",
      "countryCode": "IT",
      "stateCode": "62",
      "latitude": "42.20809000",
      "longitude": "12.94746000"
   },
   {
      "name": "Colleferro",
      "countryCode": "IT",
      "stateCode": "62",
      "latitude": "41.72722000",
      "longitude": "13.00481000"
   },
   {
      "name": "Collefontana-Fontana Liri Inferiore",
      "countryCode": "IT",
      "stateCode": "62",
      "latitude": "41.61166000",
      "longitude": "13.54945000"
   },
   {
      "name": "Collegiove",
      "countryCode": "IT",
      "stateCode": "62",
      "latitude": "42.17506000",
      "longitude": "13.03844000"
   },
   {
      "name": "Collepardo",
      "countryCode": "IT",
      "stateCode": "62",
      "latitude": "41.76417000",
      "longitude": "13.36846000"
   },
   {
      "name": "Collevecchio",
      "countryCode": "IT",
      "stateCode": "62",
      "latitude": "42.33368000",
      "longitude": "12.55329000"
   },
   {
      "name": "Colleverde II",
      "countryCode": "IT",
      "stateCode": "62",
      "latitude": "41.97533000",
      "longitude": "12.63191000"
   },
   {
      "name": "Colli di Enea",
      "countryCode": "IT",
      "stateCode": "62",
      "latitude": "41.65554000",
      "longitude": "12.49035000"
   },
   {
      "name": "Colli sul Velino",
      "countryCode": "IT",
      "stateCode": "62",
      "latitude": "42.49828000",
      "longitude": "12.78153000"
   },
   {
      "name": "Colonna",
      "countryCode": "IT",
      "stateCode": "62",
      "latitude": "41.83454000",
      "longitude": "12.75495000"
   },
   {
      "name": "Colubro",
      "countryCode": "IT",
      "stateCode": "62",
      "latitude": "41.73506000",
      "longitude": "12.86726000"
   },
   {
      "name": "Concerviano",
      "countryCode": "IT",
      "stateCode": "62",
      "latitude": "42.32214000",
      "longitude": "12.98534000"
   },
   {
      "name": "Configni",
      "countryCode": "IT",
      "stateCode": "62",
      "latitude": "42.42543000",
      "longitude": "12.64431000"
   },
   {
      "name": "Contigliano",
      "countryCode": "IT",
      "stateCode": "62",
      "latitude": "42.41058000",
      "longitude": "12.77202000"
   },
   {
      "name": "Corchiano",
      "countryCode": "IT",
      "stateCode": "62",
      "latitude": "42.34495000",
      "longitude": "12.35688000"
   },
   {
      "name": "Corcolle",
      "countryCode": "IT",
      "stateCode": "62",
      "latitude": "41.90421000",
      "longitude": "12.73654000"
   },
   {
      "name": "Coreno Ausonio",
      "countryCode": "IT",
      "stateCode": "62",
      "latitude": "41.34735000",
      "longitude": "13.77648000"
   },
   {
      "name": "Cori",
      "countryCode": "IT",
      "stateCode": "62",
      "latitude": "41.64358000",
      "longitude": "12.91121000"
   },
   {
      "name": "Corvaro",
      "countryCode": "IT",
      "stateCode": "62",
      "latitude": "42.20538000",
      "longitude": "13.26496000"
   },
   {
      "name": "Costaroni",
      "countryCode": "IT",
      "stateCode": "62",
      "latitude": "42.07819000",
      "longitude": "12.53712000"
   },
   {
      "name": "Cottanello",
      "countryCode": "IT",
      "stateCode": "62",
      "latitude": "42.40811000",
      "longitude": "12.68592000"
   },
   {
      "name": "Cretone",
      "countryCode": "IT",
      "stateCode": "62",
      "latitude": "42.07116000",
      "longitude": "12.70365000"
   },
   {
      "name": "Esperia",
      "countryCode": "IT",
      "stateCode": "62",
      "latitude": "41.38237000",
      "longitude": "13.68491000"
   },
   {
      "name": "Fabrica di Roma",
      "countryCode": "IT",
      "stateCode": "62",
      "latitude": "42.33444000",
      "longitude": "12.29873000"
   },
   {
      "name": "Faleria",
      "countryCode": "IT",
      "stateCode": "62",
      "latitude": "42.22580000",
      "longitude": "12.44518000"
   },
   {
      "name": "Falvaterra",
      "countryCode": "IT",
      "stateCode": "62",
      "latitude": "41.50438000",
      "longitude": "13.52341000"
   },
   {
      "name": "Fara in Sabina",
      "countryCode": "IT",
      "stateCode": "62",
      "latitude": "42.20807000",
      "longitude": "12.72960000"
   },
   {
      "name": "Farnese",
      "countryCode": "IT",
      "stateCode": "62",
      "latitude": "42.54926000",
      "longitude": "11.72638000"
   },
   {
      "name": "Ferentino",
      "countryCode": "IT",
      "stateCode": "62",
      "latitude": "41.69119000",
      "longitude": "13.25620000"
   },
   {
      "name": "Fiamignano",
      "countryCode": "IT",
      "stateCode": "62",
      "latitude": "42.26546000",
      "longitude": "13.12413000"
   },
   {
      "name": "Fiano Romano",
      "countryCode": "IT",
      "stateCode": "62",
      "latitude": "42.15538000",
      "longitude": "12.59467000"
   },
   {
      "name": "Filacciano",
      "countryCode": "IT",
      "stateCode": "62",
      "latitude": "42.25445000",
      "longitude": "12.59880000"
   },
   {
      "name": "Filettino",
      "countryCode": "IT",
      "stateCode": "62",
      "latitude": "41.89131000",
      "longitude": "13.32531000"
   },
   {
      "name": "Fiuggi",
      "countryCode": "IT",
      "stateCode": "62",
      "latitude": "41.79780000",
      "longitude": "13.22386000"
   },
   {
      "name": "Fiumicino-Isola Sacra",
      "countryCode": "IT",
      "stateCode": "62",
      "latitude": "41.77093000",
      "longitude": "12.23662000"
   },
   {
      "name": "Focene",
      "countryCode": "IT",
      "stateCode": "62",
      "latitude": "41.81367000",
      "longitude": "12.21354000"
   },
   {
      "name": "Fondi",
      "countryCode": "IT",
      "stateCode": "62",
      "latitude": "41.35787000",
      "longitude": "13.42718000"
   },
   {
      "name": "Fontechiari",
      "countryCode": "IT",
      "stateCode": "62",
      "latitude": "41.66788000",
      "longitude": "13.67504000"
   },
   {
      "name": "Forano",
      "countryCode": "IT",
      "stateCode": "62",
      "latitude": "42.29768000",
      "longitude": "12.59469000"
   },
   {
      "name": "Formello",
      "countryCode": "IT",
      "stateCode": "62",
      "latitude": "42.06246000",
      "longitude": "12.39435000"
   },
   {
      "name": "Formia",
      "countryCode": "IT",
      "stateCode": "62",
      "latitude": "41.25632000",
      "longitude": "13.60888000"
   },
   {
      "name": "Fossignano",
      "countryCode": "IT",
      "stateCode": "62",
      "latitude": "41.59226000",
      "longitude": "12.56333000"
   },
   {
      "name": "Frascati",
      "countryCode": "IT",
      "stateCode": "62",
      "latitude": "41.80910000",
      "longitude": "12.67942000"
   },
   {
      "name": "Frasso Sabino",
      "countryCode": "IT",
      "stateCode": "62",
      "latitude": "42.22927000",
      "longitude": "12.80658000"
   },
   {
      "name": "Fregene",
      "countryCode": "IT",
      "stateCode": "62",
      "latitude": "41.85051000",
      "longitude": "12.19671000"
   },
   {
      "name": "Frosinone",
      "countryCode": "IT",
      "stateCode": "62",
      "latitude": "41.63976000",
      "longitude": "13.34109000"
   },
   {
      "name": "Fumone",
      "countryCode": "IT",
      "stateCode": "62",
      "latitude": "41.73461000",
      "longitude": "13.27015000"
   },
   {
      "name": "Gaeta",
      "countryCode": "IT",
      "stateCode": "62",
      "latitude": "41.21408000",
      "longitude": "13.57082000"
   },
   {
      "name": "Gallese",
      "countryCode": "IT",
      "stateCode": "62",
      "latitude": "42.37376000",
      "longitude": "12.39646000"
   },
   {
      "name": "Gallicano nel Lazio",
      "countryCode": "IT",
      "stateCode": "62",
      "latitude": "41.86433000",
      "longitude": "12.83543000"
   },
   {
      "name": "Gallinaro",
      "countryCode": "IT",
      "stateCode": "62",
      "latitude": "41.65502000",
      "longitude": "13.79799000"
   },
   {
      "name": "Gavignano",
      "countryCode": "IT",
      "stateCode": "62",
      "latitude": "41.69891000",
      "longitude": "13.05032000"
   },
   {
      "name": "Genazzano",
      "countryCode": "IT",
      "stateCode": "62",
      "latitude": "41.82807000",
      "longitude": "12.97196000"
   },
   {
      "name": "Genio Civile",
      "countryCode": "IT",
      "stateCode": "62",
      "latitude": "41.54807000",
      "longitude": "12.69161000"
   },
   {
      "name": "Genzano di Roma",
      "countryCode": "IT",
      "stateCode": "62",
      "latitude": "41.70706000",
      "longitude": "12.68904000"
   },
   {
      "name": "Gerano",
      "countryCode": "IT",
      "stateCode": "62",
      "latitude": "41.93474000",
      "longitude": "12.99034000"
   },
   {
      "name": "Girardi-Bellavista-Terrazze",
      "countryCode": "IT",
      "stateCode": "62",
      "latitude": "42.10266000",
      "longitude": "12.57960000"
   },
   {
      "name": "Giulianello",
      "countryCode": "IT",
      "stateCode": "62",
      "latitude": "41.68610000",
      "longitude": "12.87917000"
   },
   {
      "name": "Giuliano di Roma",
      "countryCode": "IT",
      "stateCode": "62",
      "latitude": "41.53933000",
      "longitude": "13.28028000"
   },
   {
      "name": "Gorga",
      "countryCode": "IT",
      "stateCode": "62",
      "latitude": "41.65468000",
      "longitude": "13.10663000"
   },
   {
      "name": "Gradoli",
      "countryCode": "IT",
      "stateCode": "62",
      "latitude": "42.64502000",
      "longitude": "11.85580000"
   },
   {
      "name": "Graffignano",
      "countryCode": "IT",
      "stateCode": "62",
      "latitude": "42.57539000",
      "longitude": "12.20121000"
   },
   {
      "name": "Grottaferrata",
      "countryCode": "IT",
      "stateCode": "62",
      "latitude": "41.78664000",
      "longitude": "12.67144000"
   },
   {
      "name": "Grotte Santo Stefano",
      "countryCode": "IT",
      "stateCode": "62",
      "latitude": "42.51691000",
      "longitude": "12.17226000"
   },
   {
      "name": "Grotte di Castro",
      "countryCode": "IT",
      "stateCode": "62",
      "latitude": "42.67567000",
      "longitude": "11.86908000"
   },
   {
      "name": "Grunuovo-Campomaggiore San Luca",
      "countryCode": "IT",
      "stateCode": "62",
      "latitude": "41.27228000",
      "longitude": "13.80684000"
   },
   {
      "name": "Guarcino",
      "countryCode": "IT",
      "stateCode": "62",
      "latitude": "41.79917000",
      "longitude": "13.31439000"
   },
   {
      "name": "Guidonia",
      "countryCode": "IT",
      "stateCode": "62",
      "latitude": "41.99232000",
      "longitude": "12.71876000"
   },
   {
      "name": "Guidonia Montecelio",
      "countryCode": "IT",
      "stateCode": "62",
      "latitude": "41.99362000",
      "longitude": "12.72238000"
   },
   {
      "name": "Ischia di Castro",
      "countryCode": "IT",
      "stateCode": "62",
      "latitude": "42.54420000",
      "longitude": "11.75759000"
   },
   {
      "name": "Isola del Liri",
      "countryCode": "IT",
      "stateCode": "62",
      "latitude": "41.68678000",
      "longitude": "13.59679000"
   },
   {
      "name": "Itri",
      "countryCode": "IT",
      "stateCode": "62",
      "latitude": "41.29034000",
      "longitude": "13.53000000"
   },
   {
      "name": "Jenne",
      "countryCode": "IT",
      "stateCode": "62",
      "latitude": "41.88882000",
      "longitude": "13.16959000"
   },
   {
      "name": "La Botte",
      "countryCode": "IT",
      "stateCode": "62",
      "latitude": "41.98176000",
      "longitude": "12.76775000"
   },
   {
      "name": "La Forma",
      "countryCode": "IT",
      "stateCode": "62",
      "latitude": "41.83449000",
      "longitude": "13.09092000"
   },
   {
      "name": "La Massimina-Casal Lumbroso",
      "countryCode": "IT",
      "stateCode": "62",
      "latitude": "41.87332000",
      "longitude": "12.35694000"
   },
   {
      "name": "Labico",
      "countryCode": "IT",
      "stateCode": "62",
      "latitude": "41.79260000",
      "longitude": "12.87127000"
   },
   {
      "name": "Labro",
      "countryCode": "IT",
      "stateCode": "62",
      "latitude": "42.52603000",
      "longitude": "12.80068000"
   },
   {
      "name": "Ladispoli",
      "countryCode": "IT",
      "stateCode": "62",
      "latitude": "41.95068000",
      "longitude": "12.07500000"
   },
   {
      "name": "Laghetto",
      "countryCode": "IT",
      "stateCode": "62",
      "latitude": "41.96734000",
      "longitude": "12.65609000"
   },
   {
      "name": "Lanuvio",
      "countryCode": "IT",
      "stateCode": "62",
      "latitude": "41.67297000",
      "longitude": "12.69403000"
   },
   {
      "name": "Lariano",
      "countryCode": "IT",
      "stateCode": "62",
      "latitude": "41.71847000",
      "longitude": "12.82868000"
   },
   {
      "name": "Latera",
      "countryCode": "IT",
      "stateCode": "62",
      "latitude": "42.62922000",
      "longitude": "11.82922000"
   },
   {
      "name": "Latina",
      "countryCode": "IT",
      "stateCode": "62",
      "latitude": "41.46614000",
      "longitude": "12.90430000"
   },
   {
      "name": "Latina Scalo",
      "countryCode": "IT",
      "stateCode": "62",
      "latitude": "41.53157000",
      "longitude": "12.94567000"
   },
   {
      "name": "Lavinio",
      "countryCode": "IT",
      "stateCode": "62",
      "latitude": "41.50350000",
      "longitude": "12.58973000"
   },
   {
      "name": "Le Forna",
      "countryCode": "IT",
      "stateCode": "62",
      "latitude": "40.92475000",
      "longitude": "12.96896000"
   },
   {
      "name": "Le Rughe",
      "countryCode": "IT",
      "stateCode": "62",
      "latitude": "42.06885000",
      "longitude": "12.37624000"
   },
   {
      "name": "Lenola",
      "countryCode": "IT",
      "stateCode": "62",
      "latitude": "41.40485000",
      "longitude": "13.45934000"
   },
   {
      "name": "Leonessa",
      "countryCode": "IT",
      "stateCode": "62",
      "latitude": "42.56855000",
      "longitude": "12.95996000"
   },
   {
      "name": "Licenza",
      "countryCode": "IT",
      "stateCode": "62",
      "latitude": "42.07413000",
      "longitude": "12.90008000"
   },
   {
      "name": "Lido dei Pini",
      "countryCode": "IT",
      "stateCode": "62",
      "latitude": "41.53660000",
      "longitude": "12.58976000"
   },
   {
      "name": "Lido di Ostia",
      "countryCode": "IT",
      "stateCode": "62",
      "latitude": "41.73212000",
      "longitude": "12.27654000"
   },
   {
      "name": "Limiti di Greccio",
      "countryCode": "IT",
      "stateCode": "62",
      "latitude": "42.45329000",
      "longitude": "12.76955000"
   },
   {
      "name": "Longone Sabino",
      "countryCode": "IT",
      "stateCode": "62",
      "latitude": "42.27260000",
      "longitude": "12.96653000"
   },
   {
      "name": "Lubriano",
      "countryCode": "IT",
      "stateCode": "62",
      "latitude": "42.63623000",
      "longitude": "12.10876000"
   },
   {
      "name": "Maccarese",
      "countryCode": "IT",
      "stateCode": "62",
      "latitude": "41.87696000",
      "longitude": "12.21975000"
   },
   {
      "name": "Macere",
      "countryCode": "IT",
      "stateCode": "62",
      "latitude": "41.74873000",
      "longitude": "12.85835000"
   },
   {
      "name": "Maenza",
      "countryCode": "IT",
      "stateCode": "62",
      "latitude": "41.52402000",
      "longitude": "13.18344000"
   },
   {
      "name": "Magliano Romano",
      "countryCode": "IT",
      "stateCode": "62",
      "latitude": "42.15750000",
      "longitude": "12.43662000"
   },
   {
      "name": "Magliano Sabina",
      "countryCode": "IT",
      "stateCode": "62",
      "latitude": "42.36568000",
      "longitude": "12.48520000"
   },
   {
      "name": "Mandela",
      "countryCode": "IT",
      "stateCode": "62",
      "latitude": "42.02795000",
      "longitude": "12.92089000"
   },
   {
      "name": "Mantiglia di Ardea",
      "countryCode": "IT",
      "stateCode": "62",
      "latitude": "41.67685000",
      "longitude": "12.61453000"
   },
   {
      "name": "Manziana",
      "countryCode": "IT",
      "stateCode": "62",
      "latitude": "42.12998000",
      "longitude": "12.12537000"
   },
   {
      "name": "Marano Equo",
      "countryCode": "IT",
      "stateCode": "62",
      "latitude": "41.99535000",
      "longitude": "13.01501000"
   },
   {
      "name": "Maranola-Trivio",
      "countryCode": "IT",
      "stateCode": "62",
      "latitude": "41.28522000",
      "longitude": "13.62777000"
   },
   {
      "name": "Marcellina",
      "countryCode": "IT",
      "stateCode": "62",
      "latitude": "42.02436000",
      "longitude": "12.80445000"
   },
   {
      "name": "Marcetelli",
      "countryCode": "IT",
      "stateCode": "62",
      "latitude": "42.22663000",
      "longitude": "13.04589000"
   },
   {
      "name": "Marco Simone",
      "countryCode": "IT",
      "stateCode": "62",
      "latitude": "41.95544000",
      "longitude": "12.64775000"
   },
   {
      "name": "Marina San Nicola",
      "countryCode": "IT",
      "stateCode": "62",
      "latitude": "41.93102000",
      "longitude": "12.12024000"
   },
   {
      "name": "Marina di Ardea-Tor San Lorenzo",
      "countryCode": "IT",
      "stateCode": "62",
      "latitude": "41.55439000",
      "longitude": "12.54115000"
   },
   {
      "name": "Marina di Cerveteri",
      "countryCode": "IT",
      "stateCode": "62",
      "latitude": "41.97997000",
      "longitude": "12.05295000"
   },
   {
      "name": "Marino",
      "countryCode": "IT",
      "stateCode": "62",
      "latitude": "41.76984000",
      "longitude": "12.65917000"
   },
   {
      "name": "Marta",
      "countryCode": "IT",
      "stateCode": "62",
      "latitude": "42.53318000",
      "longitude": "11.92423000"
   },
   {
      "name": "Mazzano Romano",
      "countryCode": "IT",
      "stateCode": "62",
      "latitude": "42.20597000",
      "longitude": "12.39554000"
   },
   {
      "name": "Mentana",
      "countryCode": "IT",
      "stateCode": "62",
      "latitude": "42.03539000",
      "longitude": "12.64413000"
   },
   {
      "name": "Micigliano",
      "countryCode": "IT",
      "stateCode": "62",
      "latitude": "42.45203000",
      "longitude": "13.05318000"
   },
   {
      "name": "Minturno",
      "countryCode": "IT",
      "stateCode": "62",
      "latitude": "41.26294000",
      "longitude": "13.74583000"
   },
   {
      "name": "Molella",
      "countryCode": "IT",
      "stateCode": "62",
      "latitude": "41.26009000",
      "longitude": "13.06221000"
   },
   {
      "name": "Mompeo",
      "countryCode": "IT",
      "stateCode": "62",
      "latitude": "42.24780000",
      "longitude": "12.75130000"
   },
   {
      "name": "Montalto di Castro",
      "countryCode": "IT",
      "stateCode": "62",
      "latitude": "42.34983000",
      "longitude": "11.60788000"
   },
   {
      "name": "Montasola",
      "countryCode": "IT",
      "stateCode": "62",
      "latitude": "42.38495000",
      "longitude": "12.68127000"
   },
   {
      "name": "Monte Caminetto",
      "countryCode": "IT",
      "stateCode": "62",
      "latitude": "42.06650000",
      "longitude": "12.47358000"
   },
   {
      "name": "Monte Migliore La Selvotta",
      "countryCode": "IT",
      "stateCode": "62",
      "latitude": "41.72060000",
      "longitude": "12.50206000"
   },
   {
      "name": "Monte Porzio Catone",
      "countryCode": "IT",
      "stateCode": "62",
      "latitude": "41.81585000",
      "longitude": "12.71432000"
   },
   {
      "name": "Monte Romano",
      "countryCode": "IT",
      "stateCode": "62",
      "latitude": "42.26745000",
      "longitude": "11.89658000"
   },
   {
      "name": "Monte San Biagio",
      "countryCode": "IT",
      "stateCode": "62",
      "latitude": "41.35360000",
      "longitude": "13.35184000"
   },
   {
      "name": "Monte San Giovanni Campano",
      "countryCode": "IT",
      "stateCode": "62",
      "latitude": "41.64310000",
      "longitude": "13.51088000"
   },
   {
      "name": "Monte San Giovanni in Sabina",
      "countryCode": "IT",
      "stateCode": "62",
      "latitude": "42.32703000",
      "longitude": "12.77858000"
   },
   {
      "name": "Monte San Marino",
      "countryCode": "IT",
      "stateCode": "62",
      "latitude": "41.71200000",
      "longitude": "13.31199000"
   },
   {
      "name": "Montebuono",
      "countryCode": "IT",
      "stateCode": "62",
      "latitude": "42.36770000",
      "longitude": "12.59721000"
   },
   {
      "name": "Montecelio",
      "countryCode": "IT",
      "stateCode": "62",
      "latitude": "42.02067000",
      "longitude": "12.74354000"
   },
   {
      "name": "Montecompatri",
      "countryCode": "IT",
      "stateCode": "62",
      "latitude": "41.80892000",
      "longitude": "12.73778000"
   },
   {
      "name": "Montefiascone",
      "countryCode": "IT",
      "stateCode": "62",
      "latitude": "42.54255000",
      "longitude": "12.03192000"
   },
   {
      "name": "Monteflavio",
      "countryCode": "IT",
      "stateCode": "62",
      "latitude": "42.10935000",
      "longitude": "12.83076000"
   },
   {
      "name": "Montelanico",
      "countryCode": "IT",
      "stateCode": "62",
      "latitude": "41.65069000",
      "longitude": "13.04027000"
   },
   {
      "name": "Montelarco",
      "countryCode": "IT",
      "stateCode": "62",
      "latitude": "42.16339000",
      "longitude": "12.48398000"
   },
   {
      "name": "Monteleone Sabino",
      "countryCode": "IT",
      "stateCode": "62",
      "latitude": "42.23267000",
      "longitude": "12.85828000"
   },
   {
      "name": "Montelibretti",
      "countryCode": "IT",
      "stateCode": "62",
      "latitude": "42.13553000",
      "longitude": "12.73868000"
   },
   {
      "name": "Montenero Sabino",
      "countryCode": "IT",
      "stateCode": "62",
      "latitude": "42.28123000",
      "longitude": "12.81358000"
   },
   {
      "name": "Monterosi",
      "countryCode": "IT",
      "stateCode": "62",
      "latitude": "42.19698000",
      "longitude": "12.30842000"
   },
   {
      "name": "Monterotondo",
      "countryCode": "IT",
      "stateCode": "62",
      "latitude": "42.05159000",
      "longitude": "12.61969000"
   },
   {
      "name": "Montopoli in Sabina",
      "countryCode": "IT",
      "stateCode": "62",
      "latitude": "42.24593000",
      "longitude": "12.69208000"
   },
   {
      "name": "Montorio Romano",
      "countryCode": "IT",
      "stateCode": "62",
      "latitude": "42.13738000",
      "longitude": "12.80404000"
   },
   {
      "name": "Moricone",
      "countryCode": "IT",
      "stateCode": "62",
      "latitude": "42.11661000",
      "longitude": "12.77234000"
   },
   {
      "name": "Morlupo",
      "countryCode": "IT",
      "stateCode": "62",
      "latitude": "42.15002000",
      "longitude": "12.50306000"
   },
   {
      "name": "Morolo",
      "countryCode": "IT",
      "stateCode": "62",
      "latitude": "41.63838000",
      "longitude": "13.19809000"
   },
   {
      "name": "Morro Reatino",
      "countryCode": "IT",
      "stateCode": "62",
      "latitude": "42.52226000",
      "longitude": "12.83449000"
   },
   {
      "name": "Nazzano",
      "countryCode": "IT",
      "stateCode": "62",
      "latitude": "42.23018000",
      "longitude": "12.59440000"
   },
   {
      "name": "Nemi",
      "countryCode": "IT",
      "stateCode": "62",
      "latitude": "41.72185000",
      "longitude": "12.71809000"
   },
   {
      "name": "Nepi",
      "countryCode": "IT",
      "stateCode": "62",
      "latitude": "42.24221000",
      "longitude": "12.34355000"
   },
   {
      "name": "Nerola",
      "countryCode": "IT",
      "stateCode": "62",
      "latitude": "42.16011000",
      "longitude": "12.78529000"
   },
   {
      "name": "Nespolo",
      "countryCode": "IT",
      "stateCode": "62",
      "latitude": "42.15671000",
      "longitude": "13.06938000"
   },
   {
      "name": "Nettuno",
      "countryCode": "IT",
      "stateCode": "62",
      "latitude": "41.45794000",
      "longitude": "12.66393000"
   },
   {
      "name": "Norma",
      "countryCode": "IT",
      "stateCode": "62",
      "latitude": "41.58643000",
      "longitude": "12.97073000"
   },
   {
      "name": "Olevano Romano",
      "countryCode": "IT",
      "stateCode": "62",
      "latitude": "41.85869000",
      "longitude": "13.03601000"
   },
   {
      "name": "Onano",
      "countryCode": "IT",
      "stateCode": "62",
      "latitude": "42.69104000",
      "longitude": "11.81552000"
   },
   {
      "name": "Oriolo Romano",
      "countryCode": "IT",
      "stateCode": "62",
      "latitude": "42.16261000",
      "longitude": "12.13859000"
   },
   {
      "name": "Orte",
      "countryCode": "IT",
      "stateCode": "62",
      "latitude": "42.46117000",
      "longitude": "12.38635000"
   },
   {
      "name": "Orte Scalo",
      "countryCode": "IT",
      "stateCode": "62",
      "latitude": "42.43483000",
      "longitude": "12.40783000"
   },
   {
      "name": "Orvinio",
      "countryCode": "IT",
      "stateCode": "62",
      "latitude": "42.13039000",
      "longitude": "12.93762000"
   },
   {
      "name": "Osteria Nuova",
      "countryCode": "IT",
      "stateCode": "62",
      "latitude": "42.03721000",
      "longitude": "12.30924000"
   },
   {
      "name": "Paganico Sabino",
      "countryCode": "IT",
      "stateCode": "62",
      "latitude": "42.18963000",
      "longitude": "12.99689000"
   },
   {
      "name": "Palestrina",
      "countryCode": "IT",
      "stateCode": "62",
      "latitude": "41.83274000",
      "longitude": "12.88178000"
   },
   {
      "name": "Paliano",
      "countryCode": "IT",
      "stateCode": "62",
      "latitude": "41.77975000",
      "longitude": "13.07661000"
   },
   {
      "name": "Palombara Sabina",
      "countryCode": "IT",
      "stateCode": "62",
      "latitude": "42.06909000",
      "longitude": "12.76684000"
   },
   {
      "name": "Parco Leonardo",
      "countryCode": "IT",
      "stateCode": "62",
      "latitude": "41.80035000",
      "longitude": "12.30028000"
   },
   {
      "name": "Passoscuro",
      "countryCode": "IT",
      "stateCode": "62",
      "latitude": "41.90209000",
      "longitude": "12.15723000"
   },
   {
      "name": "Pastena",
      "countryCode": "IT",
      "stateCode": "62",
      "latitude": "41.46842000",
      "longitude": "13.49111000"
   },
   {
      "name": "Patrica",
      "countryCode": "IT",
      "stateCode": "62",
      "latitude": "41.59085000",
      "longitude": "13.24363000"
   },
   {
      "name": "Pavona",
      "countryCode": "IT",
      "stateCode": "62",
      "latitude": "41.72629000",
      "longitude": "12.61642000"
   },
   {
      "name": "Penitro",
      "countryCode": "IT",
      "stateCode": "62",
      "latitude": "41.27328000",
      "longitude": "13.69262000"
   },
   {
      "name": "Percile",
      "countryCode": "IT",
      "stateCode": "62",
      "latitude": "42.09497000",
      "longitude": "12.91048000"
   },
   {
      "name": "Pescia Romana",
      "countryCode": "IT",
      "stateCode": "62",
      "latitude": "42.39963000",
      "longitude": "11.49651000"
   },
   {
      "name": "Pescorocchiano",
      "countryCode": "IT",
      "stateCode": "62",
      "latitude": "42.20623000",
      "longitude": "13.14715000"
   },
   {
      "name": "Pescosolido",
      "countryCode": "IT",
      "stateCode": "62",
      "latitude": "41.74864000",
      "longitude": "13.65690000"
   },
   {
      "name": "Petrella Salto",
      "countryCode": "IT",
      "stateCode": "62",
      "latitude": "42.29405000",
      "longitude": "13.06794000"
   },
   {
      "name": "Piansano",
      "countryCode": "IT",
      "stateCode": "62",
      "latitude": "42.52449000",
      "longitude": "11.82978000"
   },
   {
      "name": "Picinisco",
      "countryCode": "IT",
      "stateCode": "62",
      "latitude": "41.64568000",
      "longitude": "13.86791000"
   },
   {
      "name": "Pico",
      "countryCode": "IT",
      "stateCode": "62",
      "latitude": "41.45025000",
      "longitude": "13.55894000"
   },
   {
      "name": "Piedimonte San Germano",
      "countryCode": "IT",
      "stateCode": "62",
      "latitude": "41.49796000",
      "longitude": "13.75017000"
   },
   {
      "name": "Piedimonte San Germano Alta",
      "countryCode": "IT",
      "stateCode": "62",
      "latitude": "41.50446000",
      "longitude": "13.74909000"
   },
   {
      "name": "Piglio",
      "countryCode": "IT",
      "stateCode": "62",
      "latitude": "41.83006000",
      "longitude": "13.13330000"
   },
   {
      "name": "Pignataro Interamna",
      "countryCode": "IT",
      "stateCode": "62",
      "latitude": "41.43922000",
      "longitude": "13.78621000"
   },
   {
      "name": "Pisoniano",
      "countryCode": "IT",
      "stateCode": "62",
      "latitude": "41.90816000",
      "longitude": "12.95794000"
   },
   {
      "name": "Pofi",
      "countryCode": "IT",
      "stateCode": "62",
      "latitude": "41.56542000",
      "longitude": "13.41460000"
   },
   {
      "name": "Poggio Bustone",
      "countryCode": "IT",
      "stateCode": "62",
      "latitude": "42.50330000",
      "longitude": "12.88524000"
   },
   {
      "name": "Poggio Catino",
      "countryCode": "IT",
      "stateCode": "62",
      "latitude": "42.29420000",
      "longitude": "12.69838000"
   },
   {
      "name": "Poggio Ellera",
      "countryCode": "IT",
      "stateCode": "62",
      "latitude": "42.11380000",
      "longitude": "12.37174000"
   },
   {
      "name": "Poggio Mirteto",
      "countryCode": "IT",
      "stateCode": "62",
      "latitude": "42.26763000",
      "longitude": "12.68837000"
   },
   {
      "name": "Poggio Moiano",
      "countryCode": "IT",
      "stateCode": "62",
      "latitude": "42.20411000",
      "longitude": "12.88136000"
   },
   {
      "name": "Poggio Nativo",
      "countryCode": "IT",
      "stateCode": "62",
      "latitude": "42.21783000",
      "longitude": "12.79691000"
   },
   {
      "name": "Poggio San Lorenzo",
      "countryCode": "IT",
      "stateCode": "62",
      "latitude": "42.25174000",
      "longitude": "12.84343000"
   },
   {
      "name": "Poli",
      "countryCode": "IT",
      "stateCode": "62",
      "latitude": "41.88913000",
      "longitude": "12.89037000"
   },
   {
      "name": "Pomezia",
      "countryCode": "IT",
      "stateCode": "62",
      "latitude": "41.66931000",
      "longitude": "12.50124000"
   },
   {
      "name": "Ponte Galeria-La Pisana",
      "countryCode": "IT",
      "stateCode": "62",
      "latitude": "41.84634000",
      "longitude": "12.33925000"
   },
   {
      "name": "Pontecorvo",
      "countryCode": "IT",
      "stateCode": "62",
      "latitude": "41.45861000",
      "longitude": "13.66618000"
   },
   {
      "name": "Pontinia",
      "countryCode": "IT",
      "stateCode": "62",
      "latitude": "41.41097000",
      "longitude": "13.04259000"
   },
   {
      "name": "Ponton dell'Elce",
      "countryCode": "IT",
      "stateCode": "62",
      "latitude": "42.02270000",
      "longitude": "12.23505000"
   },
   {
      "name": "Ponza",
      "countryCode": "IT",
      "stateCode": "62",
      "latitude": "40.89541000",
      "longitude": "12.95889000"
   },
   {
      "name": "Ponzano Romano",
      "countryCode": "IT",
      "stateCode": "62",
      "latitude": "42.25693000",
      "longitude": "12.57047000"
   },
   {
      "name": "Posta",
      "countryCode": "IT",
      "stateCode": "62",
      "latitude": "42.52562000",
      "longitude": "13.09723000"
   },
   {
      "name": "Posta Fibreno",
      "countryCode": "IT",
      "stateCode": "62",
      "latitude": "41.69189000",
      "longitude": "13.68013000"
   },
   {
      "name": "Pozzaglia Sabino",
      "countryCode": "IT",
      "stateCode": "62",
      "latitude": "42.15863000",
      "longitude": "12.96428000"
   },
   {
      "name": "Prato di Coppola",
      "countryCode": "IT",
      "stateCode": "62",
      "latitude": "41.41750000",
      "longitude": "12.88157000"
   },
   {
      "name": "Priverno",
      "countryCode": "IT",
      "stateCode": "62",
      "latitude": "41.47047000",
      "longitude": "13.17867000"
   },
   {
      "name": "Proceno",
      "countryCode": "IT",
      "stateCode": "62",
      "latitude": "42.75745000",
      "longitude": "11.82900000"
   },
   {
      "name": "Prossedi",
      "countryCode": "IT",
      "stateCode": "62",
      "latitude": "41.51674000",
      "longitude": "13.26100000"
   },
   {
      "name": "Provincia di Frosinone",
      "countryCode": "IT",
      "stateCode": "62",
      "latitude": "41.61667000",
      "longitude": "13.45000000"
   },
   {
      "name": "Provincia di Latina",
      "countryCode": "IT",
      "stateCode": "62",
      "latitude": "41.45000000",
      "longitude": "13.10000000"
   },
   {
      "name": "Provincia di Rieti",
      "countryCode": "IT",
      "stateCode": "62",
      "latitude": "42.39133000",
      "longitude": "12.95072000"
   },
   {
      "name": "Provincia di Viterbo",
      "countryCode": "IT",
      "stateCode": "62",
      "latitude": "42.41667000",
      "longitude": "12.08333000"
   },
   {
      "name": "Regolelli",
      "countryCode": "IT",
      "stateCode": "62",
      "latitude": "42.29315000",
      "longitude": "12.35131000"
   },
   {
      "name": "Riano",
      "countryCode": "IT",
      "stateCode": "62",
      "latitude": "42.09347000",
      "longitude": "12.51462000"
   },
   {
      "name": "Rieti",
      "countryCode": "IT",
      "stateCode": "62",
      "latitude": "42.40476000",
      "longitude": "12.85735000"
   },
   {
      "name": "Rignano Flaminio",
      "countryCode": "IT",
      "stateCode": "62",
      "latitude": "42.20550000",
      "longitude": "12.48068000"
   },
   {
      "name": "Riofreddo",
      "countryCode": "IT",
      "stateCode": "62",
      "latitude": "42.05875000",
      "longitude": "12.99661000"
   },
   {
      "name": "Ripi",
      "countryCode": "IT",
      "stateCode": "62",
      "latitude": "41.61366000",
      "longitude": "13.42400000"
   },
   {
      "name": "Rivodutri",
      "countryCode": "IT",
      "stateCode": "62",
      "latitude": "42.51684000",
      "longitude": "12.85595000"
   },
   {
      "name": "Rocca Canterano",
      "countryCode": "IT",
      "stateCode": "62",
      "latitude": "41.95652000",
      "longitude": "13.02179000"
   },
   {
      "name": "Rocca Massima",
      "countryCode": "IT",
      "stateCode": "62",
      "latitude": "41.67907000",
      "longitude": "12.92116000"
   },
   {
      "name": "Rocca Priora",
      "countryCode": "IT",
      "stateCode": "62",
      "latitude": "41.76585000",
      "longitude": "12.76577000"
   },
   {
      "name": "Rocca Santo Stefano",
      "countryCode": "IT",
      "stateCode": "62",
      "latitude": "41.91052000",
      "longitude": "13.02379000"
   },
   {
      "name": "Rocca Sinibalda",
      "countryCode": "IT",
      "stateCode": "62",
      "latitude": "42.27215000",
      "longitude": "12.92469000"
   },
   {
      "name": "Rocca d'Arce",
      "countryCode": "IT",
      "stateCode": "62",
      "latitude": "41.58712000",
      "longitude": "13.58511000"
   },
   {
      "name": "Rocca di Cave",
      "countryCode": "IT",
      "stateCode": "62",
      "latitude": "41.84589000",
      "longitude": "12.94509000"
   },
   {
      "name": "Rocca di Papa",
      "countryCode": "IT",
      "stateCode": "62",
      "latitude": "41.76580000",
      "longitude": "12.70188000"
   },
   {
      "name": "Roccagiovine",
      "countryCode": "IT",
      "stateCode": "62",
      "latitude": "42.05069000",
      "longitude": "12.89925000"
   },
   {
      "name": "Roccagorga",
      "countryCode": "IT",
      "stateCode": "62",
      "latitude": "41.52511000",
      "longitude": "13.15510000"
   },
   {
      "name": "Roccantica",
      "countryCode": "IT",
      "stateCode": "62",
      "latitude": "42.32073000",
      "longitude": "12.69398000"
   },
   {
      "name": "Roccasecca",
      "countryCode": "IT",
      "stateCode": "62",
      "latitude": "41.55132000",
      "longitude": "13.66711000"
   },
   {
      "name": "Roccasecca Stazione",
      "countryCode": "IT",
      "stateCode": "62",
      "latitude": "41.53333000",
      "longitude": "13.65000000"
   },
   {
      "name": "Roccasecca dei Volsci",
      "countryCode": "IT",
      "stateCode": "62",
      "latitude": "41.47852000",
      "longitude": "13.21280000"
   },
   {
      "name": "Roiate",
      "countryCode": "IT",
      "stateCode": "62",
      "latitude": "41.87332000",
      "longitude": "13.06627000"
   },
   {
      "name": "Rome",
      "countryCode": "IT",
      "stateCode": "62",
      "latitude": "41.89193000",
      "longitude": "12.51133000"
   },
   {
      "name": "Ronciglione",
      "countryCode": "IT",
      "stateCode": "62",
      "latitude": "42.28899000",
      "longitude": "12.21479000"
   },
   {
      "name": "Roviano",
      "countryCode": "IT",
      "stateCode": "62",
      "latitude": "42.02643000",
      "longitude": "12.99390000"
   },
   {
      "name": "Sabaudia",
      "countryCode": "IT",
      "stateCode": "62",
      "latitude": "41.30025000",
      "longitude": "13.02815000"
   },
   {
      "name": "Sacrofano",
      "countryCode": "IT",
      "stateCode": "62",
      "latitude": "42.10457000",
      "longitude": "12.44781000"
   },
   {
      "name": "Salisano",
      "countryCode": "IT",
      "stateCode": "62",
      "latitude": "42.25947000",
      "longitude": "12.74774000"
   },
   {
      "name": "Sambuci",
      "countryCode": "IT",
      "stateCode": "62",
      "latitude": "41.98536000",
      "longitude": "12.93817000"
   },
   {
      "name": "San Bartolomeo",
      "countryCode": "IT",
      "stateCode": "62",
      "latitude": "41.48265000",
      "longitude": "13.85747000"
   },
   {
      "name": "San Biagio Saracinisco",
      "countryCode": "IT",
      "stateCode": "62",
      "latitude": "41.61322000",
      "longitude": "13.92758000"
   },
   {
      "name": "San Cesareo",
      "countryCode": "IT",
      "stateCode": "62",
      "latitude": "41.82113000",
      "longitude": "12.80447000"
   },
   {
      "name": "San Donato Val di Comino",
      "countryCode": "IT",
      "stateCode": "62",
      "latitude": "41.70726000",
      "longitude": "13.81220000"
   },
   {
      "name": "San Felice Circeo",
      "countryCode": "IT",
      "stateCode": "62",
      "latitude": "41.23716000",
      "longitude": "13.09416000"
   },
   {
      "name": "San Giorgio a Liri",
      "countryCode": "IT",
      "stateCode": "62",
      "latitude": "41.40584000",
      "longitude": "13.75979000"
   },
   {
      "name": "San Giovanni Incarico",
      "countryCode": "IT",
      "stateCode": "62",
      "latitude": "41.50001000",
      "longitude": "13.55864000"
   },
   {
      "name": "San Giovanni-Patoni",
      "countryCode": "IT",
      "stateCode": "62",
      "latitude": "41.77223000",
      "longitude": "13.27510000"
   },
   {
      "name": "San Giuseppe le Prata-Cotropagno",
      "countryCode": "IT",
      "stateCode": "62",
      "latitude": "41.67788000",
      "longitude": "13.39664000"
   },
   {
      "name": "San Gregorio da Sassola",
      "countryCode": "IT",
      "stateCode": "62",
      "latitude": "41.91881000",
      "longitude": "12.87447000"
   },
   {
      "name": "San Lorenzo Nuovo",
      "countryCode": "IT",
      "stateCode": "62",
      "latitude": "42.68626000",
      "longitude": "11.90718000"
   },
   {
      "name": "San Martino al Cimino",
      "countryCode": "IT",
      "stateCode": "62",
      "latitude": "42.36978000",
      "longitude": "12.12515000"
   },
   {
      "name": "San Polo dei Cavalieri",
      "countryCode": "IT",
      "stateCode": "62",
      "latitude": "42.01037000",
      "longitude": "12.83989000"
   },
   {
      "name": "San Vito Romano",
      "countryCode": "IT",
      "stateCode": "62",
      "latitude": "41.88001000",
      "longitude": "12.97793000"
   },
   {
      "name": "San Vittore del Lazio",
      "countryCode": "IT",
      "stateCode": "62",
      "latitude": "41.46212000",
      "longitude": "13.93367000"
   },
   {
      "name": "Sant'Ambrogio sul Garigliano",
      "countryCode": "IT",
      "stateCode": "62",
      "latitude": "41.39423000",
      "longitude": "13.86891000"
   },
   {
      "name": "Sant'Andrea del Garigliano",
      "countryCode": "IT",
      "stateCode": "62",
      "latitude": "41.36868000",
      "longitude": "13.84198000"
   },
   {
      "name": "Sant'Angelo Romano",
      "countryCode": "IT",
      "stateCode": "62",
      "latitude": "42.03570000",
      "longitude": "12.71342000"
   },
   {
      "name": "Sant'Angelo in Villa-Giglio",
      "countryCode": "IT",
      "stateCode": "62",
      "latitude": "41.66217000",
      "longitude": "13.42871000"
   },
   {
      "name": "Sant'Apollinare",
      "countryCode": "IT",
      "stateCode": "62",
      "latitude": "41.40176000",
      "longitude": "13.82992000"
   },
   {
      "name": "Sant'Elia Fiumerapido",
      "countryCode": "IT",
      "stateCode": "62",
      "latitude": "41.53304000",
      "longitude": "13.86268000"
   },
   {
      "name": "Sant'Oreste",
      "countryCode": "IT",
      "stateCode": "62",
      "latitude": "42.23298000",
      "longitude": "12.51507000"
   },
   {
      "name": "Santa Lucia",
      "countryCode": "IT",
      "stateCode": "62",
      "latitude": "41.98240000",
      "longitude": "12.65625000"
   },
   {
      "name": "Santa Marinella",
      "countryCode": "IT",
      "stateCode": "62",
      "latitude": "42.03425000",
      "longitude": "11.85416000"
   },
   {
      "name": "Santa Rufina",
      "countryCode": "IT",
      "stateCode": "62",
      "latitude": "42.40897000",
      "longitude": "12.91843000"
   },
   {
      "name": "Santi Cosma e Damiano",
      "countryCode": "IT",
      "stateCode": "62",
      "latitude": "41.30091000",
      "longitude": "13.81565000"
   },
   {
      "name": "Santopadre",
      "countryCode": "IT",
      "stateCode": "62",
      "latitude": "41.60193000",
      "longitude": "13.63548000"
   },
   {
      "name": "Saracinesco",
      "countryCode": "IT",
      "stateCode": "62",
      "latitude": "42.00332000",
      "longitude": "12.95329000"
   },
   {
      "name": "Sassacci",
      "countryCode": "IT",
      "stateCode": "62",
      "latitude": "42.32342000",
      "longitude": "12.44108000"
   },
   {
      "name": "Scandriglia",
      "countryCode": "IT",
      "stateCode": "62",
      "latitude": "42.16128000",
      "longitude": "12.84096000"
   },
   {
      "name": "Segni",
      "countryCode": "IT",
      "stateCode": "62",
      "latitude": "41.68893000",
      "longitude": "13.01934000"
   },
   {
      "name": "Selcetta",
      "countryCode": "IT",
      "stateCode": "62",
      "latitude": "41.76529000",
      "longitude": "12.47533000"
   },
   {
      "name": "Selci",
      "countryCode": "IT",
      "stateCode": "62",
      "latitude": "42.30293000",
      "longitude": "12.62135000"
   },
   {
      "name": "Sermoneta",
      "countryCode": "IT",
      "stateCode": "62",
      "latitude": "41.54919000",
      "longitude": "12.98481000"
   },
   {
      "name": "Serrone",
      "countryCode": "IT",
      "stateCode": "62",
      "latitude": "41.84212000",
      "longitude": "13.09519000"
   },
   {
      "name": "Settefrati",
      "countryCode": "IT",
      "stateCode": "62",
      "latitude": "41.67045000",
      "longitude": "13.85070000"
   },
   {
      "name": "Setteville",
      "countryCode": "IT",
      "stateCode": "62",
      "latitude": "41.94375000",
      "longitude": "12.65122000"
   },
   {
      "name": "Sezze",
      "countryCode": "IT",
      "stateCode": "62",
      "latitude": "41.50032000",
      "longitude": "13.06176000"
   },
   {
      "name": "Sezze Scalo",
      "countryCode": "IT",
      "stateCode": "62",
      "latitude": "41.49701000",
      "longitude": "13.04257000"
   },
   {
      "name": "Sgurgola",
      "countryCode": "IT",
      "stateCode": "62",
      "latitude": "41.66897000",
      "longitude": "13.15009000"
   },
   {
      "name": "Sonnino",
      "countryCode": "IT",
      "stateCode": "62",
      "latitude": "41.41673000",
      "longitude": "13.24592000"
   },
   {
      "name": "Sora",
      "countryCode": "IT",
      "stateCode": "62",
      "latitude": "41.71829000",
      "longitude": "13.61356000"
   },
   {
      "name": "Soriano nel Cimino",
      "countryCode": "IT",
      "stateCode": "62",
      "latitude": "42.41820000",
      "longitude": "12.23414000"
   },
   {
      "name": "Sperlonga",
      "countryCode": "IT",
      "stateCode": "62",
      "latitude": "41.25897000",
      "longitude": "13.43302000"
   },
   {
      "name": "Spigno Saturnia Inferiore",
      "countryCode": "IT",
      "stateCode": "62",
      "latitude": "41.31146000",
      "longitude": "13.73685000"
   },
   {
      "name": "Spigno Saturnia Superiore",
      "countryCode": "IT",
      "stateCode": "62",
      "latitude": "41.31425000",
      "longitude": "13.70888000"
   },
   {
      "name": "Stimigliano",
      "countryCode": "IT",
      "stateCode": "62",
      "latitude": "42.30103000",
      "longitude": "12.56337000"
   },
   {
      "name": "Strangolagalli",
      "countryCode": "IT",
      "stateCode": "62",
      "latitude": "41.59992000",
      "longitude": "13.49228000"
   },
   {
      "name": "Subiaco",
      "countryCode": "IT",
      "stateCode": "62",
      "latitude": "41.92619000",
      "longitude": "13.08906000"
   },
   {
      "name": "Supino",
      "countryCode": "IT",
      "stateCode": "62",
      "latitude": "41.62135000",
      "longitude": "13.23452000"
   },
   {
      "name": "Sutri",
      "countryCode": "IT",
      "stateCode": "62",
      "latitude": "42.24596000",
      "longitude": "12.21715000"
   },
   {
      "name": "Tarano",
      "countryCode": "IT",
      "stateCode": "62",
      "latitude": "42.35593000",
      "longitude": "12.59497000"
   },
   {
      "name": "Tarquinia",
      "countryCode": "IT",
      "stateCode": "62",
      "latitude": "42.25419000",
      "longitude": "11.75657000"
   },
   {
      "name": "Tecchiena",
      "countryCode": "IT",
      "stateCode": "62",
      "latitude": "41.68822000",
      "longitude": "13.34538000"
   },
   {
      "name": "Terelle",
      "countryCode": "IT",
      "stateCode": "62",
      "latitude": "41.55212000",
      "longitude": "13.77841000"
   },
   {
      "name": "Terracina",
      "countryCode": "IT",
      "stateCode": "62",
      "latitude": "41.29174000",
      "longitude": "13.24359000"
   },
   {
      "name": "Tessennano",
      "countryCode": "IT",
      "stateCode": "62",
      "latitude": "42.47803000",
      "longitude": "11.79101000"
   },
   {
      "name": "Tivoli",
      "countryCode": "IT",
      "stateCode": "62",
      "latitude": "41.95952000",
      "longitude": "12.80160000"
   },
   {
      "name": "Toffia",
      "countryCode": "IT",
      "stateCode": "62",
      "latitude": "42.21300000",
      "longitude": "12.75500000"
   },
   {
      "name": "Tolfa",
      "countryCode": "IT",
      "stateCode": "62",
      "latitude": "42.15023000",
      "longitude": "11.93216000"
   },
   {
      "name": "Tor Lupara",
      "countryCode": "IT",
      "stateCode": "62",
      "latitude": "41.99771000",
      "longitude": "12.61814000"
   },
   {
      "name": "Torre Caietani",
      "countryCode": "IT",
      "stateCode": "62",
      "latitude": "41.78672000",
      "longitude": "13.26520000"
   },
   {
      "name": "Torri in Sabina",
      "countryCode": "IT",
      "stateCode": "62",
      "latitude": "42.35057000",
      "longitude": "12.64157000"
   },
   {
      "name": "Torrice",
      "countryCode": "IT",
      "stateCode": "62",
      "latitude": "41.63374000",
      "longitude": "13.40375000"
   },
   {
      "name": "Torricella in Sabina",
      "countryCode": "IT",
      "stateCode": "62",
      "latitude": "42.26252000",
      "longitude": "12.87170000"
   },
   {
      "name": "Torrita Tiberina",
      "countryCode": "IT",
      "stateCode": "62",
      "latitude": "42.23821000",
      "longitude": "12.61633000"
   },
   {
      "name": "Torvaianica",
      "countryCode": "IT",
      "stateCode": "62",
      "latitude": "41.62112000",
      "longitude": "12.46197000"
   },
   {
      "name": "Torvaianica Alta",
      "countryCode": "IT",
      "stateCode": "62",
      "latitude": "41.63162000",
      "longitude": "12.49765000"
   },
   {
      "name": "Tragliatella Campitello",
      "countryCode": "IT",
      "stateCode": "62",
      "latitude": "42.01334000",
      "longitude": "12.25200000"
   },
   {
      "name": "Trevi nel Lazio",
      "countryCode": "IT",
      "stateCode": "62",
      "latitude": "41.86258000",
      "longitude": "13.24793000"
   },
   {
      "name": "Trevignano Romano",
      "countryCode": "IT",
      "stateCode": "62",
      "latitude": "42.16020000",
      "longitude": "12.23775000"
   },
   {
      "name": "Trivigliano",
      "countryCode": "IT",
      "stateCode": "62",
      "latitude": "41.77572000",
      "longitude": "13.27230000"
   },
   {
      "name": "Turania",
      "countryCode": "IT",
      "stateCode": "62",
      "latitude": "42.13517000",
      "longitude": "13.00983000"
   },
   {
      "name": "Tuscania",
      "countryCode": "IT",
      "stateCode": "62",
      "latitude": "42.41889000",
      "longitude": "11.86846000"
   },
   {
      "name": "Vacone",
      "countryCode": "IT",
      "stateCode": "62",
      "latitude": "42.38100000",
      "longitude": "12.64504000"
   },
   {
      "name": "Valcanneto",
      "countryCode": "IT",
      "stateCode": "62",
      "latitude": "41.95078000",
      "longitude": "12.15734000"
   },
   {
      "name": "Valentano",
      "countryCode": "IT",
      "stateCode": "62",
      "latitude": "42.56377000",
      "longitude": "11.82748000"
   },
   {
      "name": "Valle Martella",
      "countryCode": "IT",
      "stateCode": "62",
      "latitude": "41.87827000",
      "longitude": "12.74677000"
   },
   {
      "name": "Valle Santa",
      "countryCode": "IT",
      "stateCode": "62",
      "latitude": "41.94532000",
      "longitude": "12.31971000"
   },
   {
      "name": "Vallecorsa",
      "countryCode": "IT",
      "stateCode": "62",
      "latitude": "41.44351000",
      "longitude": "13.40634000"
   },
   {
      "name": "Vallemaio",
      "countryCode": "IT",
      "stateCode": "62",
      "latitude": "41.36628000",
      "longitude": "13.80839000"
   },
   {
      "name": "Vallepietra",
      "countryCode": "IT",
      "stateCode": "62",
      "latitude": "41.92552000",
      "longitude": "13.23127000"
   },
   {
      "name": "Vallerano",
      "countryCode": "IT",
      "stateCode": "62",
      "latitude": "42.38331000",
      "longitude": "12.26144000"
   },
   {
      "name": "Vallerotonda",
      "countryCode": "IT",
      "stateCode": "62",
      "latitude": "41.55135000",
      "longitude": "13.91372000"
   },
   {
      "name": "Vallinfreda",
      "countryCode": "IT",
      "stateCode": "62",
      "latitude": "42.08485000",
      "longitude": "12.99595000"
   },
   {
      "name": "Valmontone",
      "countryCode": "IT",
      "stateCode": "62",
      "latitude": "41.77323000",
      "longitude": "12.91856000"
   },
   {
      "name": "Varco Sabino",
      "countryCode": "IT",
      "stateCode": "62",
      "latitude": "42.24016000",
      "longitude": "13.02052000"
   },
   {
      "name": "Vasanello",
      "countryCode": "IT",
      "stateCode": "62",
      "latitude": "42.41507000",
      "longitude": "12.34767000"
   },
   {
      "name": "Vejano",
      "countryCode": "IT",
      "stateCode": "62",
      "latitude": "42.21905000",
      "longitude": "12.09398000"
   },
   {
      "name": "Velletri",
      "countryCode": "IT",
      "stateCode": "62",
      "latitude": "41.68573000",
      "longitude": "12.77753000"
   },
   {
      "name": "Ventotene",
      "countryCode": "IT",
      "stateCode": "62",
      "latitude": "40.79404000",
      "longitude": "13.42777000"
   },
   {
      "name": "Veroli",
      "countryCode": "IT",
      "stateCode": "62",
      "latitude": "41.69433000",
      "longitude": "13.41664000"
   },
   {
      "name": "Vetralla",
      "countryCode": "IT",
      "stateCode": "62",
      "latitude": "42.31787000",
      "longitude": "12.07323000"
   },
   {
      "name": "Vicalvi",
      "countryCode": "IT",
      "stateCode": "62",
      "latitude": "41.67809000",
      "longitude": "13.70813000"
   },
   {
      "name": "Vico nel Lazio",
      "countryCode": "IT",
      "stateCode": "62",
      "latitude": "41.77822000",
      "longitude": "13.34279000"
   },
   {
      "name": "Vicovaro",
      "countryCode": "IT",
      "stateCode": "62",
      "latitude": "42.01924000",
      "longitude": "12.90001000"
   },
   {
      "name": "Vignanello",
      "countryCode": "IT",
      "stateCode": "62",
      "latitude": "42.37879000",
      "longitude": "12.27845000"
   },
   {
      "name": "Villa Adriana",
      "countryCode": "IT",
      "stateCode": "62",
      "latitude": "41.95499000",
      "longitude": "12.77216000"
   },
   {
      "name": "Villa Latina",
      "countryCode": "IT",
      "stateCode": "62",
      "latitude": "41.61522000",
      "longitude": "13.83591000"
   },
   {
      "name": "Villa San Giovanni in Tuscia",
      "countryCode": "IT",
      "stateCode": "62",
      "latitude": "42.27882000",
      "longitude": "12.05346000"
   },
   {
      "name": "Villa Santa Lucia",
      "countryCode": "IT",
      "stateCode": "62",
      "latitude": "41.51217000",
      "longitude": "13.76929000"
   },
   {
      "name": "Villa Santo Stefano",
      "countryCode": "IT",
      "stateCode": "62",
      "latitude": "41.51683000",
      "longitude": "13.31046000"
   },
   {
      "name": "Villalba",
      "countryCode": "IT",
      "stateCode": "62",
      "latitude": "41.95387000",
      "longitude": "12.72938000"
   },
   {
      "name": "Villanova",
      "countryCode": "IT",
      "stateCode": "62",
      "latitude": "41.96357000",
      "longitude": "12.75633000"
   },
   {
      "name": "Viterbo",
      "countryCode": "IT",
      "stateCode": "62",
      "latitude": "42.41937000",
      "longitude": "12.10560000"
   },
   {
      "name": "Viticuso",
      "countryCode": "IT",
      "stateCode": "62",
      "latitude": "41.52475000",
      "longitude": "13.97027000"
   },
   {
      "name": "Vitinia",
      "countryCode": "IT",
      "stateCode": "62",
      "latitude": "41.79124000",
      "longitude": "12.40810000"
   },
   {
      "name": "Vitorchiano",
      "countryCode": "IT",
      "stateCode": "62",
      "latitude": "42.46565000",
      "longitude": "12.17151000"
   },
   {
      "name": "Vivaro Romano",
      "countryCode": "IT",
      "stateCode": "62",
      "latitude": "42.10095000",
      "longitude": "13.00589000"
   },
   {
      "name": "Zagarolo",
      "countryCode": "IT",
      "stateCode": "62",
      "latitude": "41.84159000",
      "longitude": "12.81540000"
   },
   {
      "name": "Zepponami",
      "countryCode": "IT",
      "stateCode": "62",
      "latitude": "42.52518000",
      "longitude": "12.05411000"
   }
]