[
   {
      "name": "Aborlan",
      "countryCode": "PH",
      "stateCode": "MDR"
   },
   {
      "name": "Abra de Ilog",
      "countryCode": "PH",
      "stateCode": "MDR"
   },
   {
      "name": "Adela",
      "countryCode": "PH",
      "stateCode": "MDR"
   },
   {
      "name": "Agcogon",
      "countryCode": "PH",
      "stateCode": "MDR"
   },
   {
      "name": "Agutaya",
      "countryCode": "PH",
      "stateCode": "MDR"
   },
   {
      "name": "Alad",
      "countryCode": "PH",
      "stateCode": "MDR"
   },
   {
      "name": "Alcantara",
      "countryCode": "PH",
      "stateCode": "MDR"
   },
   {
      "name": "Alemanguan",
      "countryCode": "PH",
      "stateCode": "MDR"
   },
   {
      "name": "Algeciras",
      "countryCode": "PH",
      "stateCode": "MDR"
   },
   {
      "name": "Alibug",
      "countryCode": "PH",
      "stateCode": "MDR"
   },
   {
      "name": "Anilao",
      "countryCode": "PH",
      "stateCode": "MDR"
   },
   {
      "name": "Apitong",
      "countryCode": "PH",
      "stateCode": "MDR"
   },
   {
      "name": "Apurawan",
      "countryCode": "PH",
      "stateCode": "MDR"
   },
   {
      "name": "Araceli",
      "countryCode": "PH",
      "stateCode": "MDR"
   },
   {
      "name": "Aramawayan",
      "countryCode": "PH",
      "stateCode": "MDR"
   },
   {
      "name": "Aramayuan",
      "countryCode": "PH",
      "stateCode": "MDR"
   },
   {
      "name": "Aurora",
      "countryCode": "PH",
      "stateCode": "MDR"
   },
   {
      "name": "Babug",
      "countryCode": "PH",
      "stateCode": "MDR"
   },
   {
      "name": "Baco",
      "countryCode": "PH",
      "stateCode": "MDR"
   },
   {
      "name": "Bacungan",
      "countryCode": "PH",
      "stateCode": "MDR"
   },
   {
      "name": "Bagong Sikat",
      "countryCode": "PH",
      "stateCode": "MDR"
   },
   {
      "name": "Baheli",
      "countryCode": "PH",
      "stateCode": "MDR"
   },
   {
      "name": "Balabac",
      "countryCode": "PH",
      "stateCode": "MDR"
   },
   {
      "name": "Balanacan",
      "countryCode": "PH",
      "stateCode": "MDR"
   },
   {
      "name": "Balatero",
      "countryCode": "PH",
      "stateCode": "MDR"
   },
   {
      "name": "Balugo",
      "countryCode": "PH",
      "stateCode": "MDR"
   },
   {
      "name": "Banos",
      "countryCode": "PH",
      "stateCode": "MDR"
   },
   {
      "name": "Bansud",
      "countryCode": "PH",
      "stateCode": "MDR"
   },
   {
      "name": "Barahan",
      "countryCode": "PH",
      "stateCode": "MDR"
   },
   {
      "name": "Barong Barong",
      "countryCode": "PH",
      "stateCode": "MDR"
   },
   {
      "name": "Batarasa",
      "countryCode": "PH",
      "stateCode": "MDR"
   },
   {
      "name": "Batasan",
      "countryCode": "PH",
      "stateCode": "MDR"
   },
   {
      "name": "Bato",
      "countryCode": "PH",
      "stateCode": "MDR"
   },
   {
      "name": "Bayuin",
      "countryCode": "PH",
      "stateCode": "MDR"
   },
   {
      "name": "Bintacay",
      "countryCode": "PH",
      "stateCode": "MDR"
   },
   {
      "name": "Boac",
      "countryCode": "PH",
      "stateCode": "MDR"
   },
   {
      "name": "Buenavista",
      "countryCode": "PH",
      "stateCode": "MDR"
   },
   {
      "name": "Bulalacao",
      "countryCode": "PH",
      "stateCode": "MDR"
   },
   {
      "name": "Buluang",
      "countryCode": "PH",
      "stateCode": "MDR"
   },
   {
      "name": "Bunog",
      "countryCode": "PH",
      "stateCode": "MDR"
   },
   {
      "name": "Burirao",
      "countryCode": "PH",
      "stateCode": "MDR"
   },
   {
      "name": "Buyabod",
      "countryCode": "PH",
      "stateCode": "MDR"
   },
   {
      "name": "Cabacao",
      "countryCode": "PH",
      "stateCode": "MDR"
   },
   {
      "name": "Cabra",
      "countryCode": "PH",
      "stateCode": "MDR"
   },
   {
      "name": "Cagayan",
      "countryCode": "PH",
      "stateCode": "MDR"
   },
   {
      "name": "Cagayancillo",
      "countryCode": "PH",
      "stateCode": "MDR"
   },
   {
      "name": "Caigangan",
      "countryCode": "PH",
      "stateCode": "MDR"
   },
   {
      "name": "Cajidiocan",
      "countryCode": "PH",
      "stateCode": "MDR"
   },
   {
      "name": "Cajimos",
      "countryCode": "PH",
      "stateCode": "MDR"
   },
   {
      "name": "Calamundingan",
      "countryCode": "PH",
      "stateCode": "MDR"
   },
   {
      "name": "Calapan",
      "countryCode": "PH",
      "stateCode": "MDR"
   },
   {
      "name": "Calatrava",
      "countryCode": "PH",
      "stateCode": "MDR"
   },
   {
      "name": "Calatugas",
      "countryCode": "PH",
      "stateCode": "MDR"
   },
   {
      "name": "Calauag",
      "countryCode": "PH",
      "stateCode": "MDR"
   },
   {
      "name": "Calintaan",
      "countryCode": "PH",
      "stateCode": "MDR"
   },
   {
      "name": "Caminauit",
      "countryCode": "PH",
      "stateCode": "MDR"
   },
   {
      "name": "Cantel",
      "countryCode": "PH",
      "stateCode": "MDR"
   },
   {
      "name": "Canubing No 2",
      "countryCode": "PH",
      "stateCode": "MDR"
   },
   {
      "name": "Caramay",
      "countryCode": "PH",
      "stateCode": "MDR"
   },
   {
      "name": "Carmen",
      "countryCode": "PH",
      "stateCode": "MDR"
   },
   {
      "name": "Caruray",
      "countryCode": "PH",
      "stateCode": "MDR"
   },
   {
      "name": "Casian",
      "countryCode": "PH",
      "stateCode": "MDR"
   },
   {
      "name": "Cawayan",
      "countryCode": "PH",
      "stateCode": "MDR"
   },
   {
      "name": "Concepcion",
      "countryCode": "PH",
      "stateCode": "MDR"
   },
   {
      "name": "Conduaga",
      "countryCode": "PH",
      "stateCode": "MDR"
   },
   {
      "name": "Corcuera",
      "countryCode": "PH",
      "stateCode": "MDR"
   },
   {
      "name": "Coron",
      "countryCode": "PH",
      "stateCode": "MDR"
   },
   {
      "name": "Cuyo",
      "countryCode": "PH",
      "stateCode": "MDR"
   },
   {
      "name": "Dapawan",
      "countryCode": "PH",
      "stateCode": "MDR"
   },
   {
      "name": "Daykitin",
      "countryCode": "PH",
      "stateCode": "MDR"
   },
   {
      "name": "Dobdoban",
      "countryCode": "PH",
      "stateCode": "MDR"
   },
   {
      "name": "Dulangan",
      "countryCode": "PH",
      "stateCode": "MDR"
   },
   {
      "name": "Dumaran",
      "countryCode": "PH",
      "stateCode": "MDR"
   },
   {
      "name": "El Nido",
      "countryCode": "PH",
      "stateCode": "MDR"
   },
   {
      "name": "Eraan",
      "countryCode": "PH",
      "stateCode": "MDR"
   },
   {
      "name": "España",
      "countryCode": "PH",
      "stateCode": "MDR"
   },
   {
      "name": "Estrella",
      "countryCode": "PH",
      "stateCode": "MDR"
   },
   {
      "name": "Evangelista",
      "countryCode": "PH",
      "stateCode": "MDR"
   },
   {
      "name": "Ferrol",
      "countryCode": "PH",
      "stateCode": "MDR"
   },
   {
      "name": "Gabawan",
      "countryCode": "PH",
      "stateCode": "MDR"
   },
   {
      "name": "Gasan",
      "countryCode": "PH",
      "stateCode": "MDR"
   },
   {
      "name": "Gloria",
      "countryCode": "PH",
      "stateCode": "MDR"
   },
   {
      "name": "Guinlo",
      "countryCode": "PH",
      "stateCode": "MDR"
   },
   {
      "name": "Harrison",
      "countryCode": "PH",
      "stateCode": "MDR"
   },
   {
      "name": "Ipil",
      "countryCode": "PH",
      "stateCode": "MDR"
   },
   {
      "name": "Ipilan",
      "countryCode": "PH",
      "stateCode": "MDR"
   },
   {
      "name": "Irahuan",
      "countryCode": "PH",
      "stateCode": "MDR"
   },
   {
      "name": "Iraray",
      "countryCode": "PH",
      "stateCode": "MDR"
   },
   {
      "name": "Irirum",
      "countryCode": "PH",
      "stateCode": "MDR"
   },
   {
      "name": "Isugod",
      "countryCode": "PH",
      "stateCode": "MDR"
   },
   {
      "name": "La Curva",
      "countryCode": "PH",
      "stateCode": "MDR"
   },
   {
      "name": "Labasan",
      "countryCode": "PH",
      "stateCode": "MDR"
   },
   {
      "name": "Labog",
      "countryCode": "PH",
      "stateCode": "MDR"
   },
   {
      "name": "Lanas",
      "countryCode": "PH",
      "stateCode": "MDR"
   },
   {
      "name": "Laylay",
      "countryCode": "PH",
      "stateCode": "MDR"
   },
   {
      "name": "Leuteboro",
      "countryCode": "PH",
      "stateCode": "MDR"
   },
   {
      "name": "Libas",
      "countryCode": "PH",
      "stateCode": "MDR"
   },
   {
      "name": "Libertad",
      "countryCode": "PH",
      "stateCode": "MDR"
   },
   {
      "name": "Ligaya",
      "countryCode": "PH",
      "stateCode": "MDR"
   },
   {
      "name": "Limanancong",
      "countryCode": "PH",
      "stateCode": "MDR"
   },
   {
      "name": "Limon",
      "countryCode": "PH",
      "stateCode": "MDR"
   },
   {
      "name": "Looc",
      "countryCode": "PH",
      "stateCode": "MDR"
   },
   {
      "name": "Lubang",
      "countryCode": "PH",
      "stateCode": "MDR"
   },
   {
      "name": "Lumangbayan",
      "countryCode": "PH",
      "stateCode": "MDR"
   },
   {
      "name": "Magbay",
      "countryCode": "PH",
      "stateCode": "MDR"
   },
   {
      "name": "Magdiwang",
      "countryCode": "PH",
      "stateCode": "MDR"
   },
   {
      "name": "Magsaysay",
      "countryCode": "PH",
      "stateCode": "MDR"
   },
   {
      "name": "Mainit",
      "countryCode": "PH",
      "stateCode": "MDR"
   },
   {
      "name": "Malamig",
      "countryCode": "PH",
      "stateCode": "MDR"
   },
   {
      "name": "Malibago",
      "countryCode": "PH",
      "stateCode": "MDR"
   },
   {
      "name": "Maliig",
      "countryCode": "PH",
      "stateCode": "MDR"
   },
   {
      "name": "Malitbog",
      "countryCode": "PH",
      "stateCode": "MDR"
   },
   {
      "name": "Maluanluan",
      "countryCode": "PH",
      "stateCode": "MDR"
   },
   {
      "name": "Mamburao",
      "countryCode": "PH",
      "stateCode": "MDR"
   },
   {
      "name": "Manaul",
      "countryCode": "PH",
      "stateCode": "MDR"
   },
   {
      "name": "Mangarine",
      "countryCode": "PH",
      "stateCode": "MDR"
   },
   {
      "name": "Mansalay",
      "countryCode": "PH",
      "stateCode": "MDR"
   },
   {
      "name": "Masaguisi",
      "countryCode": "PH",
      "stateCode": "MDR"
   },
   {
      "name": "Masiga",
      "countryCode": "PH",
      "stateCode": "MDR"
   },
   {
      "name": "Mauhao",
      "countryCode": "PH",
      "stateCode": "MDR"
   },
   {
      "name": "Mogpog",
      "countryCode": "PH",
      "stateCode": "MDR"
   },
   {
      "name": "Nagiba",
      "countryCode": "PH",
      "stateCode": "MDR"
   },
   {
      "name": "Narra",
      "countryCode": "PH",
      "stateCode": "MDR"
   },
   {
      "name": "Naujan",
      "countryCode": "PH",
      "stateCode": "MDR"
   },
   {
      "name": "New Agutaya",
      "countryCode": "PH",
      "stateCode": "MDR"
   },
   {
      "name": "Odala",
      "countryCode": "PH",
      "stateCode": "MDR"
   },
   {
      "name": "Odiong",
      "countryCode": "PH",
      "stateCode": "MDR"
   },
   {
      "name": "Odiongan",
      "countryCode": "PH",
      "stateCode": "MDR"
   },
   {
      "name": "Osmeña",
      "countryCode": "PH",
      "stateCode": "MDR"
   },
   {
      "name": "Paclolo",
      "countryCode": "PH",
      "stateCode": "MDR"
   },
   {
      "name": "Paluan",
      "countryCode": "PH",
      "stateCode": "MDR"
   },
   {
      "name": "Pambisan",
      "countryCode": "PH",
      "stateCode": "MDR"
   },
   {
      "name": "Panacan",
      "countryCode": "PH",
      "stateCode": "MDR"
   },
   {
      "name": "Panalingaan",
      "countryCode": "PH",
      "stateCode": "MDR"
   },
   {
      "name": "Pancol",
      "countryCode": "PH",
      "stateCode": "MDR"
   },
   {
      "name": "Pangulayan",
      "countryCode": "PH",
      "stateCode": "MDR"
   },
   {
      "name": "Panique",
      "countryCode": "PH",
      "stateCode": "MDR"
   },
   {
      "name": "Panitian",
      "countryCode": "PH",
      "stateCode": "MDR"
   },
   {
      "name": "Panlaitan",
      "countryCode": "PH",
      "stateCode": "MDR"
   },
   {
      "name": "Pato-o",
      "countryCode": "PH",
      "stateCode": "MDR"
   },
   {
      "name": "Pañgobilian",
      "countryCode": "PH",
      "stateCode": "MDR"
   },
   {
      "name": "Pili",
      "countryCode": "PH",
      "stateCode": "MDR"
   },
   {
      "name": "Pinagsabangan",
      "countryCode": "PH",
      "stateCode": "MDR"
   },
   {
      "name": "Pinamalayan",
      "countryCode": "PH",
      "stateCode": "MDR"
   },
   {
      "name": "Pitogo",
      "countryCode": "PH",
      "stateCode": "MDR"
   },
   {
      "name": "Plaridel",
      "countryCode": "PH",
      "stateCode": "MDR"
   },
   {
      "name": "Pola",
      "countryCode": "PH",
      "stateCode": "MDR"
   },
   {
      "name": "Port Barton",
      "countryCode": "PH",
      "stateCode": "MDR"
   },
   {
      "name": "Province of Marinduque",
      "countryCode": "PH",
      "stateCode": "MDR"
   },
   {
      "name": "Province of Mindoro Occidental",
      "countryCode": "PH",
      "stateCode": "MDR"
   },
   {
      "name": "Province of Mindoro Oriental",
      "countryCode": "PH",
      "stateCode": "MDR"
   },
   {
      "name": "Province of Palawan",
      "countryCode": "PH",
      "stateCode": "MDR"
   },
   {
      "name": "Province of Romblon",
      "countryCode": "PH",
      "stateCode": "MDR"
   },
   {
      "name": "Puerto Galera",
      "countryCode": "PH",
      "stateCode": "MDR"
   },
   {
      "name": "Puerto Princesa",
      "countryCode": "PH",
      "stateCode": "MDR"
   },
   {
      "name": "Punang",
      "countryCode": "PH",
      "stateCode": "MDR"
   },
   {
      "name": "Punta",
      "countryCode": "PH",
      "stateCode": "MDR"
   },
   {
      "name": "Quezon",
      "countryCode": "PH",
      "stateCode": "MDR"
   },
   {
      "name": "Quinabigan",
      "countryCode": "PH",
      "stateCode": "MDR"
   },
   {
      "name": "Ransang",
      "countryCode": "PH",
      "stateCode": "MDR"
   },
   {
      "name": "Rio Tuba",
      "countryCode": "PH",
      "stateCode": "MDR"
   },
   {
      "name": "Rizal",
      "countryCode": "PH",
      "stateCode": "MDR"
   },
   {
      "name": "Romblon",
      "countryCode": "PH",
      "stateCode": "MDR"
   },
   {
      "name": "Roxas",
      "countryCode": "PH",
      "stateCode": "MDR"
   },
   {
      "name": "Saaban",
      "countryCode": "PH",
      "stateCode": "MDR"
   },
   {
      "name": "Sabang",
      "countryCode": "PH",
      "stateCode": "MDR"
   },
   {
      "name": "Sablayan",
      "countryCode": "PH",
      "stateCode": "MDR"
   },
   {
      "name": "Sagana",
      "countryCode": "PH",
      "stateCode": "MDR"
   },
   {
      "name": "Salcedo",
      "countryCode": "PH",
      "stateCode": "MDR"
   },
   {
      "name": "Salvacion",
      "countryCode": "PH",
      "stateCode": "MDR"
   },
   {
      "name": "San Agustin",
      "countryCode": "PH",
      "stateCode": "MDR"
   },
   {
      "name": "San Aquilino",
      "countryCode": "PH",
      "stateCode": "MDR"
   },
   {
      "name": "San Fernando",
      "countryCode": "PH",
      "stateCode": "MDR"
   },
   {
      "name": "San Jose",
      "countryCode": "PH",
      "stateCode": "MDR"
   },
   {
      "name": "San Mariano",
      "countryCode": "PH",
      "stateCode": "MDR"
   },
   {
      "name": "San Miguel",
      "countryCode": "PH",
      "stateCode": "MDR"
   },
   {
      "name": "San Pedro",
      "countryCode": "PH",
      "stateCode": "MDR"
   },
   {
      "name": "San Teodoro",
      "countryCode": "PH",
      "stateCode": "MDR"
   },
   {
      "name": "San Vicente",
      "countryCode": "PH",
      "stateCode": "MDR"
   },
   {
      "name": "Santa Brigida",
      "countryCode": "PH",
      "stateCode": "MDR"
   },
   {
      "name": "Santa Cruz",
      "countryCode": "PH",
      "stateCode": "MDR"
   },
   {
      "name": "Santa Fe",
      "countryCode": "PH",
      "stateCode": "MDR"
   },
   {
      "name": "Santa Maria",
      "countryCode": "PH",
      "stateCode": "MDR"
   },
   {
      "name": "Santa Teresa",
      "countryCode": "PH",
      "stateCode": "MDR"
   },
   {
      "name": "Saraza",
      "countryCode": "PH",
      "stateCode": "MDR"
   },
   {
      "name": "Socorro",
      "countryCode": "PH",
      "stateCode": "MDR"
   },
   {
      "name": "Sogod",
      "countryCode": "PH",
      "stateCode": "MDR"
   },
   {
      "name": "Suba",
      "countryCode": "PH",
      "stateCode": "MDR"
   },
   {
      "name": "Sumagui",
      "countryCode": "PH",
      "stateCode": "MDR"
   },
   {
      "name": "Tabinay",
      "countryCode": "PH",
      "stateCode": "MDR"
   },
   {
      "name": "Tabon",
      "countryCode": "PH",
      "stateCode": "MDR"
   },
   {
      "name": "Tacligan",
      "countryCode": "PH",
      "stateCode": "MDR"
   },
   {
      "name": "Taclobo",
      "countryCode": "PH",
      "stateCode": "MDR"
   },
   {
      "name": "Tagbak",
      "countryCode": "PH",
      "stateCode": "MDR"
   },
   {
      "name": "Tagbita",
      "countryCode": "PH",
      "stateCode": "MDR"
   },
   {
      "name": "Tagburos",
      "countryCode": "PH",
      "stateCode": "MDR"
   },
   {
      "name": "Tagusao",
      "countryCode": "PH",
      "stateCode": "MDR"
   },
   {
      "name": "Tambong",
      "countryCode": "PH",
      "stateCode": "MDR"
   },
   {
      "name": "Tampayan",
      "countryCode": "PH",
      "stateCode": "MDR"
   },
   {
      "name": "Tangal",
      "countryCode": "PH",
      "stateCode": "MDR"
   },
   {
      "name": "Tarusan",
      "countryCode": "PH",
      "stateCode": "MDR"
   },
   {
      "name": "Tayaman",
      "countryCode": "PH",
      "stateCode": "MDR"
   },
   {
      "name": "Taytay",
      "countryCode": "PH",
      "stateCode": "MDR"
   },
   {
      "name": "Tigui",
      "countryCode": "PH",
      "stateCode": "MDR"
   },
   {
      "name": "Tiguion",
      "countryCode": "PH",
      "stateCode": "MDR"
   },
   {
      "name": "Tiguisan",
      "countryCode": "PH",
      "stateCode": "MDR"
   },
   {
      "name": "Tilik",
      "countryCode": "PH",
      "stateCode": "MDR"
   },
   {
      "name": "Tiniguiban",
      "countryCode": "PH",
      "stateCode": "MDR"
   },
   {
      "name": "Tomingad",
      "countryCode": "PH",
      "stateCode": "MDR"
   },
   {
      "name": "Torrijos",
      "countryCode": "PH",
      "stateCode": "MDR"
   },
   {
      "name": "Tuban",
      "countryCode": "PH",
      "stateCode": "MDR"
   },
   {
      "name": "Tugdan",
      "countryCode": "PH",
      "stateCode": "MDR"
   },
   {
      "name": "Tumarbong",
      "countryCode": "PH",
      "stateCode": "MDR"
   },
   {
      "name": "Victoria",
      "countryCode": "PH",
      "stateCode": "MDR"
   },
   {
      "name": "Vigo",
      "countryCode": "PH",
      "stateCode": "MDR"
   },
   {
      "name": "Wawa",
      "countryCode": "PH",
      "stateCode": "MDR"
   },
   {
      "name": "Yook",
      "countryCode": "PH",
      "stateCode": "MDR"
   }
]