[
   {
      "name": "Achuapa",
      "countryCode": "NI",
      "stateCode": "LE",
      "latitude": "13.05370000",
      "longitude": "-86.59004000"
   },
   {
      "name": "El Jicaral",
      "countryCode": "NI",
      "stateCode": "LE",
      "latitude": "12.72676000",
      "longitude": "-86.38057000"
   },
   {
      "name": "El Sauce",
      "countryCode": "NI",
      "stateCode": "LE",
      "latitude": "12.88687000",
      "longitude": "-86.53903000"
   },
   {
      "name": "La Paz Centro",
      "countryCode": "NI",
      "stateCode": "LE",
      "latitude": "12.34000000",
      "longitude": "-86.67528000"
   },
   {
      "name": "Larreynaga",
      "countryCode": "NI",
      "stateCode": "LE",
      "latitude": "12.67692000",
      "longitude": "-86.57193000"
   },
   {
      "name": "León",
      "countryCode": "NI",
      "stateCode": "LE",
      "latitude": "12.43787000",
      "longitude": "-86.87804000"
   },
   {
      "name": "Nagarote",
      "countryCode": "NI",
      "stateCode": "LE",
      "latitude": "12.26593000",
      "longitude": "-86.56474000"
   },
   {
      "name": "Quezalguaque",
      "countryCode": "NI",
      "stateCode": "LE",
      "latitude": "12.50683000",
      "longitude": "-86.90292000"
   },
   {
      "name": "Santa Rosa del Peñón",
      "countryCode": "NI",
      "stateCode": "LE",
      "latitude": "12.80116000",
      "longitude": "-86.36994000"
   },
   {
      "name": "Telica",
      "countryCode": "NI",
      "stateCode": "LE",
      "latitude": "12.52200000",
      "longitude": "-86.85938000"
   }
]