[
   {
      "name": "Afghanistan",
      "isoCode": "AF"
   },
   {
      "name": "Aland Islands",
      "isoCode": "AX"
   },
   {
      "name": "Albania",
      "isoCode": "AL"
   },
   {
      "name": "Algeria",
      "isoCode": "DZ"
   },
   {
      "name": "American Samoa",
      "isoCode": "AS"
   },
   {
      "name": "Andorra",
      "isoCode": "AD"
   },
   {
      "name": "Angola",
      "isoCode": "AO"
   },
   {
      "name": "Anguilla",
      "isoCode": "AI"
   },
   {
      "name": "Antarctica",
      "isoCode": "AQ"
   },
   {
      "name": "Antigua And Barbuda",
      "isoCode": "AG"
   },
   {
      "name": "Argentina",
      "isoCode": "AR"
   },
   {
      "name": "Armenia",
      "isoCode": "AM"
   },
   {
      "name": "Aruba",
      "isoCode": "AW"
   },
   {
      "name": "Australia",
      "isoCode": "AU"
   },
   {
      "name": "Austria",
      "isoCode": "AT"
   },
   {
      "name": "Azerbaijan",
      "isoCode": "AZ"
   },
   {
      "name": "The Bahamas",
      "isoCode": "BS"
   },
   {
      "name": "Bahrain",
      "isoCode": "BH"
   },
   {
      "name": "Bangladesh",
      "isoCode": "BD"
   },
   {
      "name": "Barbados",
      "isoCode": "BB"
   },
   {
      "name": "Belarus",
      "isoCode": "BY"
   },
   {
      "name": "Belgium",
      "isoCode": "BE"
   },
   {
      "name": "Belize",
      "isoCode": "BZ"
   },
   {
      "name": "Benin",
      "isoCode": "BJ"
   },
   {
      "name": "Bermuda",
      "isoCode": "BM"
   },
   {
      "name": "Bhutan",
      "isoCode": "BT"
   },
   {
      "name": "Bolivia",
      "isoCode": "BO"
   },
   {
      "name": "Bosnia and Herzegovina",
      "isoCode": "BA"
   },
   {
      "name": "Botswana",
      "isoCode": "BW"
   },
   {
      "name": "Bouvet Island",
      "isoCode": "BV"
   },
   {
      "name": "Brazil",
      "isoCode": "BR"
   },
   {
      "name": "British Indian Ocean Territory",
      "isoCode": "IO"
   },
   {
      "name": "Brunei",
      "isoCode": "BN"
   },
   {
      "name": "Bulgaria",
      "isoCode": "BG"
   },
   {
      "name": "Burkina Faso",
      "isoCode": "BF"
   },
   {
      "name": "Burundi",
      "isoCode": "BI"
   },
   {
      "name": "Cambodia",
      "isoCode": "KH"
   },
   {
      "name": "Cameroon",
      "isoCode": "CM"
   },
   {
      "name": "Canada",
      "isoCode": "CA"
   },
   {
      "name": "Cape Verde",
      "isoCode": "CV"
   },
   {
      "name": "Cayman Islands",
      "isoCode": "KY"
   },
   {
      "name": "Central African Republic",
      "isoCode": "CF"
   },
   {
      "name": "Chad",
      "isoCode": "TD"
   },
   {
      "name": "Chile",
      "isoCode": "CL"
   },
   {
      "name": "China",
      "isoCode": "CN"
   },
   {
      "name": "Christmas Island",
      "isoCode": "CX"
   },
   {
      "name": "Cocos (Keeling) Islands",
      "isoCode": "CC"
   },
   {
      "name": "Colombia",
      "isoCode": "CO"
   },
   {
      "name": "Comoros",
      "isoCode": "KM"
   },
   {
      "name": "Congo",
      "isoCode": "CG"
   },
   {
      "name": "Democratic Republic of the Congo",
      "isoCode": "CD"
   },
   {
      "name": "Cook Islands",
      "isoCode": "CK"
   },
   {
      "name": "Costa Rica",
      "isoCode": "CR"
   },
   {
      "name": "Cote D'Ivoire (Ivory Coast)",
      "isoCode": "CI"
   },
   {
      "name": "Croatia",
      "isoCode": "HR"
   },
   {
      "name": "Cuba",
      "isoCode": "CU"
   },
   {
      "name": "Cyprus",
      "isoCode": "CY"
   },
   {
      "name": "Czech Republic",
      "isoCode": "CZ"
   },
   {
      "name": "Denmark",
      "isoCode": "DK"
   },
   {
      "name": "Djibouti",
      "isoCode": "DJ"
   },
   {
      "name": "Dominica",
      "isoCode": "DM"
   },
   {
      "name": "Dominican Republic",
      "isoCode": "DO"
   },
   {
      "name": "East Timor",
      "isoCode": "TL"
   },
   {
      "name": "Ecuador",
      "isoCode": "EC"
   },
   {
      "name": "Egypt",
      "isoCode": "EG"
   },
   {
      "name": "El Salvador",
      "isoCode": "SV"
   },
   {
      "name": "Equatorial Guinea",
      "isoCode": "GQ"
   },
   {
      "name": "Eritrea",
      "isoCode": "ER"
   },
   {
      "name": "Estonia",
      "isoCode": "EE"
   },
   {
      "name": "Ethiopia",
      "isoCode": "ET"
   },
   {
      "name": "Falkland Islands",
      "isoCode": "FK"
   },
   {
      "name": "Faroe Islands",
      "isoCode": "FO"
   },
   {
      "name": "Fiji Islands",
      "isoCode": "FJ"
   },
   {
      "name": "Finland",
      "isoCode": "FI"
   },
   {
      "name": "France",
      "isoCode": "FR"
   },
   {
      "name": "French Guiana",
      "isoCode": "GF"
   },
   {
      "name": "French Polynesia",
      "isoCode": "PF"
   },
   {
      "name": "French Southern Territories",
      "isoCode": "TF"
   },
   {
      "name": "Gabon",
      "isoCode": "GA"
   },
   {
      "name": "The Gambia",
      "isoCode": "GM"
   },
   {
      "name": "Georgia",
      "isoCode": "GE"
   },
   {
      "name": "Germany",
      "isoCode": "DE"
   },
   {
      "name": "Ghana",
      "isoCode": "GH"
   },
   {
      "name": "Gibraltar",
      "isoCode": "GI"
   },
   {
      "name": "Greece",
      "isoCode": "GR"
   },
   {
      "name": "Greenland",
      "isoCode": "GL"
   },
   {
      "name": "Grenada",
      "isoCode": "GD"
   },
   {
      "name": "Guadeloupe",
      "isoCode": "GP"
   },
   {
      "name": "Guam",
      "isoCode": "GU"
   },
   {
      "name": "Guatemala",
      "isoCode": "GT"
   },
   {
      "name": "Guernsey and Alderney",
      "isoCode": "GG"
   },
   {
      "name": "Guinea",
      "isoCode": "GN"
   },
   {
      "name": "Guinea-Bissau",
      "isoCode": "GW"
   },
   {
      "name": "Guyana",
      "isoCode": "GY"
   },
   {
      "name": "Haiti",
      "isoCode": "HT"
   },
   {
      "name": "Heard Island and McDonald Islands",
      "isoCode": "HM"
   },
   {
      "name": "Honduras",
      "isoCode": "HN"
   },
   {
      "name": "Hong Kong S.A.R.",
      "isoCode": "HK"
   },
   {
      "name": "Hungary",
      "isoCode": "HU"
   },
   {
      "name": "Iceland",
      "isoCode": "IS"
   },
   {
      "name": "India",
      "isoCode": "IN"
   },
   {
      "name": "Indonesia",
      "isoCode": "ID"
   },
   {
      "name": "Iran",
      "isoCode": "IR"
   },
   {
      "name": "Iraq",
      "isoCode": "IQ"
   },
   {
      "name": "Ireland",
      "isoCode": "IE"
   },
   {
      "name": "Israel",
      "isoCode": "IL"
   },
   {
      "name": "Italy",
      "isoCode": "IT"
   },
   {
      "name": "Jamaica",
      "isoCode": "JM"
   },
   {
      "name": "Japan",
      "isoCode": "JP"
   },
   {
      "name": "Jersey",
      "isoCode": "JE"
   },
   {
      "name": "Jordan",
      "isoCode": "JO"
   },
   {
      "name": "Kazakhstan",
      "isoCode": "KZ"
   },
   {
      "name": "Kenya",
      "isoCode": "KE"
   },
   {
      "name": "Kiribati",
      "isoCode": "KI"
   },
   {
      "name": "North Korea",
      "isoCode": "KP"
   },
   {
      "name": "South Korea",
      "isoCode": "KR"
   },
   {
      "name": "Kuwait",
      "isoCode": "KW"
   },
   {
      "name": "Kyrgyzstan",
      "isoCode": "KG"
   },
   {
      "name": "Laos",
      "isoCode": "LA"
   },
   {
      "name": "Latvia",
      "isoCode": "LV"
   },
   {
      "name": "Lebanon",
      "isoCode": "LB"
   },
   {
      "name": "Lesotho",
      "isoCode": "LS"
   },
   {
      "name": "Liberia",
      "isoCode": "LR"
   },
   {
      "name": "Libya",
      "isoCode": "LY"
   },
   {
      "name": "Liechtenstein",
      "isoCode": "LI"
   },
   {
      "name": "Lithuania",
      "isoCode": "LT"
   },
   {
      "name": "Luxembourg",
      "isoCode": "LU"
   },
   {
      "name": "Macau S.A.R.",
      "isoCode": "MO"
   },
   {
      "name": "Macedonia",
      "isoCode": "MK"
   },
   {
      "name": "Madagascar",
      "isoCode": "MG"
   },
   {
      "name": "Malawi",
      "isoCode": "MW"
   },
   {
      "name": "Malaysia",
      "isoCode": "MY"
   },
   {
      "name": "Maldives",
      "isoCode": "MV"
   },
   {
      "name": "Mali",
      "isoCode": "ML"
   },
   {
      "name": "Malta",
      "isoCode": "MT"
   },
   {
      "name": "Man (Isle of)",
      "isoCode": "IM"
   },
   {
      "name": "Marshall Islands",
      "isoCode": "MH"
   },
   {
      "name": "Martinique",
      "isoCode": "MQ"
   },
   {
      "name": "Mauritania",
      "isoCode": "MR"
   },
   {
      "name": "Mauritius",
      "isoCode": "MU"
   },
   {
      "name": "Mayotte",
      "isoCode": "YT"
   },
   {
      "name": "Mexico",
      "isoCode": "MX"
   },
   {
      "name": "Micronesia",
      "isoCode": "FM"
   },
   {
      "name": "Moldova",
      "isoCode": "MD"
   },
   {
      "name": "Monaco",
      "isoCode": "MC"
   },
   {
      "name": "Mongolia",
      "isoCode": "MN"
   },
   {
      "name": "Montenegro",
      "isoCode": "ME"
   },
   {
      "name": "Montserrat",
      "isoCode": "MS"
   },
   {
      "name": "Morocco",
      "isoCode": "MA"
   },
   {
      "name": "Mozambique",
      "isoCode": "MZ"
   },
   {
      "name": "Myanmar",
      "isoCode": "MM"
   },
   {
      "name": "Namibia",
      "isoCode": "NA"
   },
   {
      "name": "Nauru",
      "isoCode": "NR"
   },
   {
      "name": "Nepal",
      "isoCode": "NP"
   },
   {
      "name": "Bonaire, Sint Eustatius and Saba",
      "isoCode": "BQ"
   },
   {
      "name": "Netherlands",
      "isoCode": "NL"
   },
   {
      "name": "New Caledonia",
      "isoCode": "NC"
   },
   {
      "name": "New Zealand",
      "isoCode": "NZ"
   },
   {
      "name": "Nicaragua",
      "isoCode": "NI"
   },
   {
      "name": "Niger",
      "isoCode": "NE"
   },
   {
      "name": "Nigeria",
      "isoCode": "NG"
   },
   {
      "name": "Niue",
      "isoCode": "NU"
   },
   {
      "name": "Norfolk Island",
      "isoCode": "NF"
   },
   {
      "name": "Northern Mariana Islands",
      "isoCode": "MP"
   },
   {
      "name": "Norway",
      "isoCode": "NO"
   },
   {
      "name": "Oman",
      "isoCode": "OM"
   },
   {
      "name": "Pakistan",
      "isoCode": "PK"
   },
   {
      "name": "Palau",
      "isoCode": "PW"
   },
   {
      "name": "Palestinian Territory Occupied",
      "isoCode": "PS"
   },
   {
      "name": "Panama",
      "isoCode": "PA"
   },
   {
      "name": "Papua new Guinea",
      "isoCode": "PG"
   },
   {
      "name": "Paraguay",
      "isoCode": "PY"
   },
   {
      "name": "Peru",
      "isoCode": "PE"
   },
   {
      "name": "Philippines",
      "isoCode": "PH"
   },
   {
      "name": "Pitcairn Island",
      "isoCode": "PN"
   },
   {
      "name": "Poland",
      "isoCode": "PL"
   },
   {
      "name": "Portugal",
      "isoCode": "PT"
   },
   {
      "name": "Puerto Rico",
      "isoCode": "PR"
   },
   {
      "name": "Qatar",
      "isoCode": "QA"
   },
   {
      "name": "Reunion",
      "isoCode": "RE"
   },
   {
      "name": "Romania",
      "isoCode": "RO"
   },
   {
      "name": "Russia",
      "isoCode": "RU"
   },
   {
      "name": "Rwanda",
      "isoCode": "RW"
   },
   {
      "name": "Saint Helena",
      "isoCode": "SH"
   },
   {
      "name": "Saint Kitts And Nevis",
      "isoCode": "KN"
   },
   {
      "name": "Saint Lucia",
      "isoCode": "LC"
   },
   {
      "name": "Saint Pierre and Miquelon",
      "isoCode": "PM"
   },
   {
      "name": "Saint Vincent And The Grenadines",
      "isoCode": "VC"
   },
   {
      "name": "Saint-Barthelemy",
      "isoCode": "BL"
   },
   {
      "name": "Saint-Martin (French part)",
      "isoCode": "MF"
   },
   {
      "name": "Samoa",
      "isoCode": "WS"
   },
   {
      "name": "San Marino",
      "isoCode": "SM"
   },
   {
      "name": "Sao Tome and Principe",
      "isoCode": "ST"
   },
   {
      "name": "Saudi Arabia",
      "isoCode": "SA"
   },
   {
      "name": "Senegal",
      "isoCode": "SN"
   },
   {
      "name": "Serbia",
      "isoCode": "RS"
   },
   {
      "name": "Seychelles",
      "isoCode": "SC"
   },
   {
      "name": "Sierra Leone",
      "isoCode": "SL"
   },
   {
      "name": "Singapore",
      "isoCode": "SG"
   },
   {
      "name": "Slovakia",
      "isoCode": "SK"
   },
   {
      "name": "Slovenia",
      "isoCode": "SI"
   },
   {
      "name": "Solomon Islands",
      "isoCode": "SB"
   },
   {
      "name": "Somalia",
      "isoCode": "SO"
   },
   {
      "name": "South Africa",
      "isoCode": "ZA"
   },
   {
      "name": "South Georgia",
      "isoCode": "GS"
   },
   {
      "name": "South Sudan",
      "isoCode": "SS"
   },
   {
      "name": "Spain",
      "isoCode": "ES"
   },
   {
      "name": "Sri Lanka",
      "isoCode": "LK"
   },
   {
      "name": "Sudan",
      "isoCode": "SD"
   },
   {
      "name": "Suriname",
      "isoCode": "SR"
   },
   {
      "name": "Svalbard And Jan Mayen Islands",
      "isoCode": "SJ"
   },
   {
      "name": "Swaziland",
      "isoCode": "SZ"
   },
   {
      "name": "Sweden",
      "isoCode": "SE"
   },
   {
      "name": "Switzerland",
      "isoCode": "CH"
   },
   {
      "name": "Syria",
      "isoCode": "SY"
   },
   {
      "name": "Taiwan",
      "isoCode": "TW"
   },
   {
      "name": "Tajikistan",
      "isoCode": "TJ"
   },
   {
      "name": "Tanzania",
      "isoCode": "TZ"
   },
   {
      "name": "Thailand",
      "isoCode": "TH"
   },
   {
      "name": "Togo",
      "isoCode": "TG"
   },
   {
      "name": "Tokelau",
      "isoCode": "TK"
   },
   {
      "name": "Tonga",
      "isoCode": "TO"
   },
   {
      "name": "Trinidad And Tobago",
      "isoCode": "TT"
   },
   {
      "name": "Tunisia",
      "isoCode": "TN"
   },
   {
      "name": "Turkey",
      "isoCode": "TR"
   },
   {
      "name": "Turkmenistan",
      "isoCode": "TM"
   },
   {
      "name": "Turks And Caicos Islands",
      "isoCode": "TC"
   },
   {
      "name": "Tuvalu",
      "isoCode": "TV"
   },
   {
      "name": "Uganda",
      "isoCode": "UG"
   },
   {
      "name": "Ukraine",
      "isoCode": "UA"
   },
   {
      "name": "United Arab Emirates",
      "isoCode": "AE"
   },
   {
      "name": "United Kingdom",
      "isoCode": "GB"
   },
   {
      "name": "United States",
      "isoCode": "US"
   },
   {
      "name": "United States Minor Outlying Islands",
      "isoCode": "UM"
   },
   {
      "name": "Uruguay",
      "isoCode": "UY"
   },
   {
      "name": "Uzbekistan",
      "isoCode": "UZ"
   },
   {
      "name": "Vanuatu",
      "isoCode": "VU"
   },
   {
      "name": "Vatican City State (Holy See)",
      "isoCode": "VA"
   },
   {
      "name": "Venezuela",
      "isoCode": "VE"
   },
   {
      "name": "Vietnam",
      "isoCode": "VN"
   },
   {
      "name": "Virgin Islands (British)",
      "isoCode": "VG"
   },
   {
      "name": "Virgin Islands (US)",
      "isoCode": "VI"
   },
   {
      "name": "Wallis And Futuna Islands",
      "isoCode": "WF"
   },
   {
      "name": "Western Sahara",
      "isoCode": "EH"
   },
   {
      "name": "Yemen",
      "isoCode": "YE"
   },
   {
      "name": "Zambia",
      "isoCode": "ZM"
   },
   {
      "name": "Zimbabwe",
      "isoCode": "ZW"
   },
   {
      "name": "Kosovo",
      "isoCode": "XK"
   },
   {
      "name": "Curaçao",
      "isoCode": "CW"
   },
   {
      "name": "Sint Maarten (Dutch part)",
      "isoCode": "SX"
   }
]