[
   {
      "name": "Abasolo",
      "countryCode": "MX",
      "stateCode": "COA",
      "latitude": "27.18219000",
      "longitude": "-101.42757000"
   },
   {
      "name": "Agua Nueva",
      "countryCode": "MX",
      "stateCode": "COA",
      "latitude": "25.18934000",
      "longitude": "-101.08840000"
   },
   {
      "name": "Albia",
      "countryCode": "MX",
      "stateCode": "COA",
      "latitude": "25.66537000",
      "longitude": "-103.36253000"
   },
   {
      "name": "Alejo González (Bilbao)",
      "countryCode": "MX",
      "stateCode": "COA",
      "latitude": "25.82194000",
      "longitude": "-103.19472000"
   },
   {
      "name": "Arteaga",
      "countryCode": "MX",
      "stateCode": "COA",
      "latitude": "25.44528000",
      "longitude": "-100.84667000"
   },
   {
      "name": "Boquilla de las Perlas",
      "countryCode": "MX",
      "stateCode": "COA",
      "latitude": "25.32803000",
      "longitude": "-103.28870000"
   },
   {
      "name": "Candela",
      "countryCode": "MX",
      "stateCode": "COA",
      "latitude": "26.83840000",
      "longitude": "-100.66630000"
   },
   {
      "name": "Castaños",
      "countryCode": "MX",
      "stateCode": "COA",
      "latitude": "26.78932000",
      "longitude": "-101.43211000"
   },
   {
      "name": "Chula Vista",
      "countryCode": "MX",
      "stateCode": "COA",
      "latitude": "27.04083000",
      "longitude": "-103.36611000"
   },
   {
      "name": "Ciudad Acuña",
      "countryCode": "MX",
      "stateCode": "COA",
      "latitude": "29.32322000",
      "longitude": "-100.95217000"
   },
   {
      "name": "Ciudad Melchor Múzquiz",
      "countryCode": "MX",
      "stateCode": "COA",
      "latitude": "27.87933000",
      "longitude": "-101.51615000"
   },
   {
      "name": "Cloete",
      "countryCode": "MX",
      "stateCode": "COA",
      "latitude": "27.92097000",
      "longitude": "-101.17576000"
   },
   {
      "name": "Colonia Diana Laura Riojas de Colosio",
      "countryCode": "MX",
      "stateCode": "COA",
      "latitude": "26.97722000",
      "longitude": "-101.48083000"
   },
   {
      "name": "Colonia Venustiano Carranza",
      "countryCode": "MX",
      "stateCode": "COA",
      "latitude": "28.63861000",
      "longitude": "-100.55667000"
   },
   {
      "name": "Compuertas",
      "countryCode": "MX",
      "stateCode": "COA",
      "latitude": "25.74681000",
      "longitude": "-103.30250000"
   },
   {
      "name": "Concordia",
      "countryCode": "MX",
      "stateCode": "COA",
      "latitude": "25.77982000",
      "longitude": "-103.11696000"
   },
   {
      "name": "Coyote",
      "countryCode": "MX",
      "stateCode": "COA",
      "latitude": "25.69510000",
      "longitude": "-103.28420000"
   },
   {
      "name": "Cuatro Ciénegas de Carranza",
      "countryCode": "MX",
      "stateCode": "COA",
      "latitude": "26.98542000",
      "longitude": "-102.06386000"
   },
   {
      "name": "Ejido Venustiano Carranza",
      "countryCode": "MX",
      "stateCode": "COA",
      "latitude": "25.35091000",
      "longitude": "-102.95698000"
   },
   {
      "name": "El Cambio",
      "countryCode": "MX",
      "stateCode": "COA",
      "latitude": "25.64048000",
      "longitude": "-103.32710000"
   },
   {
      "name": "El Consuelo",
      "countryCode": "MX",
      "stateCode": "COA",
      "latitude": "25.57131000",
      "longitude": "-103.27620000"
   },
   {
      "name": "El Cuije",
      "countryCode": "MX",
      "stateCode": "COA",
      "latitude": "25.69670000",
      "longitude": "-103.34107000"
   },
   {
      "name": "El Lequeitio",
      "countryCode": "MX",
      "stateCode": "COA",
      "latitude": "25.84673000",
      "longitude": "-103.27890000"
   },
   {
      "name": "El Nilo",
      "countryCode": "MX",
      "stateCode": "COA",
      "latitude": "25.73363000",
      "longitude": "-102.94297000"
   },
   {
      "name": "El Perú",
      "countryCode": "MX",
      "stateCode": "COA",
      "latitude": "25.60290000",
      "longitude": "-103.34423000"
   },
   {
      "name": "El Porvenir (El Porvenir de Arriba)",
      "countryCode": "MX",
      "stateCode": "COA",
      "latitude": "25.77444000",
      "longitude": "-103.32528000"
   },
   {
      "name": "El Retiro",
      "countryCode": "MX",
      "stateCode": "COA",
      "latitude": "25.82758000",
      "longitude": "-103.13004000"
   },
   {
      "name": "Escuadrón Doscientos Uno",
      "countryCode": "MX",
      "stateCode": "COA",
      "latitude": "25.67433000",
      "longitude": "-103.34829000"
   },
   {
      "name": "Fraccionamiento la Noria",
      "countryCode": "MX",
      "stateCode": "COA",
      "latitude": "25.55722000",
      "longitude": "-103.34361000"
   },
   {
      "name": "Frontera",
      "countryCode": "MX",
      "stateCode": "COA",
      "latitude": "26.92814000",
      "longitude": "-101.45212000"
   },
   {
      "name": "General Cepeda",
      "countryCode": "MX",
      "stateCode": "COA",
      "latitude": "25.37767000",
      "longitude": "-101.47571000"
   },
   {
      "name": "Gilita",
      "countryCode": "MX",
      "stateCode": "COA",
      "latitude": "25.39314000",
      "longitude": "-103.19976000"
   },
   {
      "name": "Granada",
      "countryCode": "MX",
      "stateCode": "COA",
      "latitude": "25.64127000",
      "longitude": "-103.26710000"
   },
   {
      "name": "Guerrero",
      "countryCode": "MX",
      "stateCode": "COA",
      "latitude": "28.30992000",
      "longitude": "-100.38048000"
   },
   {
      "name": "Hidalgo",
      "countryCode": "MX",
      "stateCode": "COA",
      "latitude": "27.78994000",
      "longitude": "-99.87699000"
   },
   {
      "name": "Hormiguero",
      "countryCode": "MX",
      "stateCode": "COA",
      "latitude": "25.68386000",
      "longitude": "-103.34121000"
   },
   {
      "name": "Huachichil",
      "countryCode": "MX",
      "stateCode": "COA",
      "latitude": "25.21114000",
      "longitude": "-100.82570000"
   },
   {
      "name": "Huitrón",
      "countryCode": "MX",
      "stateCode": "COA",
      "latitude": "25.85748000",
      "longitude": "-103.34825000"
   },
   {
      "name": "Hércules",
      "countryCode": "MX",
      "stateCode": "COA",
      "latitude": "28.04306000",
      "longitude": "-103.79111000"
   },
   {
      "name": "Jaboncillo",
      "countryCode": "MX",
      "stateCode": "COA",
      "latitude": "25.74809000",
      "longitude": "-103.26550000"
   },
   {
      "name": "Jiménez",
      "countryCode": "MX",
      "stateCode": "COA",
      "latitude": "29.06975000",
      "longitude": "-100.67895000"
   },
   {
      "name": "La Concha",
      "countryCode": "MX",
      "stateCode": "COA",
      "latitude": "25.63524000",
      "longitude": "-103.38136000"
   },
   {
      "name": "La Cruz",
      "countryCode": "MX",
      "stateCode": "COA",
      "latitude": "26.99339000",
      "longitude": "-101.49580000"
   },
   {
      "name": "La Esmeralda",
      "countryCode": "MX",
      "stateCode": "COA",
      "latitude": "27.28735000",
      "longitude": "-103.66283000"
   },
   {
      "name": "La Esperanza",
      "countryCode": "MX",
      "stateCode": "COA",
      "latitude": "25.56631000",
      "longitude": "-103.28123000"
   },
   {
      "name": "La Fe",
      "countryCode": "MX",
      "stateCode": "COA",
      "latitude": "25.84743000",
      "longitude": "-103.20117000"
   },
   {
      "name": "La Florida",
      "countryCode": "MX",
      "stateCode": "COA",
      "latitude": "25.76811000",
      "longitude": "-103.32424000"
   },
   {
      "name": "La Luz",
      "countryCode": "MX",
      "stateCode": "COA",
      "latitude": "25.72621000",
      "longitude": "-103.24540000"
   },
   {
      "name": "La Palma",
      "countryCode": "MX",
      "stateCode": "COA",
      "latitude": "25.60830000",
      "longitude": "-103.32228000"
   },
   {
      "name": "La Partida",
      "countryCode": "MX",
      "stateCode": "COA",
      "latitude": "25.59181000",
      "longitude": "-103.29994000"
   },
   {
      "name": "La Paz",
      "countryCode": "MX",
      "stateCode": "COA",
      "latitude": "25.59390000",
      "longitude": "-103.35852000"
   },
   {
      "name": "La Perla",
      "countryCode": "MX",
      "stateCode": "COA",
      "latitude": "25.49696000",
      "longitude": "-103.35088000"
   },
   {
      "name": "La Pinta",
      "countryCode": "MX",
      "stateCode": "COA",
      "latitude": "25.90281000",
      "longitude": "-103.26476000"
   },
   {
      "name": "Laguna del Rey (Químicas del Rey)",
      "countryCode": "MX",
      "stateCode": "COA",
      "latitude": "27.03056000",
      "longitude": "-103.36667000"
   },
   {
      "name": "Lamadrid",
      "countryCode": "MX",
      "stateCode": "COA",
      "latitude": "27.05087000",
      "longitude": "-101.79552000"
   },
   {
      "name": "Las Mieleras",
      "countryCode": "MX",
      "stateCode": "COA",
      "latitude": "25.39948000",
      "longitude": "-103.26740000"
   },
   {
      "name": "Los Álamos",
      "countryCode": "MX",
      "stateCode": "COA",
      "latitude": "28.35645000",
      "longitude": "-100.94564000"
   },
   {
      "name": "Luchanas",
      "countryCode": "MX",
      "stateCode": "COA",
      "latitude": "25.79091000",
      "longitude": "-103.19384000"
   },
   {
      "name": "Maravillas",
      "countryCode": "MX",
      "stateCode": "COA",
      "latitude": "25.65872000",
      "longitude": "-103.34079000"
   },
   {
      "name": "Matamoros",
      "countryCode": "MX",
      "stateCode": "COA",
      "latitude": "25.52699000",
      "longitude": "-103.22850000"
   },
   {
      "name": "Mayran",
      "countryCode": "MX",
      "stateCode": "COA",
      "latitude": "25.67296000",
      "longitude": "-102.84288000"
   },
   {
      "name": "Minas de Barroterán",
      "countryCode": "MX",
      "stateCode": "COA",
      "latitude": "27.65144000",
      "longitude": "-101.28212000"
   },
   {
      "name": "Monclova",
      "countryCode": "MX",
      "stateCode": "COA",
      "latitude": "26.90687000",
      "longitude": "-101.42056000"
   },
   {
      "name": "Nadadores",
      "countryCode": "MX",
      "stateCode": "COA",
      "latitude": "27.02819000",
      "longitude": "-101.59420000"
   },
   {
      "name": "Nava",
      "countryCode": "MX",
      "stateCode": "COA",
      "latitude": "28.42071000",
      "longitude": "-100.76565000"
   },
   {
      "name": "Nueva Rosita",
      "countryCode": "MX",
      "stateCode": "COA",
      "latitude": "27.94028000",
      "longitude": "-101.21812000"
   },
   {
      "name": "Nuevo León",
      "countryCode": "MX",
      "stateCode": "COA",
      "latitude": "25.71863000",
      "longitude": "-103.29471000"
   },
   {
      "name": "Ocampo",
      "countryCode": "MX",
      "stateCode": "COA",
      "latitude": "27.31477000",
      "longitude": "-102.39660000"
   },
   {
      "name": "Ocho de Enero",
      "countryCode": "MX",
      "stateCode": "COA",
      "latitude": "26.99733000",
      "longitude": "-101.49598000"
   },
   {
      "name": "Palau",
      "countryCode": "MX",
      "stateCode": "COA",
      "latitude": "27.89232000",
      "longitude": "-101.42319000"
   },
   {
      "name": "Paredón",
      "countryCode": "MX",
      "stateCode": "COA",
      "latitude": "25.94580000",
      "longitude": "-100.93449000"
   },
   {
      "name": "Parras de la Fuente",
      "countryCode": "MX",
      "stateCode": "COA",
      "latitude": "25.44185000",
      "longitude": "-102.17808000"
   },
   {
      "name": "Piedras Negras",
      "countryCode": "MX",
      "stateCode": "COA",
      "latitude": "28.70007000",
      "longitude": "-100.52353000"
   },
   {
      "name": "Primero de Mayo",
      "countryCode": "MX",
      "stateCode": "COA",
      "latitude": "27.23675000",
      "longitude": "-101.22360000"
   },
   {
      "name": "Progreso",
      "countryCode": "MX",
      "stateCode": "COA",
      "latitude": "27.42841000",
      "longitude": "-100.98892000"
   },
   {
      "name": "Purísima",
      "countryCode": "MX",
      "stateCode": "COA",
      "latitude": "25.68038000",
      "longitude": "-103.32218000"
   },
   {
      "name": "Ramos Arizpe",
      "countryCode": "MX",
      "stateCode": "COA",
      "latitude": "25.53928000",
      "longitude": "-100.94742000"
   },
   {
      "name": "Rancho Alegre",
      "countryCode": "MX",
      "stateCode": "COA",
      "latitude": "25.50237000",
      "longitude": "-103.32789000"
   },
   {
      "name": "Río Bravo",
      "countryCode": "MX",
      "stateCode": "COA",
      "latitude": "28.31254000",
      "longitude": "-100.91668000"
   },
   {
      "name": "Sabinas",
      "countryCode": "MX",
      "stateCode": "COA",
      "latitude": "27.85591000",
      "longitude": "-101.11738000"
   },
   {
      "name": "Sacramento",
      "countryCode": "MX",
      "stateCode": "COA",
      "latitude": "27.00264000",
      "longitude": "-101.72463000"
   },
   {
      "name": "Saltillo",
      "countryCode": "MX",
      "stateCode": "COA",
      "latitude": "25.42321000",
      "longitude": "-101.00530000"
   },
   {
      "name": "San Antonio de las Alazanas",
      "countryCode": "MX",
      "stateCode": "COA",
      "latitude": "25.27166000",
      "longitude": "-100.57835000"
   },
   {
      "name": "San Antonio del Coyote",
      "countryCode": "MX",
      "stateCode": "COA",
      "latitude": "25.69444000",
      "longitude": "-103.28556000"
   },
   {
      "name": "San Buenaventura",
      "countryCode": "MX",
      "stateCode": "COA",
      "latitude": "27.06193000",
      "longitude": "-101.54891000"
   },
   {
      "name": "San Carlos",
      "countryCode": "MX",
      "stateCode": "COA",
      "latitude": "29.02844000",
      "longitude": "-100.90217000"
   },
   {
      "name": "San Esteban de Abajo",
      "countryCode": "MX",
      "stateCode": "COA",
      "latitude": "25.70903000",
      "longitude": "-103.00047000"
   },
   {
      "name": "San Francisco de Arriba",
      "countryCode": "MX",
      "stateCode": "COA",
      "latitude": "25.75028000",
      "longitude": "-103.15631000"
   },
   {
      "name": "San Ignacio",
      "countryCode": "MX",
      "stateCode": "COA",
      "latitude": "25.73643000",
      "longitude": "-103.09049000"
   },
   {
      "name": "San José de Aura",
      "countryCode": "MX",
      "stateCode": "COA",
      "latitude": "27.58778000",
      "longitude": "-101.37250000"
   },
   {
      "name": "San Juan de Sabinas",
      "countryCode": "MX",
      "stateCode": "COA",
      "latitude": "27.92942000",
      "longitude": "-101.30495000"
   },
   {
      "name": "San Juan de la Vaquería",
      "countryCode": "MX",
      "stateCode": "COA",
      "latitude": "25.25275000",
      "longitude": "-101.22011000"
   },
   {
      "name": "San Lorenzo",
      "countryCode": "MX",
      "stateCode": "COA",
      "latitude": "25.72272000",
      "longitude": "-103.15350000"
   },
   {
      "name": "San Marcos",
      "countryCode": "MX",
      "stateCode": "COA",
      "latitude": "25.66667000",
      "longitude": "-103.00910000"
   },
   {
      "name": "San Miguel",
      "countryCode": "MX",
      "stateCode": "COA",
      "latitude": "25.69924000",
      "longitude": "-102.95072000"
   },
   {
      "name": "Santa Ana del Pilar",
      "countryCode": "MX",
      "stateCode": "COA",
      "latitude": "25.70938000",
      "longitude": "-103.30840000"
   },
   {
      "name": "Santa Fé",
      "countryCode": "MX",
      "stateCode": "COA",
      "latitude": "25.56665000",
      "longitude": "-103.33200000"
   },
   {
      "name": "Santo Niño Aguanaval",
      "countryCode": "MX",
      "stateCode": "COA",
      "latitude": "25.43118000",
      "longitude": "-103.27909000"
   },
   {
      "name": "Seis de Octubre (Santo Niño)",
      "countryCode": "MX",
      "stateCode": "COA",
      "latitude": "25.76389000",
      "longitude": "-103.23889000"
   },
   {
      "name": "Sierra Mojada",
      "countryCode": "MX",
      "stateCode": "COA",
      "latitude": "27.28861000",
      "longitude": "-103.70124000"
   },
   {
      "name": "Solima",
      "countryCode": "MX",
      "stateCode": "COA",
      "latitude": "25.66249000",
      "longitude": "-103.27560000"
   },
   {
      "name": "Tacubaya",
      "countryCode": "MX",
      "stateCode": "COA",
      "latitude": "25.68361000",
      "longitude": "-103.06861000"
   },
   {
      "name": "Torreón",
      "countryCode": "MX",
      "stateCode": "COA",
      "latitude": "25.54389000",
      "longitude": "-103.41898000"
   },
   {
      "name": "Veinte de Noviembre",
      "countryCode": "MX",
      "stateCode": "COA",
      "latitude": "25.71193000",
      "longitude": "-103.32960000"
   },
   {
      "name": "Veinte de Noviembre (Santa Lucía)",
      "countryCode": "MX",
      "stateCode": "COA",
      "latitude": "25.78923000",
      "longitude": "-103.15127000"
   },
   {
      "name": "Ventana",
      "countryCode": "MX",
      "stateCode": "COA",
      "latitude": "25.32695000",
      "longitude": "-103.47772000"
   },
   {
      "name": "Viesca",
      "countryCode": "MX",
      "stateCode": "COA",
      "latitude": "25.33923000",
      "longitude": "-102.80493000"
   },
   {
      "name": "Villa Las Esperanzas",
      "countryCode": "MX",
      "stateCode": "COA",
      "latitude": "27.74274000",
      "longitude": "-101.35295000"
   },
   {
      "name": "Villa Union",
      "countryCode": "MX",
      "stateCode": "COA",
      "latitude": "28.21667000",
      "longitude": "-100.71667000"
   },
   {
      "name": "Virginias",
      "countryCode": "MX",
      "stateCode": "COA",
      "latitude": "25.80083000",
      "longitude": "-103.27235000"
   },
   {
      "name": "Zaragoza",
      "countryCode": "MX",
      "stateCode": "COA",
      "latitude": "28.49320000",
      "longitude": "-100.92230000"
   }
]