[
   {
      "name": "Aiello del Friuli",
      "countryCode": "IT",
      "stateCode": "36",
      "latitude": "45.87276000",
      "longitude": "13.36038000"
   },
   {
      "name": "Amaro",
      "countryCode": "IT",
      "stateCode": "36",
      "latitude": "46.37367000",
      "longitude": "13.09368000"
   },
   {
      "name": "Ampezzo",
      "countryCode": "IT",
      "stateCode": "36",
      "latitude": "46.41459000",
      "longitude": "12.79634000"
   },
   {
      "name": "Andreis",
      "countryCode": "IT",
      "stateCode": "36",
      "latitude": "46.20146000",
      "longitude": "12.61448000"
   },
   {
      "name": "Anduins",
      "countryCode": "IT",
      "stateCode": "36",
      "latitude": "46.23311000",
      "longitude": "12.95829000"
   },
   {
      "name": "Aquileia",
      "countryCode": "IT",
      "stateCode": "36",
      "latitude": "45.76830000",
      "longitude": "13.36779000"
   },
   {
      "name": "Arba",
      "countryCode": "IT",
      "stateCode": "36",
      "latitude": "46.14611000",
      "longitude": "12.79009000"
   },
   {
      "name": "Arta Terme",
      "countryCode": "IT",
      "stateCode": "36",
      "latitude": "46.48021000",
      "longitude": "13.02040000"
   },
   {
      "name": "Artegna",
      "countryCode": "IT",
      "stateCode": "36",
      "latitude": "46.23929000",
      "longitude": "13.15399000"
   },
   {
      "name": "Arzene",
      "countryCode": "IT",
      "stateCode": "36",
      "latitude": "45.99965000",
      "longitude": "12.85034000"
   },
   {
      "name": "Attimis",
      "countryCode": "IT",
      "stateCode": "36",
      "latitude": "46.19022000",
      "longitude": "13.31127000"
   },
   {
      "name": "Aurisina",
      "countryCode": "IT",
      "stateCode": "36",
      "latitude": "45.74968000",
      "longitude": "13.67345000"
   },
   {
      "name": "Aviano",
      "countryCode": "IT",
      "stateCode": "36",
      "latitude": "46.07056000",
      "longitude": "12.59472000"
   },
   {
      "name": "Aviano-Castello",
      "countryCode": "IT",
      "stateCode": "36",
      "latitude": "46.06759000",
      "longitude": "12.58324000"
   },
   {
      "name": "Azzano Decimo",
      "countryCode": "IT",
      "stateCode": "36",
      "latitude": "45.90937000",
      "longitude": "12.66420000"
   },
   {
      "name": "Bagnaria Arsa",
      "countryCode": "IT",
      "stateCode": "36",
      "latitude": "45.88383000",
      "longitude": "13.28562000"
   },
   {
      "name": "Bagnarola",
      "countryCode": "IT",
      "stateCode": "36",
      "latitude": "45.86690000",
      "longitude": "12.85886000"
   },
   {
      "name": "Barcis",
      "countryCode": "IT",
      "stateCode": "36",
      "latitude": "46.19071000",
      "longitude": "12.56068000"
   },
   {
      "name": "Basaldella",
      "countryCode": "IT",
      "stateCode": "36",
      "latitude": "46.02527000",
      "longitude": "13.21718000"
   },
   {
      "name": "Basiliano",
      "countryCode": "IT",
      "stateCode": "36",
      "latitude": "46.01417000",
      "longitude": "13.07000000"
   },
   {
      "name": "Basiliano-Vissandone",
      "countryCode": "IT",
      "stateCode": "36",
      "latitude": "46.02278000",
      "longitude": "13.09306000"
   },
   {
      "name": "Begliano",
      "countryCode": "IT",
      "stateCode": "36",
      "latitude": "45.81984000",
      "longitude": "13.46586000"
   },
   {
      "name": "Bertiolo",
      "countryCode": "IT",
      "stateCode": "36",
      "latitude": "45.94463000",
      "longitude": "13.05606000"
   },
   {
      "name": "Bicinicco",
      "countryCode": "IT",
      "stateCode": "36",
      "latitude": "45.93211000",
      "longitude": "13.25300000"
   },
   {
      "name": "Bordano",
      "countryCode": "IT",
      "stateCode": "36",
      "latitude": "46.31528000",
      "longitude": "13.10529000"
   },
   {
      "name": "Bressa",
      "countryCode": "IT",
      "stateCode": "36",
      "latitude": "46.03446000",
      "longitude": "13.14724000"
   },
   {
      "name": "Brugnera",
      "countryCode": "IT",
      "stateCode": "36",
      "latitude": "45.89947000",
      "longitude": "12.54178000"
   },
   {
      "name": "Budoia",
      "countryCode": "IT",
      "stateCode": "36",
      "latitude": "46.04453000",
      "longitude": "12.53429000"
   },
   {
      "name": "Buia",
      "countryCode": "IT",
      "stateCode": "36",
      "latitude": "46.21222000",
      "longitude": "13.11691000"
   },
   {
      "name": "Buttrio",
      "countryCode": "IT",
      "stateCode": "36",
      "latitude": "46.01098000",
      "longitude": "13.33354000"
   },
   {
      "name": "Camino al Tagliamento",
      "countryCode": "IT",
      "stateCode": "36",
      "latitude": "45.92767000",
      "longitude": "12.94489000"
   },
   {
      "name": "Campoformido",
      "countryCode": "IT",
      "stateCode": "36",
      "latitude": "46.01952000",
      "longitude": "13.15750000"
   },
   {
      "name": "Campolongo al Torre",
      "countryCode": "IT",
      "stateCode": "36",
      "latitude": "45.86389000",
      "longitude": "13.39667000"
   },
   {
      "name": "Campolongo al Torre-Cavenzano",
      "countryCode": "IT",
      "stateCode": "36",
      "latitude": "45.86306000",
      "longitude": "13.38944000"
   },
   {
      "name": "Caneva",
      "countryCode": "IT",
      "stateCode": "36",
      "latitude": "45.97078000",
      "longitude": "12.45261000"
   },
   {
      "name": "Capriva del Friuli",
      "countryCode": "IT",
      "stateCode": "36",
      "latitude": "45.94093000",
      "longitude": "13.51422000"
   },
   {
      "name": "Carlino",
      "countryCode": "IT",
      "stateCode": "36",
      "latitude": "45.80321000",
      "longitude": "13.18874000"
   },
   {
      "name": "Casarsa della Delizia",
      "countryCode": "IT",
      "stateCode": "36",
      "latitude": "45.95091000",
      "longitude": "12.84250000"
   },
   {
      "name": "Cassacco",
      "countryCode": "IT",
      "stateCode": "36",
      "latitude": "46.17345000",
      "longitude": "13.19236000"
   },
   {
      "name": "Castions",
      "countryCode": "IT",
      "stateCode": "36",
      "latitude": "45.97218000",
      "longitude": "12.79961000"
   },
   {
      "name": "Castions di Strada",
      "countryCode": "IT",
      "stateCode": "36",
      "latitude": "45.91247000",
      "longitude": "13.18167000"
   },
   {
      "name": "Cavasso Nuovo",
      "countryCode": "IT",
      "stateCode": "36",
      "latitude": "46.19441000",
      "longitude": "12.77193000"
   },
   {
      "name": "Cavazzo Carnico",
      "countryCode": "IT",
      "stateCode": "36",
      "latitude": "46.36793000",
      "longitude": "13.04075000"
   },
   {
      "name": "Cavolano-Schiavoi",
      "countryCode": "IT",
      "stateCode": "36",
      "latitude": "45.93333000",
      "longitude": "12.50000000"
   },
   {
      "name": "Cecchini",
      "countryCode": "IT",
      "stateCode": "36",
      "latitude": "45.86551000",
      "longitude": "12.62220000"
   },
   {
      "name": "Cercivento",
      "countryCode": "IT",
      "stateCode": "36",
      "latitude": "46.52745000",
      "longitude": "12.99219000"
   },
   {
      "name": "Cervignano del Friuli",
      "countryCode": "IT",
      "stateCode": "36",
      "latitude": "45.82082000",
      "longitude": "13.33929000"
   },
   {
      "name": "Chiaulis",
      "countryCode": "IT",
      "stateCode": "36",
      "latitude": "46.38877000",
      "longitude": "12.99155000"
   },
   {
      "name": "Chions",
      "countryCode": "IT",
      "stateCode": "36",
      "latitude": "45.84546000",
      "longitude": "12.71232000"
   },
   {
      "name": "Chiopris",
      "countryCode": "IT",
      "stateCode": "36",
      "latitude": "45.92667000",
      "longitude": "13.40417000"
   },
   {
      "name": "Chiusaforte",
      "countryCode": "IT",
      "stateCode": "36",
      "latitude": "46.40663000",
      "longitude": "13.30552000"
   },
   {
      "name": "Cimolais",
      "countryCode": "IT",
      "stateCode": "36",
      "latitude": "46.28900000",
      "longitude": "12.43792000"
   },
   {
      "name": "Cividale del Friuli",
      "countryCode": "IT",
      "stateCode": "36",
      "latitude": "46.09019000",
      "longitude": "13.42861000"
   },
   {
      "name": "Claut",
      "countryCode": "IT",
      "stateCode": "36",
      "latitude": "46.26855000",
      "longitude": "12.51440000"
   },
   {
      "name": "Clauzetto",
      "countryCode": "IT",
      "stateCode": "36",
      "latitude": "46.22931000",
      "longitude": "12.91662000"
   },
   {
      "name": "Clodig",
      "countryCode": "IT",
      "stateCode": "36",
      "latitude": "46.15620000",
      "longitude": "13.59399000"
   },
   {
      "name": "Codroipo",
      "countryCode": "IT",
      "stateCode": "36",
      "latitude": "45.96469000",
      "longitude": "12.97985000"
   },
   {
      "name": "Colloredo di Monte Albano",
      "countryCode": "IT",
      "stateCode": "36",
      "latitude": "46.16472000",
      "longitude": "13.13861000"
   },
   {
      "name": "Colloredo di Monte Albano-Lauzzana",
      "countryCode": "IT",
      "stateCode": "36",
      "latitude": "46.15861000",
      "longitude": "13.12278000"
   },
   {
      "name": "Colloredo di Prato",
      "countryCode": "IT",
      "stateCode": "36",
      "latitude": "46.05124000",
      "longitude": "13.14394000"
   },
   {
      "name": "Colugna",
      "countryCode": "IT",
      "stateCode": "36",
      "latitude": "46.09100000",
      "longitude": "13.20282000"
   },
   {
      "name": "Comeglians",
      "countryCode": "IT",
      "stateCode": "36",
      "latitude": "46.51614000",
      "longitude": "12.86619000"
   },
   {
      "name": "Cordenons",
      "countryCode": "IT",
      "stateCode": "36",
      "latitude": "45.98360000",
      "longitude": "12.70038000"
   },
   {
      "name": "Cordovado",
      "countryCode": "IT",
      "stateCode": "36",
      "latitude": "45.84425000",
      "longitude": "12.88537000"
   },
   {
      "name": "Cormons",
      "countryCode": "IT",
      "stateCode": "36",
      "latitude": "45.95531000",
      "longitude": "13.46683000"
   },
   {
      "name": "Corno di Rosazzo",
      "countryCode": "IT",
      "stateCode": "36",
      "latitude": "45.99110000",
      "longitude": "13.44368000"
   },
   {
      "name": "Coseano",
      "countryCode": "IT",
      "stateCode": "36",
      "latitude": "46.09636000",
      "longitude": "13.02028000"
   },
   {
      "name": "Cras",
      "countryCode": "IT",
      "stateCode": "36",
      "latitude": "46.17403000",
      "longitude": "13.62287000"
   },
   {
      "name": "Dignano",
      "countryCode": "IT",
      "stateCode": "36",
      "latitude": "46.08392000",
      "longitude": "12.94009000"
   },
   {
      "name": "Doberdò del Lago",
      "countryCode": "IT",
      "stateCode": "36",
      "latitude": "45.84444000",
      "longitude": "13.53908000"
   },
   {
      "name": "Dogna",
      "countryCode": "IT",
      "stateCode": "36",
      "latitude": "46.44793000",
      "longitude": "13.31502000"
   },
   {
      "name": "Dolegna del Collio",
      "countryCode": "IT",
      "stateCode": "36",
      "latitude": "46.03094000",
      "longitude": "13.47885000"
   },
   {
      "name": "Dolina",
      "countryCode": "IT",
      "stateCode": "36",
      "latitude": "45.60080000",
      "longitude": "13.85929000"
   },
   {
      "name": "Domio",
      "countryCode": "IT",
      "stateCode": "36",
      "latitude": "45.61049000",
      "longitude": "13.83103000"
   },
   {
      "name": "Duino",
      "countryCode": "IT",
      "stateCode": "36",
      "latitude": "45.77342000",
      "longitude": "13.60436000"
   },
   {
      "name": "Enemonzo-Quinis",
      "countryCode": "IT",
      "stateCode": "36",
      "latitude": "46.40833000",
      "longitude": "12.87944000"
   },
   {
      "name": "Erto",
      "countryCode": "IT",
      "stateCode": "36",
      "latitude": "46.27640000",
      "longitude": "12.37149000"
   },
   {
      "name": "Faedis",
      "countryCode": "IT",
      "stateCode": "36",
      "latitude": "46.14931000",
      "longitude": "13.34463000"
   },
   {
      "name": "Fagagna",
      "countryCode": "IT",
      "stateCode": "36",
      "latitude": "46.10698000",
      "longitude": "13.09361000"
   },
   {
      "name": "Fanna",
      "countryCode": "IT",
      "stateCode": "36",
      "latitude": "46.18455000",
      "longitude": "12.75161000"
   },
   {
      "name": "Farra d'Isonzo",
      "countryCode": "IT",
      "stateCode": "36",
      "latitude": "45.90802000",
      "longitude": "13.51654000"
   },
   {
      "name": "Fiume Veneto",
      "countryCode": "IT",
      "stateCode": "36",
      "latitude": "45.92865000",
      "longitude": "12.73811000"
   },
   {
      "name": "Fiumicello",
      "countryCode": "IT",
      "stateCode": "36",
      "latitude": "45.79202000",
      "longitude": "13.40964000"
   },
   {
      "name": "Flaibano",
      "countryCode": "IT",
      "stateCode": "36",
      "latitude": "46.05837000",
      "longitude": "12.98424000"
   },
   {
      "name": "Fogliano",
      "countryCode": "IT",
      "stateCode": "36",
      "latitude": "45.86556000",
      "longitude": "13.48222000"
   },
   {
      "name": "Forgaria nel Friuli",
      "countryCode": "IT",
      "stateCode": "36",
      "latitude": "46.22036000",
      "longitude": "12.97470000"
   },
   {
      "name": "Forni Avoltri",
      "countryCode": "IT",
      "stateCode": "36",
      "latitude": "46.58615000",
      "longitude": "12.77510000"
   },
   {
      "name": "Forni di Sopra",
      "countryCode": "IT",
      "stateCode": "36",
      "latitude": "46.42028000",
      "longitude": "12.58312000"
   },
   {
      "name": "Forni di Sotto",
      "countryCode": "IT",
      "stateCode": "36",
      "latitude": "46.39379000",
      "longitude": "12.67210000"
   },
   {
      "name": "Frisanco",
      "countryCode": "IT",
      "stateCode": "36",
      "latitude": "46.21246000",
      "longitude": "12.72626000"
   },
   {
      "name": "Gemona",
      "countryCode": "IT",
      "stateCode": "36",
      "latitude": "46.27405000",
      "longitude": "13.12237000"
   },
   {
      "name": "Gonars",
      "countryCode": "IT",
      "stateCode": "36",
      "latitude": "45.89740000",
      "longitude": "13.24402000"
   },
   {
      "name": "Gorizia",
      "countryCode": "IT",
      "stateCode": "36",
      "latitude": "45.94088000",
      "longitude": "13.62167000"
   },
   {
      "name": "Gradisca d'Isonzo",
      "countryCode": "IT",
      "stateCode": "36",
      "latitude": "45.89250000",
      "longitude": "13.50167000"
   },
   {
      "name": "Grado",
      "countryCode": "IT",
      "stateCode": "36",
      "latitude": "45.67774000",
      "longitude": "13.40323000"
   },
   {
      "name": "Granvilla",
      "countryCode": "IT",
      "stateCode": "36",
      "latitude": "46.56755000",
      "longitude": "12.68933000"
   },
   {
      "name": "Ialmicco",
      "countryCode": "IT",
      "stateCode": "36",
      "latitude": "45.91333000",
      "longitude": "13.34611000"
   },
   {
      "name": "Isola",
      "countryCode": "IT",
      "stateCode": "36",
      "latitude": "46.25573000",
      "longitude": "13.17906000"
   },
   {
      "name": "Latisana",
      "countryCode": "IT",
      "stateCode": "36",
      "latitude": "45.76859000",
      "longitude": "13.00618000"
   },
   {
      "name": "Lauco",
      "countryCode": "IT",
      "stateCode": "36",
      "latitude": "46.42397000",
      "longitude": "12.93222000"
   },
   {
      "name": "Lauzacco",
      "countryCode": "IT",
      "stateCode": "36",
      "latitude": "45.98134000",
      "longitude": "13.28024000"
   },
   {
      "name": "Lestans",
      "countryCode": "IT",
      "stateCode": "36",
      "latitude": "46.15793000",
      "longitude": "12.88872000"
   },
   {
      "name": "Lestizza",
      "countryCode": "IT",
      "stateCode": "36",
      "latitude": "45.95656000",
      "longitude": "13.14221000"
   },
   {
      "name": "Lignano Sabbiadoro",
      "countryCode": "IT",
      "stateCode": "36",
      "latitude": "45.67590000",
      "longitude": "13.11727000"
   },
   {
      "name": "Ligosullo",
      "countryCode": "IT",
      "stateCode": "36",
      "latitude": "46.54008000",
      "longitude": "13.07547000"
   },
   {
      "name": "Lusevera",
      "countryCode": "IT",
      "stateCode": "36",
      "latitude": "46.27529000",
      "longitude": "13.26922000"
   },
   {
      "name": "Magnano in Riviera",
      "countryCode": "IT",
      "stateCode": "36",
      "latitude": "46.22369000",
      "longitude": "13.19483000"
   },
   {
      "name": "Majano",
      "countryCode": "IT",
      "stateCode": "36",
      "latitude": "46.18752000",
      "longitude": "13.06162000"
   },
   {
      "name": "Malborghetto",
      "countryCode": "IT",
      "stateCode": "36",
      "latitude": "46.50679000",
      "longitude": "13.43946000"
   },
   {
      "name": "Maniago",
      "countryCode": "IT",
      "stateCode": "36",
      "latitude": "46.16644000",
      "longitude": "12.70602000"
   },
   {
      "name": "Manzano",
      "countryCode": "IT",
      "stateCode": "36",
      "latitude": "45.98843000",
      "longitude": "13.37674000"
   },
   {
      "name": "Marano Lagunare",
      "countryCode": "IT",
      "stateCode": "36",
      "latitude": "45.76353000",
      "longitude": "13.16733000"
   },
   {
      "name": "Mariano del Friuli",
      "countryCode": "IT",
      "stateCode": "36",
      "latitude": "45.91509000",
      "longitude": "13.45947000"
   },
   {
      "name": "Marsure",
      "countryCode": "IT",
      "stateCode": "36",
      "latitude": "46.09403000",
      "longitude": "12.59528000"
   },
   {
      "name": "Martignacco",
      "countryCode": "IT",
      "stateCode": "36",
      "latitude": "46.09313000",
      "longitude": "13.13973000"
   },
   {
      "name": "Medea",
      "countryCode": "IT",
      "stateCode": "36",
      "latitude": "45.91751000",
      "longitude": "13.42444000"
   },
   {
      "name": "Mediis",
      "countryCode": "IT",
      "stateCode": "36",
      "latitude": "46.40336000",
      "longitude": "12.82341000"
   },
   {
      "name": "Meduno",
      "countryCode": "IT",
      "stateCode": "36",
      "latitude": "46.21518000",
      "longitude": "12.79932000"
   },
   {
      "name": "Mereto di Tomba",
      "countryCode": "IT",
      "stateCode": "36",
      "latitude": "46.05128000",
      "longitude": "13.04432000"
   },
   {
      "name": "Merso di Sopra",
      "countryCode": "IT",
      "stateCode": "36",
      "latitude": "46.12389000",
      "longitude": "13.52806000"
   },
   {
      "name": "Moggio Udinese",
      "countryCode": "IT",
      "stateCode": "36",
      "latitude": "46.41083000",
      "longitude": "13.20139000"
   },
   {
      "name": "Moggio di Sotto",
      "countryCode": "IT",
      "stateCode": "36",
      "latitude": "46.40651000",
      "longitude": "13.19507000"
   },
   {
      "name": "Moimacco",
      "countryCode": "IT",
      "stateCode": "36",
      "latitude": "46.09145000",
      "longitude": "13.37270000"
   },
   {
      "name": "Monfalcone",
      "countryCode": "IT",
      "stateCode": "36",
      "latitude": "45.80463000",
      "longitude": "13.53292000"
   },
   {
      "name": "Montenars",
      "countryCode": "IT",
      "stateCode": "36",
      "latitude": "46.25111000",
      "longitude": "13.16944000"
   },
   {
      "name": "Montereale Valcellina",
      "countryCode": "IT",
      "stateCode": "36",
      "latitude": "46.15110000",
      "longitude": "12.64771000"
   },
   {
      "name": "Moraro",
      "countryCode": "IT",
      "stateCode": "36",
      "latitude": "45.92971000",
      "longitude": "13.49575000"
   },
   {
      "name": "Morsano",
      "countryCode": "IT",
      "stateCode": "36",
      "latitude": "45.85969000",
      "longitude": "12.92769000"
   },
   {
      "name": "Mortegliano",
      "countryCode": "IT",
      "stateCode": "36",
      "latitude": "45.94553000",
      "longitude": "13.17255000"
   },
   {
      "name": "Moruzzo",
      "countryCode": "IT",
      "stateCode": "36",
      "latitude": "46.11967000",
      "longitude": "13.12400000"
   },
   {
      "name": "Mossa",
      "countryCode": "IT",
      "stateCode": "36",
      "latitude": "45.93674000",
      "longitude": "13.54933000"
   },
   {
      "name": "Muggia",
      "countryCode": "IT",
      "stateCode": "36",
      "latitude": "45.60419000",
      "longitude": "13.76754000"
   },
   {
      "name": "Muzzana del Turgnano",
      "countryCode": "IT",
      "stateCode": "36",
      "latitude": "45.81799000",
      "longitude": "13.12751000"
   },
   {
      "name": "Nimis",
      "countryCode": "IT",
      "stateCode": "36",
      "latitude": "46.20659000",
      "longitude": "13.26777000"
   },
   {
      "name": "Orcenico Inferiore",
      "countryCode": "IT",
      "stateCode": "36",
      "latitude": "45.94977000",
      "longitude": "12.76452000"
   },
   {
      "name": "Orsaria",
      "countryCode": "IT",
      "stateCode": "36",
      "latitude": "46.03862000",
      "longitude": "13.38247000"
   },
   {
      "name": "Osoppo",
      "countryCode": "IT",
      "stateCode": "36",
      "latitude": "46.25536000",
      "longitude": "13.08453000"
   },
   {
      "name": "Ovaro",
      "countryCode": "IT",
      "stateCode": "36",
      "latitude": "46.48409000",
      "longitude": "12.86704000"
   },
   {
      "name": "Pagnacco",
      "countryCode": "IT",
      "stateCode": "36",
      "latitude": "46.11462000",
      "longitude": "13.18377000"
   },
   {
      "name": "Palazzolo dello Stella",
      "countryCode": "IT",
      "stateCode": "36",
      "latitude": "45.79823000",
      "longitude": "13.08776000"
   },
   {
      "name": "Palmanova",
      "countryCode": "IT",
      "stateCode": "36",
      "latitude": "45.90540000",
      "longitude": "13.30998000"
   },
   {
      "name": "Paludea",
      "countryCode": "IT",
      "stateCode": "36",
      "latitude": "46.19950000",
      "longitude": "12.90344000"
   },
   {
      "name": "Paluzza",
      "countryCode": "IT",
      "stateCode": "36",
      "latitude": "46.53202000",
      "longitude": "13.01586000"
   },
   {
      "name": "Pasian di Prato",
      "countryCode": "IT",
      "stateCode": "36",
      "latitude": "46.04667000",
      "longitude": "13.18780000"
   },
   {
      "name": "Pasiano",
      "countryCode": "IT",
      "stateCode": "36",
      "latitude": "45.84972000",
      "longitude": "12.62722000"
   },
   {
      "name": "Passons",
      "countryCode": "IT",
      "stateCode": "36",
      "latitude": "46.06889000",
      "longitude": "13.18917000"
   },
   {
      "name": "Paularo",
      "countryCode": "IT",
      "stateCode": "36",
      "latitude": "46.53101000",
      "longitude": "13.11886000"
   },
   {
      "name": "Pavia di Udine",
      "countryCode": "IT",
      "stateCode": "36",
      "latitude": "45.99502000",
      "longitude": "13.30367000"
   },
   {
      "name": "Percoto",
      "countryCode": "IT",
      "stateCode": "36",
      "latitude": "45.97471000",
      "longitude": "13.32304000"
   },
   {
      "name": "Pertegada",
      "countryCode": "IT",
      "stateCode": "36",
      "latitude": "45.72179000",
      "longitude": "13.04379000"
   },
   {
      "name": "Pieria-Prato Carnico",
      "countryCode": "IT",
      "stateCode": "36",
      "latitude": "46.52037000",
      "longitude": "12.80328000"
   },
   {
      "name": "Pieris",
      "countryCode": "IT",
      "stateCode": "36",
      "latitude": "45.81243000",
      "longitude": "13.44917000"
   },
   {
      "name": "Pinzano al Tagliamento",
      "countryCode": "IT",
      "stateCode": "36",
      "latitude": "46.18216000",
      "longitude": "12.94433000"
   },
   {
      "name": "Pocenia",
      "countryCode": "IT",
      "stateCode": "36",
      "latitude": "45.83570000",
      "longitude": "13.10145000"
   },
   {
      "name": "Polcenigo",
      "countryCode": "IT",
      "stateCode": "36",
      "latitude": "46.03822000",
      "longitude": "12.50321000"
   },
   {
      "name": "Pontebba",
      "countryCode": "IT",
      "stateCode": "36",
      "latitude": "46.50540000",
      "longitude": "13.30622000"
   },
   {
      "name": "Porcia",
      "countryCode": "IT",
      "stateCode": "36",
      "latitude": "45.96301000",
      "longitude": "12.61642000"
   },
   {
      "name": "Pordenone",
      "countryCode": "IT",
      "stateCode": "36",
      "latitude": "45.95689000",
      "longitude": "12.66051000"
   },
   {
      "name": "Porpetto",
      "countryCode": "IT",
      "stateCode": "36",
      "latitude": "45.85700000",
      "longitude": "13.21703000"
   },
   {
      "name": "Povoletto",
      "countryCode": "IT",
      "stateCode": "36",
      "latitude": "46.11568000",
      "longitude": "13.29171000"
   },
   {
      "name": "Pozzuolo del Friuli",
      "countryCode": "IT",
      "stateCode": "36",
      "latitude": "45.98517000",
      "longitude": "13.19724000"
   },
   {
      "name": "Pradamano",
      "countryCode": "IT",
      "stateCode": "36",
      "latitude": "46.03391000",
      "longitude": "13.30223000"
   },
   {
      "name": "Prata di Pordenone",
      "countryCode": "IT",
      "stateCode": "36",
      "latitude": "45.89441000",
      "longitude": "12.58843000"
   },
   {
      "name": "Prato",
      "countryCode": "IT",
      "stateCode": "36",
      "latitude": "46.37364000",
      "longitude": "13.30659000"
   },
   {
      "name": "Prato Carnico",
      "countryCode": "IT",
      "stateCode": "36",
      "latitude": "46.52049000",
      "longitude": "12.80886000"
   },
   {
      "name": "Pravisdomini",
      "countryCode": "IT",
      "stateCode": "36",
      "latitude": "45.81972000",
      "longitude": "12.69478000"
   },
   {
      "name": "Precenicco",
      "countryCode": "IT",
      "stateCode": "36",
      "latitude": "45.79694000",
      "longitude": "13.07554000"
   },
   {
      "name": "Premariacco",
      "countryCode": "IT",
      "stateCode": "36",
      "latitude": "46.06145000",
      "longitude": "13.39461000"
   },
   {
      "name": "Preone",
      "countryCode": "IT",
      "stateCode": "36",
      "latitude": "46.39411000",
      "longitude": "12.86645000"
   },
   {
      "name": "Prepotto",
      "countryCode": "IT",
      "stateCode": "36",
      "latitude": "46.04522000",
      "longitude": "13.47921000"
   },
   {
      "name": "Prosecco-Contovello",
      "countryCode": "IT",
      "stateCode": "36",
      "latitude": "45.70807000",
      "longitude": "13.73376000"
   },
   {
      "name": "Provincia di Gorizia",
      "countryCode": "IT",
      "stateCode": "36",
      "latitude": "45.86548000",
      "longitude": "13.50195000"
   },
   {
      "name": "Provincia di Pordenone",
      "countryCode": "IT",
      "stateCode": "36",
      "latitude": "46.10182000",
      "longitude": "12.69002000"
   },
   {
      "name": "Provincia di Trieste",
      "countryCode": "IT",
      "stateCode": "36",
      "latitude": "45.71300000",
      "longitude": "13.76116000"
   },
   {
      "name": "Provincia di Udine",
      "countryCode": "IT",
      "stateCode": "36",
      "latitude": "46.16408000",
      "longitude": "13.17794000"
   },
   {
      "name": "Puia-Villanova",
      "countryCode": "IT",
      "stateCode": "36",
      "latitude": "45.86222000",
      "longitude": "12.57139000"
   },
   {
      "name": "Pulfero",
      "countryCode": "IT",
      "stateCode": "36",
      "latitude": "46.17376000",
      "longitude": "13.48363000"
   },
   {
      "name": "Ramuscello",
      "countryCode": "IT",
      "stateCode": "36",
      "latitude": "45.88105000",
      "longitude": "12.88460000"
   },
   {
      "name": "Rauscedo-Domanins",
      "countryCode": "IT",
      "stateCode": "36",
      "latitude": "46.04083000",
      "longitude": "12.82472000"
   },
   {
      "name": "Ravascletto",
      "countryCode": "IT",
      "stateCode": "36",
      "latitude": "46.52504000",
      "longitude": "12.92138000"
   },
   {
      "name": "Raveo",
      "countryCode": "IT",
      "stateCode": "36",
      "latitude": "46.43392000",
      "longitude": "12.87165000"
   },
   {
      "name": "Reana del Roiale",
      "countryCode": "IT",
      "stateCode": "36",
      "latitude": "46.13733000",
      "longitude": "13.22320000"
   },
   {
      "name": "Reana del Rojale",
      "countryCode": "IT",
      "stateCode": "36",
      "latitude": "46.14322000",
      "longitude": "13.24653000"
   },
   {
      "name": "Remanzacco",
      "countryCode": "IT",
      "stateCode": "36",
      "latitude": "46.08535000",
      "longitude": "13.32358000"
   },
   {
      "name": "Resiutta",
      "countryCode": "IT",
      "stateCode": "36",
      "latitude": "46.39371000",
      "longitude": "13.21796000"
   },
   {
      "name": "Rigolato",
      "countryCode": "IT",
      "stateCode": "36",
      "latitude": "46.55393000",
      "longitude": "12.84619000"
   },
   {
      "name": "Rive d'Arcano",
      "countryCode": "IT",
      "stateCode": "36",
      "latitude": "46.12722000",
      "longitude": "13.03222000"
   },
   {
      "name": "Rivignano",
      "countryCode": "IT",
      "stateCode": "36",
      "latitude": "45.87575000",
      "longitude": "13.04190000"
   },
   {
      "name": "Rodeano",
      "countryCode": "IT",
      "stateCode": "36",
      "latitude": "46.11085000",
      "longitude": "13.01110000"
   },
   {
      "name": "Romans d'Isonzo",
      "countryCode": "IT",
      "stateCode": "36",
      "latitude": "45.88816000",
      "longitude": "13.44187000"
   },
   {
      "name": "Ronchi dei Legionari",
      "countryCode": "IT",
      "stateCode": "36",
      "latitude": "45.82735000",
      "longitude": "13.50417000"
   },
   {
      "name": "Ronchis",
      "countryCode": "IT",
      "stateCode": "36",
      "latitude": "45.80792000",
      "longitude": "12.99545000"
   },
   {
      "name": "Rosa",
      "countryCode": "IT",
      "stateCode": "36",
      "latitude": "45.93056000",
      "longitude": "12.87083000"
   },
   {
      "name": "Roveredo in Piano",
      "countryCode": "IT",
      "stateCode": "36",
      "latitude": "46.00847000",
      "longitude": "12.61938000"
   },
   {
      "name": "Ruda",
      "countryCode": "IT",
      "stateCode": "36",
      "latitude": "45.83986000",
      "longitude": "13.40177000"
   },
   {
      "name": "Sacile",
      "countryCode": "IT",
      "stateCode": "36",
      "latitude": "45.95412000",
      "longitude": "12.50274000"
   },
   {
      "name": "Sagrado",
      "countryCode": "IT",
      "stateCode": "36",
      "latitude": "45.87393000",
      "longitude": "13.48418000"
   },
   {
      "name": "San Canzian d'Isonzo",
      "countryCode": "IT",
      "stateCode": "36",
      "latitude": "45.79750000",
      "longitude": "13.46639000"
   },
   {
      "name": "San Daniele del Friuli",
      "countryCode": "IT",
      "stateCode": "36",
      "latitude": "46.15714000",
      "longitude": "13.00726000"
   },
   {
      "name": "San Floriano del Collio",
      "countryCode": "IT",
      "stateCode": "36",
      "latitude": "45.98088000",
      "longitude": "13.58875000"
   },
   {
      "name": "San Giacomo",
      "countryCode": "IT",
      "stateCode": "36",
      "latitude": "46.17311000",
      "longitude": "12.98344000"
   },
   {
      "name": "San Giorgio della Richinvelda",
      "countryCode": "IT",
      "stateCode": "36",
      "latitude": "46.04778000",
      "longitude": "12.86867000"
   },
   {
      "name": "San Giorgio di Nogaro",
      "countryCode": "IT",
      "stateCode": "36",
      "latitude": "45.82745000",
      "longitude": "13.21088000"
   },
   {
      "name": "San Giovanni",
      "countryCode": "IT",
      "stateCode": "36",
      "latitude": "46.02104000",
      "longitude": "12.51556000"
   },
   {
      "name": "San Giovanni al Natisone",
      "countryCode": "IT",
      "stateCode": "36",
      "latitude": "45.97079000",
      "longitude": "13.40182000"
   },
   {
      "name": "San Leonardo",
      "countryCode": "IT",
      "stateCode": "36",
      "latitude": "46.11913000",
      "longitude": "13.53085000"
   },
   {
      "name": "San Lorenzo Isontino",
      "countryCode": "IT",
      "stateCode": "36",
      "latitude": "45.93020000",
      "longitude": "13.52517000"
   },
   {
      "name": "San Martino al Tagliamento",
      "countryCode": "IT",
      "stateCode": "36",
      "latitude": "46.01697000",
      "longitude": "12.86989000"
   },
   {
      "name": "San Pier d'Isonzo",
      "countryCode": "IT",
      "stateCode": "36",
      "latitude": "45.84452000",
      "longitude": "13.46764000"
   },
   {
      "name": "San Pietro al Natisone",
      "countryCode": "IT",
      "stateCode": "36",
      "latitude": "46.11444000",
      "longitude": "13.48296000"
   },
   {
      "name": "San Quirino",
      "countryCode": "IT",
      "stateCode": "36",
      "latitude": "46.03411000",
      "longitude": "12.67846000"
   },
   {
      "name": "San Valentino",
      "countryCode": "IT",
      "stateCode": "36",
      "latitude": "45.79039000",
      "longitude": "13.41236000"
   },
   {
      "name": "San Vito al Tagliamento",
      "countryCode": "IT",
      "stateCode": "36",
      "latitude": "45.91680000",
      "longitude": "12.85945000"
   },
   {
      "name": "San Vito al Torre",
      "countryCode": "IT",
      "stateCode": "36",
      "latitude": "45.89587000",
      "longitude": "13.37588000"
   },
   {
      "name": "San Vito di Fagagna",
      "countryCode": "IT",
      "stateCode": "36",
      "latitude": "46.09103000",
      "longitude": "13.06569000"
   },
   {
      "name": "Santa Croce",
      "countryCode": "IT",
      "stateCode": "36",
      "latitude": "45.73472000",
      "longitude": "13.69278000"
   },
   {
      "name": "Santa Maria la Longa",
      "countryCode": "IT",
      "stateCode": "36",
      "latitude": "45.93403000",
      "longitude": "13.28911000"
   },
   {
      "name": "Sappada",
      "countryCode": "IT",
      "stateCode": "36",
      "latitude": "46.56663000",
      "longitude": "12.68421000"
   },
   {
      "name": "Sauris di Sotto",
      "countryCode": "IT",
      "stateCode": "36",
      "latitude": "46.46624000",
      "longitude": "12.70852000"
   },
   {
      "name": "Savogna",
      "countryCode": "IT",
      "stateCode": "36",
      "latitude": "46.15846000",
      "longitude": "13.53089000"
   },
   {
      "name": "Savogna d'Isonzo",
      "countryCode": "IT",
      "stateCode": "36",
      "latitude": "45.90894000",
      "longitude": "13.57936000"
   },
   {
      "name": "Sedegliano",
      "countryCode": "IT",
      "stateCode": "36",
      "latitude": "46.01396000",
      "longitude": "12.97734000"
   },
   {
      "name": "Sequals",
      "countryCode": "IT",
      "stateCode": "36",
      "latitude": "46.16385000",
      "longitude": "12.83037000"
   },
   {
      "name": "Sesto al Reghena",
      "countryCode": "IT",
      "stateCode": "36",
      "latitude": "45.84938000",
      "longitude": "12.81295000"
   },
   {
      "name": "Sevegliano",
      "countryCode": "IT",
      "stateCode": "36",
      "latitude": "45.88749000",
      "longitude": "13.30541000"
   },
   {
      "name": "Sgonico",
      "countryCode": "IT",
      "stateCode": "36",
      "latitude": "45.73583000",
      "longitude": "13.74708000"
   },
   {
      "name": "Sistiana-Visogliano",
      "countryCode": "IT",
      "stateCode": "36",
      "latitude": "45.77237000",
      "longitude": "13.63824000"
   },
   {
      "name": "Sottoselva",
      "countryCode": "IT",
      "stateCode": "36",
      "latitude": "45.91134000",
      "longitude": "13.32416000"
   },
   {
      "name": "Spilimbergo",
      "countryCode": "IT",
      "stateCode": "36",
      "latitude": "46.11345000",
      "longitude": "12.89241000"
   },
   {
      "name": "Staranzano",
      "countryCode": "IT",
      "stateCode": "36",
      "latitude": "45.80233000",
      "longitude": "13.50226000"
   },
   {
      "name": "Stregna",
      "countryCode": "IT",
      "stateCode": "36",
      "latitude": "46.12689000",
      "longitude": "13.57761000"
   },
   {
      "name": "Sutrio",
      "countryCode": "IT",
      "stateCode": "36",
      "latitude": "46.51206000",
      "longitude": "12.99325000"
   },
   {
      "name": "Taipana",
      "countryCode": "IT",
      "stateCode": "36",
      "latitude": "46.24911000",
      "longitude": "13.34150000"
   },
   {
      "name": "Talmassons",
      "countryCode": "IT",
      "stateCode": "36",
      "latitude": "45.92810000",
      "longitude": "13.12199000"
   },
   {
      "name": "Tamai",
      "countryCode": "IT",
      "stateCode": "36",
      "latitude": "45.92427000",
      "longitude": "12.57187000"
   },
   {
      "name": "Tarcento",
      "countryCode": "IT",
      "stateCode": "36",
      "latitude": "46.21251000",
      "longitude": "13.21514000"
   },
   {
      "name": "Tarvisio",
      "countryCode": "IT",
      "stateCode": "36",
      "latitude": "46.50567000",
      "longitude": "13.58689000"
   },
   {
      "name": "Tavagnacco",
      "countryCode": "IT",
      "stateCode": "36",
      "latitude": "46.10976000",
      "longitude": "13.22251000"
   },
   {
      "name": "Teor",
      "countryCode": "IT",
      "stateCode": "36",
      "latitude": "45.85416000",
      "longitude": "13.05608000"
   },
   {
      "name": "Terzo d'Aquileia",
      "countryCode": "IT",
      "stateCode": "36",
      "latitude": "45.79994000",
      "longitude": "13.34177000"
   },
   {
      "name": "Tolmezzo",
      "countryCode": "IT",
      "stateCode": "36",
      "latitude": "46.39996000",
      "longitude": "13.02051000"
   },
   {
      "name": "Torreano",
      "countryCode": "IT",
      "stateCode": "36",
      "latitude": "46.12786000",
      "longitude": "13.42933000"
   },
   {
      "name": "Torviscosa",
      "countryCode": "IT",
      "stateCode": "36",
      "latitude": "45.82337000",
      "longitude": "13.28050000"
   },
   {
      "name": "Tramonti di Sopra",
      "countryCode": "IT",
      "stateCode": "36",
      "latitude": "46.31023000",
      "longitude": "12.78994000"
   },
   {
      "name": "Tramonti di Sotto",
      "countryCode": "IT",
      "stateCode": "36",
      "latitude": "46.28475000",
      "longitude": "12.79644000"
   },
   {
      "name": "Trasaghis",
      "countryCode": "IT",
      "stateCode": "36",
      "latitude": "46.28164000",
      "longitude": "13.07545000"
   },
   {
      "name": "Travesio",
      "countryCode": "IT",
      "stateCode": "36",
      "latitude": "46.19667000",
      "longitude": "12.86740000"
   },
   {
      "name": "Treppo Carnico",
      "countryCode": "IT",
      "stateCode": "36",
      "latitude": "46.53323000",
      "longitude": "13.04292000"
   },
   {
      "name": "Treppo Grande",
      "countryCode": "IT",
      "stateCode": "36",
      "latitude": "46.19988000",
      "longitude": "13.15350000"
   },
   {
      "name": "Tricesimo",
      "countryCode": "IT",
      "stateCode": "36",
      "latitude": "46.16058000",
      "longitude": "13.21566000"
   },
   {
      "name": "Trieste",
      "countryCode": "IT",
      "stateCode": "36",
      "latitude": "45.64953000",
      "longitude": "13.77678000"
   },
   {
      "name": "Trivignano Udinese",
      "countryCode": "IT",
      "stateCode": "36",
      "latitude": "45.94601000",
      "longitude": "13.34019000"
   },
   {
      "name": "Turriaco",
      "countryCode": "IT",
      "stateCode": "36",
      "latitude": "45.82119000",
      "longitude": "13.44369000"
   },
   {
      "name": "Udine",
      "countryCode": "IT",
      "stateCode": "36",
      "latitude": "46.06930000",
      "longitude": "13.23715000"
   },
   {
      "name": "Vajont",
      "countryCode": "IT",
      "stateCode": "36",
      "latitude": "46.14534000",
      "longitude": "12.69647000"
   },
   {
      "name": "Valvasone",
      "countryCode": "IT",
      "stateCode": "36",
      "latitude": "45.99331000",
      "longitude": "12.86659000"
   },
   {
      "name": "Varmo",
      "countryCode": "IT",
      "stateCode": "36",
      "latitude": "45.88630000",
      "longitude": "12.99005000"
   },
   {
      "name": "Venzone",
      "countryCode": "IT",
      "stateCode": "36",
      "latitude": "46.33031000",
      "longitude": "13.13825000"
   },
   {
      "name": "Vigonovo-Fontanafredda",
      "countryCode": "IT",
      "stateCode": "36",
      "latitude": "45.98927000",
      "longitude": "12.54707000"
   },
   {
      "name": "Villa Opicina",
      "countryCode": "IT",
      "stateCode": "36",
      "latitude": "45.68780000",
      "longitude": "13.78861000"
   },
   {
      "name": "Villa Santina",
      "countryCode": "IT",
      "stateCode": "36",
      "latitude": "46.41368000",
      "longitude": "12.92445000"
   },
   {
      "name": "Villa Vicentina",
      "countryCode": "IT",
      "stateCode": "36",
      "latitude": "45.81378000",
      "longitude": "13.39332000"
   },
   {
      "name": "Villanova",
      "countryCode": "IT",
      "stateCode": "36",
      "latitude": "46.13226000",
      "longitude": "12.97084000"
   },
   {
      "name": "Villesse",
      "countryCode": "IT",
      "stateCode": "36",
      "latitude": "45.86526000",
      "longitude": "13.44380000"
   },
   {
      "name": "Villotta",
      "countryCode": "IT",
      "stateCode": "36",
      "latitude": "45.86336000",
      "longitude": "12.75418000"
   },
   {
      "name": "Visco",
      "countryCode": "IT",
      "stateCode": "36",
      "latitude": "45.89194000",
      "longitude": "13.34861000"
   },
   {
      "name": "Vivaro",
      "countryCode": "IT",
      "stateCode": "36",
      "latitude": "46.07656000",
      "longitude": "12.77912000"
   },
   {
      "name": "Zolla",
      "countryCode": "IT",
      "stateCode": "36",
      "latitude": "45.71698000",
      "longitude": "13.81038000"
   },
   {
      "name": "Zoppola",
      "countryCode": "IT",
      "stateCode": "36",
      "latitude": "45.96624000",
      "longitude": "12.76828000"
   },
   {
      "name": "Zugliano-Terenzano-Cargnacco",
      "countryCode": "IT",
      "stateCode": "36",
      "latitude": "46.00750000",
      "longitude": "13.21694000"
   },
   {
      "name": "Zuglio",
      "countryCode": "IT",
      "stateCode": "36",
      "latitude": "46.45830000",
      "longitude": "13.02589000"
   }
]