[
   {
      "name": "A dos Cunhados",
      "countryCode": "PT",
      "stateCode": "11",
      "latitude": "39.15237000",
      "longitude": "-9.29720000"
   },
   {
      "name": "Abrigada",
      "countryCode": "PT",
      "stateCode": "11",
      "latitude": "39.14416000",
      "longitude": "-9.01853000"
   },
   {
      "name": "Alcabideche",
      "countryCode": "PT",
      "stateCode": "11",
      "latitude": "38.73366000",
      "longitude": "-9.40928000"
   },
   {
      "name": "Alcoentre",
      "countryCode": "PT",
      "stateCode": "11",
      "latitude": "39.20857000",
      "longitude": "-8.95953000"
   },
   {
      "name": "Alenquer",
      "countryCode": "PT",
      "stateCode": "11",
      "latitude": "39.05315000",
      "longitude": "-9.00928000"
   },
   {
      "name": "Alfragide",
      "countryCode": "PT",
      "stateCode": "11",
      "latitude": "38.73203000",
      "longitude": "-9.21920000"
   },
   {
      "name": "Algueirão",
      "countryCode": "PT",
      "stateCode": "11",
      "latitude": "38.79764000",
      "longitude": "-9.34370000"
   },
   {
      "name": "Algés",
      "countryCode": "PT",
      "stateCode": "11",
      "latitude": "38.70245000",
      "longitude": "-9.22936000"
   },
   {
      "name": "Alhandra",
      "countryCode": "PT",
      "stateCode": "11",
      "latitude": "38.92732000",
      "longitude": "-9.00864000"
   },
   {
      "name": "Almargem",
      "countryCode": "PT",
      "stateCode": "11",
      "latitude": "38.84485000",
      "longitude": "-9.27315000"
   },
   {
      "name": "Alvalade",
      "countryCode": "PT",
      "stateCode": "11",
      "latitude": "38.75328000",
      "longitude": "-9.14397000"
   },
   {
      "name": "Amadora",
      "countryCode": "PT",
      "stateCode": "11",
      "latitude": "38.75382000",
      "longitude": "-9.23083000"
   },
   {
      "name": "Apelação",
      "countryCode": "PT",
      "stateCode": "11",
      "latitude": "38.81387000",
      "longitude": "-9.13225000"
   },
   {
      "name": "Arranhó",
      "countryCode": "PT",
      "stateCode": "11",
      "latitude": "38.95378000",
      "longitude": "-9.13465000"
   },
   {
      "name": "Arruda dos Vinhos",
      "countryCode": "PT",
      "stateCode": "11",
      "latitude": "38.97172000",
      "longitude": "-9.08807000"
   },
   {
      "name": "Aveiras de Cima",
      "countryCode": "PT",
      "stateCode": "11",
      "latitude": "39.13796000",
      "longitude": "-8.89932000"
   },
   {
      "name": "Azambuja",
      "countryCode": "PT",
      "stateCode": "11",
      "latitude": "39.07029000",
      "longitude": "-8.86822000"
   },
   {
      "name": "Barcarena",
      "countryCode": "PT",
      "stateCode": "11",
      "latitude": "38.73245000",
      "longitude": "-9.28000000"
   },
   {
      "name": "Beato António",
      "countryCode": "PT",
      "stateCode": "11",
      "latitude": "38.73327000",
      "longitude": "-9.10335000"
   },
   {
      "name": "Belas",
      "countryCode": "PT",
      "stateCode": "11",
      "latitude": "38.77670000",
      "longitude": "-9.26353000"
   },
   {
      "name": "Benfica",
      "countryCode": "PT",
      "stateCode": "11",
      "latitude": "38.75087000",
      "longitude": "-9.20282000"
   },
   {
      "name": "Bobadela",
      "countryCode": "PT",
      "stateCode": "11",
      "latitude": "38.80774000",
      "longitude": "-9.09925000"
   },
   {
      "name": "Bucelas",
      "countryCode": "PT",
      "stateCode": "11",
      "latitude": "38.90193000",
      "longitude": "-9.11885000"
   },
   {
      "name": "Cabanas de Torres",
      "countryCode": "PT",
      "stateCode": "11",
      "latitude": "39.15581000",
      "longitude": "-9.06588000"
   },
   {
      "name": "Cacém",
      "countryCode": "PT",
      "stateCode": "11",
      "latitude": "38.76698000",
      "longitude": "-9.29793000"
   },
   {
      "name": "Cadafais",
      "countryCode": "PT",
      "stateCode": "11",
      "latitude": "39.00461000",
      "longitude": "-9.00419000"
   },
   {
      "name": "Cadaval",
      "countryCode": "PT",
      "stateCode": "11",
      "latitude": "39.24621000",
      "longitude": "-9.06738000"
   },
   {
      "name": "Camarate",
      "countryCode": "PT",
      "stateCode": "11",
      "latitude": "38.80358000",
      "longitude": "-9.12809000"
   },
   {
      "name": "Campelos",
      "countryCode": "PT",
      "stateCode": "11",
      "latitude": "39.19678000",
      "longitude": "-9.23519000"
   },
   {
      "name": "Caneças",
      "countryCode": "PT",
      "stateCode": "11",
      "latitude": "38.81321000",
      "longitude": "-9.22679000"
   },
   {
      "name": "Carcavelos",
      "countryCode": "PT",
      "stateCode": "11",
      "latitude": "38.69105000",
      "longitude": "-9.32215000"
   },
   {
      "name": "Carnaxide",
      "countryCode": "PT",
      "stateCode": "11",
      "latitude": "38.72706000",
      "longitude": "-9.24671000"
   },
   {
      "name": "Carregado",
      "countryCode": "PT",
      "stateCode": "11",
      "latitude": "39.02362000",
      "longitude": "-8.97692000"
   },
   {
      "name": "Cascais",
      "countryCode": "PT",
      "stateCode": "11",
      "latitude": "38.69681000",
      "longitude": "-9.42147000"
   },
   {
      "name": "Castanheira do Ribatejo",
      "countryCode": "PT",
      "stateCode": "11",
      "latitude": "38.99298000",
      "longitude": "-8.97346000"
   },
   {
      "name": "Caxias",
      "countryCode": "PT",
      "stateCode": "11",
      "latitude": "38.70314000",
      "longitude": "-9.27666000"
   },
   {
      "name": "Charneca",
      "countryCode": "PT",
      "stateCode": "11",
      "latitude": "38.78351000",
      "longitude": "-9.14348000"
   },
   {
      "name": "Colares",
      "countryCode": "PT",
      "stateCode": "11",
      "latitude": "38.79921000",
      "longitude": "-9.44691000"
   },
   {
      "name": "Ericeira",
      "countryCode": "PT",
      "stateCode": "11",
      "latitude": "38.96275000",
      "longitude": "-9.41563000"
   },
   {
      "name": "Estoril",
      "countryCode": "PT",
      "stateCode": "11",
      "latitude": "38.70571000",
      "longitude": "-9.39773000"
   },
   {
      "name": "Famões",
      "countryCode": "PT",
      "stateCode": "11",
      "latitude": "38.78804000",
      "longitude": "-9.21033000"
   },
   {
      "name": "Fontanelas",
      "countryCode": "PT",
      "stateCode": "11",
      "latitude": "38.84806000",
      "longitude": "-9.43942000"
   },
   {
      "name": "Linda-a-Velha",
      "countryCode": "PT",
      "stateCode": "11",
      "latitude": "38.71446000",
      "longitude": "-9.24220000"
   },
   {
      "name": "Lisbon",
      "countryCode": "PT",
      "stateCode": "11",
      "latitude": "38.72635000",
      "longitude": "-9.14843000"
   },
   {
      "name": "Loures",
      "countryCode": "PT",
      "stateCode": "11",
      "latitude": "38.83091000",
      "longitude": "-9.16845000"
   },
   {
      "name": "Lourinhã",
      "countryCode": "PT",
      "stateCode": "11",
      "latitude": "39.24745000",
      "longitude": "-9.31194000"
   },
   {
      "name": "Mafra",
      "countryCode": "PT",
      "stateCode": "11",
      "latitude": "38.94107000",
      "longitude": "-9.32636000"
   },
   {
      "name": "Malveira",
      "countryCode": "PT",
      "stateCode": "11",
      "latitude": "38.93213000",
      "longitude": "-9.25779000"
   },
   {
      "name": "Massamá",
      "countryCode": "PT",
      "stateCode": "11",
      "latitude": "38.75279000",
      "longitude": "-9.28110000"
   },
   {
      "name": "Meca",
      "countryCode": "PT",
      "stateCode": "11",
      "latitude": "39.08178000",
      "longitude": "-9.03459000"
   },
   {
      "name": "Mem Martins",
      "countryCode": "PT",
      "stateCode": "11",
      "latitude": "38.79443000",
      "longitude": "-9.34284000"
   },
   {
      "name": "Milharado",
      "countryCode": "PT",
      "stateCode": "11",
      "latitude": "38.94732000",
      "longitude": "-9.19914000"
   },
   {
      "name": "Moita dos Ferreiros",
      "countryCode": "PT",
      "stateCode": "11",
      "latitude": "39.24825000",
      "longitude": "-9.22355000"
   },
   {
      "name": "Monte Estoril",
      "countryCode": "PT",
      "stateCode": "11",
      "latitude": "38.70636000",
      "longitude": "-9.40595000"
   },
   {
      "name": "Moscavide e Portela",
      "countryCode": "PT",
      "stateCode": "11",
      "latitude": "38.77929000",
      "longitude": "-9.10222000"
   },
   {
      "name": "Odivelas",
      "countryCode": "PT",
      "stateCode": "11",
      "latitude": "38.79269000",
      "longitude": "-9.18380000"
   },
   {
      "name": "Oeiras",
      "countryCode": "PT",
      "stateCode": "11",
      "latitude": "38.71371000",
      "longitude": "-9.26832000"
   },
   {
      "name": "Olivais",
      "countryCode": "PT",
      "stateCode": "11",
      "latitude": "38.76994000",
      "longitude": "-9.10674000"
   },
   {
      "name": "Olival do Basto",
      "countryCode": "PT",
      "stateCode": "11",
      "latitude": "38.79079000",
      "longitude": "-9.16621000"
   },
   {
      "name": "Ota",
      "countryCode": "PT",
      "stateCode": "11",
      "latitude": "39.11199000",
      "longitude": "-8.99105000"
   },
   {
      "name": "Parede",
      "countryCode": "PT",
      "stateCode": "11",
      "latitude": "38.69282000",
      "longitude": "-9.35412000"
   },
   {
      "name": "Paço de Arcos",
      "countryCode": "PT",
      "stateCode": "11",
      "latitude": "38.69569000",
      "longitude": "-9.29143000"
   },
   {
      "name": "Pero Pinheiro",
      "countryCode": "PT",
      "stateCode": "11",
      "latitude": "38.85783000",
      "longitude": "-9.32352000"
   },
   {
      "name": "Pontinha",
      "countryCode": "PT",
      "stateCode": "11",
      "latitude": "38.76771000",
      "longitude": "-9.19935000"
   },
   {
      "name": "Porto Salvo",
      "countryCode": "PT",
      "stateCode": "11",
      "latitude": "38.72293000",
      "longitude": "-9.30473000"
   },
   {
      "name": "Prior Velho",
      "countryCode": "PT",
      "stateCode": "11",
      "latitude": "38.79174000",
      "longitude": "-9.12119000"
   },
   {
      "name": "Póvoa de Santa Iria",
      "countryCode": "PT",
      "stateCode": "11",
      "latitude": "38.86101000",
      "longitude": "-9.06453000"
   },
   {
      "name": "Póvoa de Santo Adrião",
      "countryCode": "PT",
      "stateCode": "11",
      "latitude": "38.80000000",
      "longitude": "-9.16667000"
   },
   {
      "name": "Queijas",
      "countryCode": "PT",
      "stateCode": "11",
      "latitude": "38.71925000",
      "longitude": "-9.26255000"
   },
   {
      "name": "Queluz",
      "countryCode": "PT",
      "stateCode": "11",
      "latitude": "38.75657000",
      "longitude": "-9.25451000"
   },
   {
      "name": "Ramada",
      "countryCode": "PT",
      "stateCode": "11",
      "latitude": "38.80368000",
      "longitude": "-9.18770000"
   },
   {
      "name": "Rio de Mouro",
      "countryCode": "PT",
      "stateCode": "11",
      "latitude": "38.76613000",
      "longitude": "-9.32804000"
   },
   {
      "name": "Sacavém",
      "countryCode": "PT",
      "stateCode": "11",
      "latitude": "38.79202000",
      "longitude": "-9.10801000"
   },
   {
      "name": "Santa Iria da Azóia",
      "countryCode": "PT",
      "stateCode": "11",
      "latitude": "38.84110000",
      "longitude": "-9.09908000"
   },
   {
      "name": "Santo Antão do Tojal",
      "countryCode": "PT",
      "stateCode": "11",
      "latitude": "38.85151000",
      "longitude": "-9.13975000"
   },
   {
      "name": "Santo Isidoro",
      "countryCode": "PT",
      "stateCode": "11",
      "latitude": "38.99593000",
      "longitude": "-9.39940000"
   },
   {
      "name": "Santos-o-Velho",
      "countryCode": "PT",
      "stateCode": "11",
      "latitude": "38.70690000",
      "longitude": "-9.15611000"
   },
   {
      "name": "Silveira",
      "countryCode": "PT",
      "stateCode": "11",
      "latitude": "39.11120000",
      "longitude": "-9.36430000"
   },
   {
      "name": "Sintra",
      "countryCode": "PT",
      "stateCode": "11",
      "latitude": "38.81439000",
      "longitude": "-9.38370000"
   },
   {
      "name": "Sobral de Monte Agraço",
      "countryCode": "PT",
      "stateCode": "11",
      "latitude": "39.01958000",
      "longitude": "-9.15081000"
   },
   {
      "name": "Sobralinho",
      "countryCode": "PT",
      "stateCode": "11",
      "latitude": "38.91703000",
      "longitude": "-9.02656000"
   },
   {
      "name": "São Bartolomeu",
      "countryCode": "PT",
      "stateCode": "11",
      "latitude": "39.27511000",
      "longitude": "-9.27885000"
   },
   {
      "name": "São Domingos de Rana",
      "countryCode": "PT",
      "stateCode": "11",
      "latitude": "38.70194000",
      "longitude": "-9.34083000"
   },
   {
      "name": "São João da Talha",
      "countryCode": "PT",
      "stateCode": "11",
      "latitude": "38.82378000",
      "longitude": "-9.09719000"
   },
   {
      "name": "São João das Lampas",
      "countryCode": "PT",
      "stateCode": "11",
      "latitude": "38.87376000",
      "longitude": "-9.39842000"
   },
   {
      "name": "São João dos Montes",
      "countryCode": "PT",
      "stateCode": "11",
      "latitude": "38.93944000",
      "longitude": "-9.01892000"
   },
   {
      "name": "São Pedro da Cadeira",
      "countryCode": "PT",
      "stateCode": "11",
      "latitude": "39.06983000",
      "longitude": "-9.37174000"
   },
   {
      "name": "Terrugem",
      "countryCode": "PT",
      "stateCode": "11",
      "latitude": "38.70647000",
      "longitude": "-9.28693000"
   },
   {
      "name": "Torres Vedras",
      "countryCode": "PT",
      "stateCode": "11",
      "latitude": "39.09109000",
      "longitude": "-9.25860000"
   },
   {
      "name": "Unhos",
      "countryCode": "PT",
      "stateCode": "11",
      "latitude": "38.81958000",
      "longitude": "-9.12007000"
   },
   {
      "name": "Venda do Pinheiro",
      "countryCode": "PT",
      "stateCode": "11",
      "latitude": "38.92365000",
      "longitude": "-9.23178000"
   },
   {
      "name": "Ventosa",
      "countryCode": "PT",
      "stateCode": "11",
      "latitude": "39.12696000",
      "longitude": "-9.08423000"
   },
   {
      "name": "Vialonga",
      "countryCode": "PT",
      "stateCode": "11",
      "latitude": "38.87206000",
      "longitude": "-9.07805000"
   },
   {
      "name": "Vila Franca de Xira",
      "countryCode": "PT",
      "stateCode": "11",
      "latitude": "38.92137000",
      "longitude": "-9.03220000"
   },
   {
      "name": "Vila Verde",
      "countryCode": "PT",
      "stateCode": "11",
      "latitude": "39.15489000",
      "longitude": "-9.11512000"
   },
   {
      "name": "Vimeiro",
      "countryCode": "PT",
      "stateCode": "11",
      "latitude": "39.17768000",
      "longitude": "-9.31702000"
   }
]