[
   {
      "name": "Alotenango",
      "countryCode": "GT",
      "stateCode": "SA",
      "latitude": "14.48028000",
      "longitude": "-90.80750000"
   },
   {
      "name": "Antigua Guatemala",
      "countryCode": "GT",
      "stateCode": "SA",
      "latitude": "14.56111000",
      "longitude": "-90.73444000"
   },
   {
      "name": "Ciudad Vieja",
      "countryCode": "GT",
      "stateCode": "SA",
      "latitude": "14.52396000",
      "longitude": "-90.76308000"
   },
   {
      "name": "Jocotenango",
      "countryCode": "GT",
      "stateCode": "SA",
      "latitude": "14.57814000",
      "longitude": "-90.73804000"
   },
   {
      "name": "Magdalena Milpas Altas",
      "countryCode": "GT",
      "stateCode": "SA",
      "latitude": "14.54801000",
      "longitude": "-90.67477000"
   },
   {
      "name": "Municipio de Alotenango",
      "countryCode": "GT",
      "stateCode": "SA",
      "latitude": "14.46485000",
      "longitude": "-90.82773000"
   },
   {
      "name": "Municipio de Antigua Guatemala",
      "countryCode": "GT",
      "stateCode": "SA",
      "latitude": "14.54313000",
      "longitude": "-90.72683000"
   },
   {
      "name": "Municipio de Ciudad Vieja",
      "countryCode": "GT",
      "stateCode": "SA",
      "latitude": "14.50800000",
      "longitude": "-90.77028000"
   },
   {
      "name": "Municipio de Jocotenango",
      "countryCode": "GT",
      "stateCode": "SA",
      "latitude": "14.58658000",
      "longitude": "-90.73579000"
   },
   {
      "name": "Municipio de Magdalena Milpas Altas",
      "countryCode": "GT",
      "stateCode": "SA",
      "latitude": "14.54206000",
      "longitude": "-90.67553000"
   },
   {
      "name": "Municipio de Santa Lucía Milpas Altas",
      "countryCode": "GT",
      "stateCode": "SA",
      "latitude": "14.56753000",
      "longitude": "-90.67551000"
   },
   {
      "name": "Municipio de Santa María de Jesús",
      "countryCode": "GT",
      "stateCode": "SA",
      "latitude": "14.47849000",
      "longitude": "-90.69989000"
   },
   {
      "name": "Pastores",
      "countryCode": "GT",
      "stateCode": "SA",
      "latitude": "14.59433000",
      "longitude": "-90.75473000"
   },
   {
      "name": "San Antonio Aguas Calientes",
      "countryCode": "GT",
      "stateCode": "SA",
      "latitude": "14.54676000",
      "longitude": "-90.78054000"
   },
   {
      "name": "San Bartolomé Milpas Altas",
      "countryCode": "GT",
      "stateCode": "SA",
      "latitude": "14.60690000",
      "longitude": "-90.67807000"
   },
   {
      "name": "San Lucas Sacatepéquez",
      "countryCode": "GT",
      "stateCode": "SA",
      "latitude": "14.61075000",
      "longitude": "-90.65681000"
   },
   {
      "name": "San Miguel Dueñas",
      "countryCode": "GT",
      "stateCode": "SA",
      "latitude": "14.52241000",
      "longitude": "-90.79938000"
   },
   {
      "name": "Santa Catarina Barahona",
      "countryCode": "GT",
      "stateCode": "SA",
      "latitude": "14.55135000",
      "longitude": "-90.78598000"
   },
   {
      "name": "Santa Lucía Milpas Altas",
      "countryCode": "GT",
      "stateCode": "SA",
      "latitude": "14.57655000",
      "longitude": "-90.67632000"
   },
   {
      "name": "Santa María de Jesús",
      "countryCode": "GT",
      "stateCode": "SA",
      "latitude": "14.49452000",
      "longitude": "-90.71036000"
   },
   {
      "name": "Santiago Sacatepéquez",
      "countryCode": "GT",
      "stateCode": "SA",
      "latitude": "14.63510000",
      "longitude": "-90.67654000"
   },
   {
      "name": "Santo Domingo Xenacoj",
      "countryCode": "GT",
      "stateCode": "SA",
      "latitude": "14.68057000",
      "longitude": "-90.70012000"
   },
   {
      "name": "Sumpango",
      "countryCode": "GT",
      "stateCode": "SA",
      "latitude": "14.64623000",
      "longitude": "-90.73427000"
   }
]