[
   {
      "name": "Alto del Espino",
      "countryCode": "PA",
      "stateCode": "10",
      "latitude": "8.84213000",
      "longitude": "-79.84551000"
   },
   {
      "name": "Altos de San Francisco",
      "countryCode": "PA",
      "stateCode": "10",
      "latitude": "8.86167000",
      "longitude": "-79.79000000"
   },
   {
      "name": "Arenosa",
      "countryCode": "PA",
      "stateCode": "10",
      "latitude": "9.03978000",
      "longitude": "-79.95128000"
   },
   {
      "name": "Arosemena",
      "countryCode": "PA",
      "stateCode": "10",
      "latitude": "8.97091000",
      "longitude": "-79.96641000"
   },
   {
      "name": "Arraiján",
      "countryCode": "PA",
      "stateCode": "10",
      "latitude": "8.95187000",
      "longitude": "-79.66011000"
   },
   {
      "name": "Bejuco",
      "countryCode": "PA",
      "stateCode": "10",
      "latitude": "8.60037000",
      "longitude": "-79.88988000"
   },
   {
      "name": "Buenos Aires",
      "countryCode": "PA",
      "stateCode": "10",
      "latitude": "8.63146000",
      "longitude": "-79.94775000"
   },
   {
      "name": "Cabuya",
      "countryCode": "PA",
      "stateCode": "10",
      "latitude": "8.57472000",
      "longitude": "-79.92714000"
   },
   {
      "name": "Caimito",
      "countryCode": "PA",
      "stateCode": "10",
      "latitude": "8.81143000",
      "longitude": "-79.94738000"
   },
   {
      "name": "Capira",
      "countryCode": "PA",
      "stateCode": "10",
      "latitude": "8.75636000",
      "longitude": "-79.87996000"
   },
   {
      "name": "Cermeño",
      "countryCode": "PA",
      "stateCode": "10",
      "latitude": "8.74082000",
      "longitude": "-79.85299000"
   },
   {
      "name": "Cerro Cama",
      "countryCode": "PA",
      "stateCode": "10",
      "latitude": "9.02802000",
      "longitude": "-79.90744000"
   },
   {
      "name": "Chame",
      "countryCode": "PA",
      "stateCode": "10",
      "latitude": "8.57753000",
      "longitude": "-79.88595000"
   },
   {
      "name": "Cirí de Los Sotos",
      "countryCode": "PA",
      "stateCode": "10",
      "latitude": "8.97206000",
      "longitude": "-80.09209000"
   },
   {
      "name": "Distrito Arraiján",
      "countryCode": "PA",
      "stateCode": "10",
      "latitude": "8.95000000",
      "longitude": "-79.70000000"
   },
   {
      "name": "Distrito de Capira",
      "countryCode": "PA",
      "stateCode": "10",
      "latitude": "8.76228000",
      "longitude": "-79.88275000"
   },
   {
      "name": "Distrito de Chame",
      "countryCode": "PA",
      "stateCode": "10",
      "latitude": "8.60000000",
      "longitude": "-79.91667000"
   },
   {
      "name": "Distrito de La Chorrera",
      "countryCode": "PA",
      "stateCode": "10",
      "latitude": "8.95000000",
      "longitude": "-79.85000000"
   },
   {
      "name": "Distrito de San Carlos",
      "countryCode": "PA",
      "stateCode": "10",
      "latitude": "8.53196000",
      "longitude": "-80.06906000"
   },
   {
      "name": "El Cacao",
      "countryCode": "PA",
      "stateCode": "10",
      "latitude": "8.76134000",
      "longitude": "-80.01294000"
   },
   {
      "name": "El Coco",
      "countryCode": "PA",
      "stateCode": "10",
      "latitude": "8.87009000",
      "longitude": "-79.80415000"
   },
   {
      "name": "El Espavé",
      "countryCode": "PA",
      "stateCode": "10",
      "latitude": "8.66161000",
      "longitude": "-79.87584000"
   },
   {
      "name": "El Espino",
      "countryCode": "PA",
      "stateCode": "10",
      "latitude": "8.83795000",
      "longitude": "-79.84925000"
   },
   {
      "name": "El Higo",
      "countryCode": "PA",
      "stateCode": "10",
      "latitude": "8.44731000",
      "longitude": "-80.03603000"
   },
   {
      "name": "El Líbano",
      "countryCode": "PA",
      "stateCode": "10",
      "latitude": "8.61685000",
      "longitude": "-79.83483000"
   },
   {
      "name": "Guadalupe",
      "countryCode": "PA",
      "stateCode": "10",
      "latitude": "8.85452000",
      "longitude": "-79.81408000"
   },
   {
      "name": "Guayabito",
      "countryCode": "PA",
      "stateCode": "10",
      "latitude": "8.54828000",
      "longitude": "-80.01350000"
   },
   {
      "name": "Hato Montaña",
      "countryCode": "PA",
      "stateCode": "10",
      "latitude": "8.91938000",
      "longitude": "-79.73915000"
   },
   {
      "name": "La Chorrera",
      "countryCode": "PA",
      "stateCode": "10",
      "latitude": "8.88028000",
      "longitude": "-79.78333000"
   },
   {
      "name": "La Ermita",
      "countryCode": "PA",
      "stateCode": "10",
      "latitude": "8.45622000",
      "longitude": "-80.06835000"
   },
   {
      "name": "La Herradura",
      "countryCode": "PA",
      "stateCode": "10",
      "latitude": "8.84848000",
      "longitude": "-79.80404000"
   },
   {
      "name": "La Laguna",
      "countryCode": "PA",
      "stateCode": "10",
      "latitude": "9.04404000",
      "longitude": "-79.84215000"
   },
   {
      "name": "La Mitra",
      "countryCode": "PA",
      "stateCode": "10",
      "latitude": "8.84091000",
      "longitude": "-79.78648000"
   },
   {
      "name": "La Pesa",
      "countryCode": "PA",
      "stateCode": "10",
      "latitude": "8.85073000",
      "longitude": "-79.82374000"
   },
   {
      "name": "Las Colinas",
      "countryCode": "PA",
      "stateCode": "10",
      "latitude": "8.55000000",
      "longitude": "-80.08333000"
   },
   {
      "name": "Las Lajas",
      "countryCode": "PA",
      "stateCode": "10",
      "latitude": "8.54963000",
      "longitude": "-79.93521000"
   },
   {
      "name": "Las Uvas",
      "countryCode": "PA",
      "stateCode": "10",
      "latitude": "8.45937000",
      "longitude": "-80.00075000"
   },
   {
      "name": "Llano Largo",
      "countryCode": "PA",
      "stateCode": "10",
      "latitude": "8.83463000",
      "longitude": "-79.80765000"
   },
   {
      "name": "Los Llanitos",
      "countryCode": "PA",
      "stateCode": "10",
      "latitude": "8.59787000",
      "longitude": "-80.09503000"
   },
   {
      "name": "Mendoza",
      "countryCode": "PA",
      "stateCode": "10",
      "latitude": "9.01471000",
      "longitude": "-79.85073000"
   },
   {
      "name": "Nueva Arenosa",
      "countryCode": "PA",
      "stateCode": "10",
      "latitude": "8.86944000",
      "longitude": "-79.99472000"
   },
   {
      "name": "Nueva Gorgona",
      "countryCode": "PA",
      "stateCode": "10",
      "latitude": "8.55000000",
      "longitude": "-79.87547000"
   },
   {
      "name": "Nuevo Arraiján",
      "countryCode": "PA",
      "stateCode": "10",
      "latitude": "8.92453000",
      "longitude": "-79.72004000"
   },
   {
      "name": "Nuevo Emperador",
      "countryCode": "PA",
      "stateCode": "10",
      "latitude": "9.00273000",
      "longitude": "-79.73141000"
   },
   {
      "name": "Playa Leona",
      "countryCode": "PA",
      "stateCode": "10",
      "latitude": "8.78389000",
      "longitude": "-79.77547000"
   },
   {
      "name": "Potrero Grande",
      "countryCode": "PA",
      "stateCode": "10",
      "latitude": "8.88051000",
      "longitude": "-79.82795000"
   },
   {
      "name": "Puerto Caimito",
      "countryCode": "PA",
      "stateCode": "10",
      "latitude": "8.87022000",
      "longitude": "-79.71423000"
   },
   {
      "name": "Río Congo",
      "countryCode": "PA",
      "stateCode": "10",
      "latitude": "8.96666000",
      "longitude": "-79.76105000"
   },
   {
      "name": "San Carlos",
      "countryCode": "PA",
      "stateCode": "10",
      "latitude": "8.47323000",
      "longitude": "-79.96104000"
   },
   {
      "name": "San José",
      "countryCode": "PA",
      "stateCode": "10",
      "latitude": "8.93333000",
      "longitude": "-79.73333000"
   },
   {
      "name": "San Vicente de Bique",
      "countryCode": "PA",
      "stateCode": "10",
      "latitude": "8.91143000",
      "longitude": "-79.67360000"
   },
   {
      "name": "Santa Clara",
      "countryCode": "PA",
      "stateCode": "10",
      "latitude": "9.02875000",
      "longitude": "-79.75443000"
   },
   {
      "name": "Santa Rita",
      "countryCode": "PA",
      "stateCode": "10",
      "latitude": "8.85681000",
      "longitude": "-79.87954000"
   },
   {
      "name": "Sorá",
      "countryCode": "PA",
      "stateCode": "10",
      "latitude": "8.63191000",
      "longitude": "-80.00888000"
   },
   {
      "name": "Veracruz",
      "countryCode": "PA",
      "stateCode": "10",
      "latitude": "8.88988000",
      "longitude": "-79.62603000"
   },
   {
      "name": "Villa Carmen",
      "countryCode": "PA",
      "stateCode": "10",
      "latitude": "8.79832000",
      "longitude": "-79.86929000"
   },
   {
      "name": "Villa Rosario",
      "countryCode": "PA",
      "stateCode": "10",
      "latitude": "8.77379000",
      "longitude": "-79.87547000"
   },
   {
      "name": "Vista Alegre",
      "countryCode": "PA",
      "stateCode": "10",
      "latitude": "8.92772000",
      "longitude": "-79.70280000"
   }
]