[
   {
      "name": "Chiclayo",
      "countryCode": "PE",
      "stateCode": "LAM",
      "latitude": "-6.77137000",
      "longitude": "-79.84088000"
   },
   {
      "name": "Chongoyape",
      "countryCode": "PE",
      "stateCode": "LAM",
      "latitude": "-6.64056000",
      "longitude": "-79.38917000"
   },
   {
      "name": "Eten",
      "countryCode": "PE",
      "stateCode": "LAM",
      "latitude": "-6.90806000",
      "longitude": "-79.86417000"
   },
   {
      "name": "Ferreñafe",
      "countryCode": "PE",
      "stateCode": "LAM",
      "latitude": "-6.63889000",
      "longitude": "-79.78889000"
   },
   {
      "name": "Jayanca",
      "countryCode": "PE",
      "stateCode": "LAM",
      "latitude": "-6.39083000",
      "longitude": "-79.82194000"
   },
   {
      "name": "Lambayeque",
      "countryCode": "PE",
      "stateCode": "LAM",
      "latitude": "-6.70111000",
      "longitude": "-79.90611000"
   },
   {
      "name": "Mochumí",
      "countryCode": "PE",
      "stateCode": "LAM",
      "latitude": "-6.54364000",
      "longitude": "-79.86217000"
   },
   {
      "name": "Monsefú",
      "countryCode": "PE",
      "stateCode": "LAM",
      "latitude": "-6.87431000",
      "longitude": "-79.86871000"
   },
   {
      "name": "Motupe",
      "countryCode": "PE",
      "stateCode": "LAM",
      "latitude": "-6.15194000",
      "longitude": "-79.71417000"
   },
   {
      "name": "Mórrope",
      "countryCode": "PE",
      "stateCode": "LAM",
      "latitude": "-6.53536000",
      "longitude": "-80.01104000"
   },
   {
      "name": "Olmos",
      "countryCode": "PE",
      "stateCode": "LAM",
      "latitude": "-5.98472000",
      "longitude": "-79.74528000"
   },
   {
      "name": "Oyotún",
      "countryCode": "PE",
      "stateCode": "LAM",
      "latitude": "-6.84438000",
      "longitude": "-79.30093000"
   },
   {
      "name": "Picsi",
      "countryCode": "PE",
      "stateCode": "LAM",
      "latitude": "-6.71778000",
      "longitude": "-79.76972000"
   },
   {
      "name": "Pimentel",
      "countryCode": "PE",
      "stateCode": "LAM",
      "latitude": "-6.83667000",
      "longitude": "-79.93417000"
   },
   {
      "name": "Provincia de Chiclayo",
      "countryCode": "PE",
      "stateCode": "LAM",
      "latitude": "-6.76667000",
      "longitude": "-79.85000000"
   },
   {
      "name": "Provincia de Ferreñafe",
      "countryCode": "PE",
      "stateCode": "LAM",
      "latitude": "-6.33333000",
      "longitude": "-79.50000000"
   },
   {
      "name": "Provincia de Lambayeque",
      "countryCode": "PE",
      "stateCode": "LAM",
      "latitude": "-6.08333000",
      "longitude": "-80.08333000"
   },
   {
      "name": "Pueblo Nuevo",
      "countryCode": "PE",
      "stateCode": "LAM",
      "latitude": "-5.71667000",
      "longitude": "-79.88333000"
   },
   {
      "name": "Reque",
      "countryCode": "PE",
      "stateCode": "LAM",
      "latitude": "-6.86556000",
      "longitude": "-79.81778000"
   },
   {
      "name": "San José",
      "countryCode": "PE",
      "stateCode": "LAM",
      "latitude": "-6.73813000",
      "longitude": "-79.82750000"
   },
   {
      "name": "Santa Rosa",
      "countryCode": "PE",
      "stateCode": "LAM",
      "latitude": "-6.75772000",
      "longitude": "-79.82747000"
   },
   {
      "name": "Saña",
      "countryCode": "PE",
      "stateCode": "LAM",
      "latitude": "-6.91888000",
      "longitude": "-79.58200000"
   },
   {
      "name": "Túcume",
      "countryCode": "PE",
      "stateCode": "LAM",
      "latitude": "-6.50637000",
      "longitude": "-79.85725000"
   }
]