[
   {
      "name": "Aldeia Nova de São Bento",
      "countryCode": "PT",
      "stateCode": "02",
      "latitude": "37.92603000",
      "longitude": "-7.40804000"
   },
   {
      "name": "Aljustrel",
      "countryCode": "PT",
      "stateCode": "02",
      "latitude": "37.87759000",
      "longitude": "-8.16516000"
   },
   {
      "name": "Almodôvar",
      "countryCode": "PT",
      "stateCode": "02",
      "latitude": "37.49590000",
      "longitude": "-8.09372000"
   },
   {
      "name": "Almograve",
      "countryCode": "PT",
      "stateCode": "02",
      "latitude": "37.65665000",
      "longitude": "-8.79214000"
   },
   {
      "name": "Alvito",
      "countryCode": "PT",
      "stateCode": "02",
      "latitude": "38.24653000",
      "longitude": "-8.05038000"
   },
   {
      "name": "Barrancos",
      "countryCode": "PT",
      "stateCode": "02",
      "latitude": "38.13446000",
      "longitude": "-6.97604000"
   },
   {
      "name": "Beja",
      "countryCode": "PT",
      "stateCode": "02",
      "latitude": "38.01506000",
      "longitude": "-7.86323000"
   },
   {
      "name": "Beringel",
      "countryCode": "PT",
      "stateCode": "02",
      "latitude": "38.05656000",
      "longitude": "-7.98427000"
   },
   {
      "name": "Boavista dos Pinheiros",
      "countryCode": "PT",
      "stateCode": "02",
      "latitude": "37.58058000",
      "longitude": "-8.66441000"
   },
   {
      "name": "Cabeça Gorda",
      "countryCode": "PT",
      "stateCode": "02",
      "latitude": "37.92401000",
      "longitude": "-7.79290000"
   },
   {
      "name": "Castro Verde",
      "countryCode": "PT",
      "stateCode": "02",
      "latitude": "37.69828000",
      "longitude": "-8.08581000"
   },
   {
      "name": "Cuba",
      "countryCode": "PT",
      "stateCode": "02",
      "latitude": "38.21972000",
      "longitude": "-7.92114000"
   },
   {
      "name": "Ferreira do Alentejo",
      "countryCode": "PT",
      "stateCode": "02",
      "latitude": "38.05000000",
      "longitude": "-8.03333000"
   },
   {
      "name": "Minas de São Domingos",
      "countryCode": "PT",
      "stateCode": "02",
      "latitude": "37.67322000",
      "longitude": "-7.49765000"
   },
   {
      "name": "Moura",
      "countryCode": "PT",
      "stateCode": "02",
      "latitude": "38.14010000",
      "longitude": "-7.44856000"
   },
   {
      "name": "Mértola",
      "countryCode": "PT",
      "stateCode": "02",
      "latitude": "37.65918000",
      "longitude": "-7.66434000"
   },
   {
      "name": "Neves",
      "countryCode": "PT",
      "stateCode": "02",
      "latitude": "38.02270000",
      "longitude": "-7.81344000"
   },
   {
      "name": "Odemira",
      "countryCode": "PT",
      "stateCode": "02",
      "latitude": "37.59798000",
      "longitude": "-8.63972000"
   },
   {
      "name": "Ourique",
      "countryCode": "PT",
      "stateCode": "02",
      "latitude": "37.69156000",
      "longitude": "-8.31031000"
   },
   {
      "name": "Penedo Gordo",
      "countryCode": "PT",
      "stateCode": "02",
      "latitude": "37.98477000",
      "longitude": "-7.91651000"
   },
   {
      "name": "Salvada",
      "countryCode": "PT",
      "stateCode": "02",
      "latitude": "37.93771000",
      "longitude": "-7.77448000"
   },
   {
      "name": "Serpa",
      "countryCode": "PT",
      "stateCode": "02",
      "latitude": "37.95201000",
      "longitude": "-7.47534000"
   },
   {
      "name": "São Luis",
      "countryCode": "PT",
      "stateCode": "02",
      "latitude": "37.71556000",
      "longitude": "-8.66472000"
   },
   {
      "name": "São Teotónio",
      "countryCode": "PT",
      "stateCode": "02",
      "latitude": "37.51282000",
      "longitude": "-8.70708000"
   },
   {
      "name": "Vidigueira",
      "countryCode": "PT",
      "stateCode": "02",
      "latitude": "38.18448000",
      "longitude": "-7.74469000"
   },
   {
      "name": "Vila Nova de Milfontes",
      "countryCode": "PT",
      "stateCode": "02",
      "latitude": "37.72377000",
      "longitude": "-8.78278000"
   },
   {
      "name": "Zambujeira do Mar",
      "countryCode": "PT",
      "stateCode": "02",
      "latitude": "37.52799000",
      "longitude": "-8.78483000"
   }
]