[
   {
      "name": "Aanislag",
      "countryCode": "PH",
      "stateCode": "ALB"
   },
   {
      "name": "Abucay",
      "countryCode": "PH",
      "stateCode": "ALB"
   },
   {
      "name": "Abuyog",
      "countryCode": "PH",
      "stateCode": "ALB"
   },
   {
      "name": "Agos",
      "countryCode": "PH",
      "stateCode": "ALB"
   },
   {
      "name": "Aguada",
      "countryCode": "PH",
      "stateCode": "ALB"
   },
   {
      "name": "Agupit",
      "countryCode": "PH",
      "stateCode": "ALB"
   },
   {
      "name": "Alayao",
      "countryCode": "PH",
      "stateCode": "ALB"
   },
   {
      "name": "Antipolo",
      "countryCode": "PH",
      "stateCode": "ALB"
   },
   {
      "name": "Anuling",
      "countryCode": "PH",
      "stateCode": "ALB"
   },
   {
      "name": "Apad",
      "countryCode": "PH",
      "stateCode": "ALB"
   },
   {
      "name": "Apud",
      "countryCode": "PH",
      "stateCode": "ALB"
   },
   {
      "name": "Armenia",
      "countryCode": "PH",
      "stateCode": "ALB"
   },
   {
      "name": "Aroroy",
      "countryCode": "PH",
      "stateCode": "ALB"
   },
   {
      "name": "Ayugan",
      "countryCode": "PH",
      "stateCode": "ALB"
   },
   {
      "name": "Baao",
      "countryCode": "PH",
      "stateCode": "ALB"
   },
   {
      "name": "Bacacay",
      "countryCode": "PH",
      "stateCode": "ALB"
   },
   {
      "name": "Bacolod",
      "countryCode": "PH",
      "stateCode": "ALB"
   },
   {
      "name": "Bacon",
      "countryCode": "PH",
      "stateCode": "ALB"
   },
   {
      "name": "Badian",
      "countryCode": "PH",
      "stateCode": "ALB"
   },
   {
      "name": "Bagacay",
      "countryCode": "PH",
      "stateCode": "ALB"
   },
   {
      "name": "Bagahanlad",
      "countryCode": "PH",
      "stateCode": "ALB"
   },
   {
      "name": "Bagamanoc",
      "countryCode": "PH",
      "stateCode": "ALB"
   },
   {
      "name": "Bagumbayan",
      "countryCode": "PH",
      "stateCode": "ALB"
   },
   {
      "name": "Bahay",
      "countryCode": "PH",
      "stateCode": "ALB"
   },
   {
      "name": "Balading",
      "countryCode": "PH",
      "stateCode": "ALB"
   },
   {
      "name": "Balaogan",
      "countryCode": "PH",
      "stateCode": "ALB"
   },
   {
      "name": "Balatan",
      "countryCode": "PH",
      "stateCode": "ALB"
   },
   {
      "name": "Baleno",
      "countryCode": "PH",
      "stateCode": "ALB"
   },
   {
      "name": "Balete",
      "countryCode": "PH",
      "stateCode": "ALB"
   },
   {
      "name": "Baligang",
      "countryCode": "PH",
      "stateCode": "ALB"
   },
   {
      "name": "Balinad",
      "countryCode": "PH",
      "stateCode": "ALB"
   },
   {
      "name": "Baliuag Nuevo",
      "countryCode": "PH",
      "stateCode": "ALB"
   },
   {
      "name": "Balogo",
      "countryCode": "PH",
      "stateCode": "ALB"
   },
   {
      "name": "Balucawi",
      "countryCode": "PH",
      "stateCode": "ALB"
   },
   {
      "name": "Balud",
      "countryCode": "PH",
      "stateCode": "ALB"
   },
   {
      "name": "Banag",
      "countryCode": "PH",
      "stateCode": "ALB"
   },
   {
      "name": "Bangad",
      "countryCode": "PH",
      "stateCode": "ALB"
   },
   {
      "name": "Bangkirohan",
      "countryCode": "PH",
      "stateCode": "ALB"
   },
   {
      "name": "Banocboc",
      "countryCode": "PH",
      "stateCode": "ALB"
   },
   {
      "name": "Bao",
      "countryCode": "PH",
      "stateCode": "ALB"
   },
   {
      "name": "Baras",
      "countryCode": "PH",
      "stateCode": "ALB"
   },
   {
      "name": "Barayong",
      "countryCode": "PH",
      "stateCode": "ALB"
   },
   {
      "name": "Barcelona",
      "countryCode": "PH",
      "stateCode": "ALB"
   },
   {
      "name": "Bariw",
      "countryCode": "PH",
      "stateCode": "ALB"
   },
   {
      "name": "Barra",
      "countryCode": "PH",
      "stateCode": "ALB"
   },
   {
      "name": "Bascaron",
      "countryCode": "PH",
      "stateCode": "ALB"
   },
   {
      "name": "Basiad",
      "countryCode": "PH",
      "stateCode": "ALB"
   },
   {
      "name": "Basicao Coastal",
      "countryCode": "PH",
      "stateCode": "ALB"
   },
   {
      "name": "Basud",
      "countryCode": "PH",
      "stateCode": "ALB"
   },
   {
      "name": "Batana",
      "countryCode": "PH",
      "stateCode": "ALB"
   },
   {
      "name": "Bato",
      "countryCode": "PH",
      "stateCode": "ALB"
   },
   {
      "name": "Batobalane",
      "countryCode": "PH",
      "stateCode": "ALB"
   },
   {
      "name": "Batuan",
      "countryCode": "PH",
      "stateCode": "ALB"
   },
   {
      "name": "Baybay",
      "countryCode": "PH",
      "stateCode": "ALB"
   },
   {
      "name": "Beberon",
      "countryCode": "PH",
      "stateCode": "ALB"
   },
   {
      "name": "Bigaa",
      "countryCode": "PH",
      "stateCode": "ALB"
   },
   {
      "name": "Binanwanaan",
      "countryCode": "PH",
      "stateCode": "ALB"
   },
   {
      "name": "Binitayan",
      "countryCode": "PH",
      "stateCode": "ALB"
   },
   {
      "name": "Binodegahan",
      "countryCode": "PH",
      "stateCode": "ALB"
   },
   {
      "name": "Bolo",
      "countryCode": "PH",
      "stateCode": "ALB"
   },
   {
      "name": "Bombon",
      "countryCode": "PH",
      "stateCode": "ALB"
   },
   {
      "name": "Bonga",
      "countryCode": "PH",
      "stateCode": "ALB"
   },
   {
      "name": "Boton",
      "countryCode": "PH",
      "stateCode": "ALB"
   },
   {
      "name": "Buang",
      "countryCode": "PH",
      "stateCode": "ALB"
   },
   {
      "name": "Buenavista",
      "countryCode": "PH",
      "stateCode": "ALB"
   },
   {
      "name": "Buga",
      "countryCode": "PH",
      "stateCode": "ALB"
   },
   {
      "name": "Buhatan",
      "countryCode": "PH",
      "stateCode": "ALB"
   },
   {
      "name": "Buhi",
      "countryCode": "PH",
      "stateCode": "ALB"
   },
   {
      "name": "Bula",
      "countryCode": "PH",
      "stateCode": "ALB"
   },
   {
      "name": "Bulan",
      "countryCode": "PH",
      "stateCode": "ALB"
   },
   {
      "name": "Bulo",
      "countryCode": "PH",
      "stateCode": "ALB"
   },
   {
      "name": "Buluang",
      "countryCode": "PH",
      "stateCode": "ALB"
   },
   {
      "name": "Bulusan",
      "countryCode": "PH",
      "stateCode": "ALB"
   },
   {
      "name": "Burabod",
      "countryCode": "PH",
      "stateCode": "ALB"
   },
   {
      "name": "Buracan",
      "countryCode": "PH",
      "stateCode": "ALB"
   },
   {
      "name": "Busing",
      "countryCode": "PH",
      "stateCode": "ALB"
   },
   {
      "name": "Butag",
      "countryCode": "PH",
      "stateCode": "ALB"
   },
   {
      "name": "Buyo",
      "countryCode": "PH",
      "stateCode": "ALB"
   },
   {
      "name": "Cabcab",
      "countryCode": "PH",
      "stateCode": "ALB"
   },
   {
      "name": "Cabiguan",
      "countryCode": "PH",
      "stateCode": "ALB"
   },
   {
      "name": "Cabitan",
      "countryCode": "PH",
      "stateCode": "ALB"
   },
   {
      "name": "Cabognon",
      "countryCode": "PH",
      "stateCode": "ALB"
   },
   {
      "name": "Cabugao",
      "countryCode": "PH",
      "stateCode": "ALB"
   },
   {
      "name": "Cabusao",
      "countryCode": "PH",
      "stateCode": "ALB"
   },
   {
      "name": "Caditaan",
      "countryCode": "PH",
      "stateCode": "ALB"
   },
   {
      "name": "Cadlan",
      "countryCode": "PH",
      "stateCode": "ALB"
   },
   {
      "name": "Cagmanaba",
      "countryCode": "PH",
      "stateCode": "ALB"
   },
   {
      "name": "Calabaca",
      "countryCode": "PH",
      "stateCode": "ALB"
   },
   {
      "name": "Calabanga",
      "countryCode": "PH",
      "stateCode": "ALB"
   },
   {
      "name": "Calachuchi",
      "countryCode": "PH",
      "stateCode": "ALB"
   },
   {
      "name": "Calasgasan",
      "countryCode": "PH",
      "stateCode": "ALB"
   },
   {
      "name": "Calatagan",
      "countryCode": "PH",
      "stateCode": "ALB"
   },
   {
      "name": "Calolbon",
      "countryCode": "PH",
      "stateCode": "ALB"
   },
   {
      "name": "Camalig",
      "countryCode": "PH",
      "stateCode": "ALB"
   },
   {
      "name": "Camaligan",
      "countryCode": "PH",
      "stateCode": "ALB"
   },
   {
      "name": "Canaman",
      "countryCode": "PH",
      "stateCode": "ALB"
   },
   {
      "name": "Canomoy",
      "countryCode": "PH",
      "stateCode": "ALB"
   },
   {
      "name": "Capalonga",
      "countryCode": "PH",
      "stateCode": "ALB"
   },
   {
      "name": "Capucnasan",
      "countryCode": "PH",
      "stateCode": "ALB"
   },
   {
      "name": "Capuy",
      "countryCode": "PH",
      "stateCode": "ALB"
   },
   {
      "name": "Caramoan",
      "countryCode": "PH",
      "stateCode": "ALB"
   },
   {
      "name": "Caramoran",
      "countryCode": "PH",
      "stateCode": "ALB"
   },
   {
      "name": "Caranan",
      "countryCode": "PH",
      "stateCode": "ALB"
   },
   {
      "name": "Caraycayon",
      "countryCode": "PH",
      "stateCode": "ALB"
   },
   {
      "name": "Carriedo",
      "countryCode": "PH",
      "stateCode": "ALB"
   },
   {
      "name": "Casiguran",
      "countryCode": "PH",
      "stateCode": "ALB"
   },
   {
      "name": "Castilla",
      "countryCode": "PH",
      "stateCode": "ALB"
   },
   {
      "name": "Castillo",
      "countryCode": "PH",
      "stateCode": "ALB"
   },
   {
      "name": "Catabangan",
      "countryCode": "PH",
      "stateCode": "ALB"
   },
   {
      "name": "Cataingan",
      "countryCode": "PH",
      "stateCode": "ALB"
   },
   {
      "name": "Causip",
      "countryCode": "PH",
      "stateCode": "ALB"
   },
   {
      "name": "Claveria",
      "countryCode": "PH",
      "stateCode": "ALB"
   },
   {
      "name": "Cotmon",
      "countryCode": "PH",
      "stateCode": "ALB"
   },
   {
      "name": "Culacling",
      "countryCode": "PH",
      "stateCode": "ALB"
   },
   {
      "name": "Cumadcad",
      "countryCode": "PH",
      "stateCode": "ALB"
   },
   {
      "name": "Curry",
      "countryCode": "PH",
      "stateCode": "ALB"
   },
   {
      "name": "Daet",
      "countryCode": "PH",
      "stateCode": "ALB"
   },
   {
      "name": "Daguit",
      "countryCode": "PH",
      "stateCode": "ALB"
   },
   {
      "name": "Dalupaon",
      "countryCode": "PH",
      "stateCode": "ALB"
   },
   {
      "name": "Dangcalan",
      "countryCode": "PH",
      "stateCode": "ALB"
   },
   {
      "name": "Dapdap",
      "countryCode": "PH",
      "stateCode": "ALB"
   },
   {
      "name": "Daraga",
      "countryCode": "PH",
      "stateCode": "ALB"
   },
   {
      "name": "Del Gallego",
      "countryCode": "PH",
      "stateCode": "ALB"
   },
   {
      "name": "Del Rosario",
      "countryCode": "PH",
      "stateCode": "ALB"
   },
   {
      "name": "Dimasalang",
      "countryCode": "PH",
      "stateCode": "ALB"
   },
   {
      "name": "Donsol",
      "countryCode": "PH",
      "stateCode": "ALB"
   },
   {
      "name": "Dugcal",
      "countryCode": "PH",
      "stateCode": "ALB"
   },
   {
      "name": "Dugongan",
      "countryCode": "PH",
      "stateCode": "ALB"
   },
   {
      "name": "Esperanza",
      "countryCode": "PH",
      "stateCode": "ALB"
   },
   {
      "name": "Estancia",
      "countryCode": "PH",
      "stateCode": "ALB"
   },
   {
      "name": "Fabrica",
      "countryCode": "PH",
      "stateCode": "ALB"
   },
   {
      "name": "Gabao",
      "countryCode": "PH",
      "stateCode": "ALB"
   },
   {
      "name": "Gainza",
      "countryCode": "PH",
      "stateCode": "ALB"
   },
   {
      "name": "Gambalidio",
      "countryCode": "PH",
      "stateCode": "ALB"
   },
   {
      "name": "Garchitorena",
      "countryCode": "PH",
      "stateCode": "ALB"
   },
   {
      "name": "Gatbo",
      "countryCode": "PH",
      "stateCode": "ALB"
   },
   {
      "name": "Gibgos",
      "countryCode": "PH",
      "stateCode": "ALB"
   },
   {
      "name": "Gigmoto",
      "countryCode": "PH",
      "stateCode": "ALB"
   },
   {
      "name": "Goa",
      "countryCode": "PH",
      "stateCode": "ALB"
   },
   {
      "name": "Gubat",
      "countryCode": "PH",
      "stateCode": "ALB"
   },
   {
      "name": "Guijalo",
      "countryCode": "PH",
      "stateCode": "ALB"
   },
   {
      "name": "Guinacotan",
      "countryCode": "PH",
      "stateCode": "ALB"
   },
   {
      "name": "Guinobatan",
      "countryCode": "PH",
      "stateCode": "ALB"
   },
   {
      "name": "Gumaus",
      "countryCode": "PH",
      "stateCode": "ALB"
   },
   {
      "name": "Guruyan",
      "countryCode": "PH",
      "stateCode": "ALB"
   },
   {
      "name": "Hamoraon",
      "countryCode": "PH",
      "stateCode": "ALB"
   },
   {
      "name": "Herrera",
      "countryCode": "PH",
      "stateCode": "ALB"
   },
   {
      "name": "Himaao",
      "countryCode": "PH",
      "stateCode": "ALB"
   },
   {
      "name": "Hobo",
      "countryCode": "PH",
      "stateCode": "ALB"
   },
   {
      "name": "Imelda",
      "countryCode": "PH",
      "stateCode": "ALB"
   },
   {
      "name": "Inapatan",
      "countryCode": "PH",
      "stateCode": "ALB"
   },
   {
      "name": "Iraya",
      "countryCode": "PH",
      "stateCode": "ALB"
   },
   {
      "name": "Iriga City",
      "countryCode": "PH",
      "stateCode": "ALB"
   },
   {
      "name": "Irosin",
      "countryCode": "PH",
      "stateCode": "ALB"
   },
   {
      "name": "Joroan",
      "countryCode": "PH",
      "stateCode": "ALB"
   },
   {
      "name": "Jose Pa単ganiban",
      "countryCode": "PH",
      "stateCode": "ALB"
   },
   {
      "name": "Jovellar",
      "countryCode": "PH",
      "stateCode": "ALB"
   },
   {
      "name": "Juban",
      "countryCode": "PH",
      "stateCode": "ALB"
   },
   {
      "name": "Kaliliog",
      "countryCode": "PH",
      "stateCode": "ALB"
   },
   {
      "name": "Kinalansan",
      "countryCode": "PH",
      "stateCode": "ALB"
   },
   {
      "name": "Labnig",
      "countryCode": "PH",
      "stateCode": "ALB"
   },
   {
      "name": "Labo",
      "countryCode": "PH",
      "stateCode": "ALB"
   },
   {
      "name": "Lacag",
      "countryCode": "PH",
      "stateCode": "ALB"
   },
   {
      "name": "Lagonoy",
      "countryCode": "PH",
      "stateCode": "ALB"
   },
   {
      "name": "Lajong",
      "countryCode": "PH",
      "stateCode": "ALB"
   },
   {
      "name": "Lanigay",
      "countryCode": "PH",
      "stateCode": "ALB"
   },
   {
      "name": "Lantangan",
      "countryCode": "PH",
      "stateCode": "ALB"
   },
   {
      "name": "Larap",
      "countryCode": "PH",
      "stateCode": "ALB"
   },
   {
      "name": "Legaspi",
      "countryCode": "PH",
      "stateCode": "ALB"
   },
   {
      "name": "Libmanan",
      "countryCode": "PH",
      "stateCode": "ALB"
   },
   {
      "name": "Libog",
      "countryCode": "PH",
      "stateCode": "ALB"
   },
   {
      "name": "Libon",
      "countryCode": "PH",
      "stateCode": "ALB"
   },
   {
      "name": "Liboro",
      "countryCode": "PH",
      "stateCode": "ALB"
   },
   {
      "name": "Ligao",
      "countryCode": "PH",
      "stateCode": "ALB"
   },
   {
      "name": "Limbuhan",
      "countryCode": "PH",
      "stateCode": "ALB"
   },
   {
      "name": "Lourdes",
      "countryCode": "PH",
      "stateCode": "ALB"
   },
   {
      "name": "Lubigan",
      "countryCode": "PH",
      "stateCode": "ALB"
   },
   {
      "name": "Lugui",
      "countryCode": "PH",
      "stateCode": "ALB"
   },
   {
      "name": "Luklukan",
      "countryCode": "PH",
      "stateCode": "ALB"
   },
   {
      "name": "Luna",
      "countryCode": "PH",
      "stateCode": "ALB"
   },
   {
      "name": "Lupi",
      "countryCode": "PH",
      "stateCode": "ALB"
   },
   {
      "name": "Lupi Viejo",
      "countryCode": "PH",
      "stateCode": "ALB"
   },
   {
      "name": "Maagnas",
      "countryCode": "PH",
      "stateCode": "ALB"
   },
   {
      "name": "Mabiton",
      "countryCode": "PH",
      "stateCode": "ALB"
   },
   {
      "name": "Macabugos",
      "countryCode": "PH",
      "stateCode": "ALB"
   },
   {
      "name": "Macalaya",
      "countryCode": "PH",
      "stateCode": "ALB"
   },
   {
      "name": "Magallanes",
      "countryCode": "PH",
      "stateCode": "ALB"
   },
   {
      "name": "Magarao",
      "countryCode": "PH",
      "stateCode": "ALB"
   },
   {
      "name": "Magsalangi",
      "countryCode": "PH",
      "stateCode": "ALB"
   },
   {
      "name": "Mahaba",
      "countryCode": "PH",
      "stateCode": "ALB"
   },
   {
      "name": "Malabog",
      "countryCode": "PH",
      "stateCode": "ALB"
   },
   {
      "name": "Malasugui",
      "countryCode": "PH",
      "stateCode": "ALB"
   },
   {
      "name": "Malatap",
      "countryCode": "PH",
      "stateCode": "ALB"
   },
   {
      "name": "Malawag",
      "countryCode": "PH",
      "stateCode": "ALB"
   },
   {
      "name": "Malbug",
      "countryCode": "PH",
      "stateCode": "ALB"
   },
   {
      "name": "Malidong",
      "countryCode": "PH",
      "stateCode": "ALB"
   },
   {
      "name": "Malilipot",
      "countryCode": "PH",
      "stateCode": "ALB"
   },
   {
      "name": "Malinao",
      "countryCode": "PH",
      "stateCode": "ALB"
   },
   {
      "name": "Malinta",
      "countryCode": "PH",
      "stateCode": "ALB"
   },
   {
      "name": "Mambulo",
      "countryCode": "PH",
      "stateCode": "ALB"
   },
   {
      "name": "Mampurog",
      "countryCode": "PH",
      "stateCode": "ALB"
   },
   {
      "name": "Manamrag",
      "countryCode": "PH",
      "stateCode": "ALB"
   },
   {
      "name": "Mandaon",
      "countryCode": "PH",
      "stateCode": "ALB"
   },
   {
      "name": "Manga",
      "countryCode": "PH",
      "stateCode": "ALB"
   },
   {
      "name": "Manito",
      "countryCode": "PH",
      "stateCode": "ALB"
   },
   {
      "name": "Manquiring",
      "countryCode": "PH",
      "stateCode": "ALB"
   },
   {
      "name": "Maonon",
      "countryCode": "PH",
      "stateCode": "ALB"
   },
   {
      "name": "Marintoc",
      "countryCode": "PH",
      "stateCode": "ALB"
   },
   {
      "name": "Marupit",
      "countryCode": "PH",
      "stateCode": "ALB"
   },
   {
      "name": "Masaraway",
      "countryCode": "PH",
      "stateCode": "ALB"
   },
   {
      "name": "Masbate",
      "countryCode": "PH",
      "stateCode": "ALB"
   },
   {
      "name": "Maslog",
      "countryCode": "PH",
      "stateCode": "ALB"
   },
   {
      "name": "Masoli",
      "countryCode": "PH",
      "stateCode": "ALB"
   },
   {
      "name": "Matacon",
      "countryCode": "PH",
      "stateCode": "ALB"
   },
   {
      "name": "Matnog",
      "countryCode": "PH",
      "stateCode": "ALB"
   },
   {
      "name": "Mauraro",
      "countryCode": "PH",
      "stateCode": "ALB"
   },
   {
      "name": "Mayngaran",
      "countryCode": "PH",
      "stateCode": "ALB"
   },
   {
      "name": "Mercedes",
      "countryCode": "PH",
      "stateCode": "ALB"
   },
   {
      "name": "Miaga",
      "countryCode": "PH",
      "stateCode": "ALB"
   },
   {
      "name": "Milagros",
      "countryCode": "PH",
      "stateCode": "ALB"
   },
   {
      "name": "Milaor",
      "countryCode": "PH",
      "stateCode": "ALB"
   },
   {
      "name": "Miliroc",
      "countryCode": "PH",
      "stateCode": "ALB"
   },
   {
      "name": "Minalabac",
      "countryCode": "PH",
      "stateCode": "ALB"
   },
   {
      "name": "Mobo",
      "countryCode": "PH",
      "stateCode": "ALB"
   },
   {
      "name": "Monbon",
      "countryCode": "PH",
      "stateCode": "ALB"
   },
   {
      "name": "Monreal",
      "countryCode": "PH",
      "stateCode": "ALB"
   },
   {
      "name": "Muladbucad",
      "countryCode": "PH",
      "stateCode": "ALB"
   },
   {
      "name": "Naagas",
      "countryCode": "PH",
      "stateCode": "ALB"
   },
   {
      "name": "Nabangig",
      "countryCode": "PH",
      "stateCode": "ALB"
   },
   {
      "name": "Nabua",
      "countryCode": "PH",
      "stateCode": "ALB"
   },
   {
      "name": "Naga",
      "countryCode": "PH",
      "stateCode": "ALB"
   },
   {
      "name": "Naro",
      "countryCode": "PH",
      "stateCode": "ALB"
   },
   {
      "name": "Nato",
      "countryCode": "PH",
      "stateCode": "ALB"
   },
   {
      "name": "Ocampo",
      "countryCode": "PH",
      "stateCode": "ALB"
   },
   {
      "name": "Odicon",
      "countryCode": "PH",
      "stateCode": "ALB"
   },
   {
      "name": "Ogod",
      "countryCode": "PH",
      "stateCode": "ALB"
   },
   {
      "name": "Osiao",
      "countryCode": "PH",
      "stateCode": "ALB"
   },
   {
      "name": "Osme単a",
      "countryCode": "PH",
      "stateCode": "ALB"
   },
   {
      "name": "Padang",
      "countryCode": "PH",
      "stateCode": "ALB"
   },
   {
      "name": "Palali",
      "countryCode": "PH",
      "stateCode": "ALB"
   },
   {
      "name": "Palanas",
      "countryCode": "PH",
      "stateCode": "ALB"
   },
   {
      "name": "Palestina",
      "countryCode": "PH",
      "stateCode": "ALB"
   },
   {
      "name": "Palsong",
      "countryCode": "PH",
      "stateCode": "ALB"
   },
   {
      "name": "Pambuhan",
      "countryCode": "PH",
      "stateCode": "ALB"
   },
   {
      "name": "Pamplona",
      "countryCode": "PH",
      "stateCode": "ALB"
   },
   {
      "name": "Pandan",
      "countryCode": "PH",
      "stateCode": "ALB"
   },
   {
      "name": "Panganiban",
      "countryCode": "PH",
      "stateCode": "ALB"
   },
   {
      "name": "Panguiranan",
      "countryCode": "PH",
      "stateCode": "ALB"
   },
   {
      "name": "Paniqui",
      "countryCode": "PH",
      "stateCode": "ALB"
   },
   {
      "name": "Pantao",
      "countryCode": "PH",
      "stateCode": "ALB"
   },
   {
      "name": "Parabcan",
      "countryCode": "PH",
      "stateCode": "ALB"
   },
   {
      "name": "Paracale",
      "countryCode": "PH",
      "stateCode": "ALB"
   },
   {
      "name": "Pasacao",
      "countryCode": "PH",
      "stateCode": "ALB"
   },
   {
      "name": "Paulba",
      "countryCode": "PH",
      "stateCode": "ALB"
   },
   {
      "name": "Pawa",
      "countryCode": "PH",
      "stateCode": "ALB"
   },
   {
      "name": "Pawican",
      "countryCode": "PH",
      "stateCode": "ALB"
   },
   {
      "name": "Pawili",
      "countryCode": "PH",
      "stateCode": "ALB"
   },
   {
      "name": "Pe単a",
      "countryCode": "PH",
      "stateCode": "ALB"
   },
   {
      "name": "Pilar",
      "countryCode": "PH",
      "stateCode": "ALB"
   },
   {
      "name": "Pili",
      "countryCode": "PH",
      "stateCode": "ALB"
   },
   {
      "name": "Pinit",
      "countryCode": "PH",
      "stateCode": "ALB"
   },
   {
      "name": "Pio Duran",
      "countryCode": "PH",
      "stateCode": "ALB"
   },
   {
      "name": "Placer",
      "countryCode": "PH",
      "stateCode": "ALB"
   },
   {
      "name": "Polangui",
      "countryCode": "PH",
      "stateCode": "ALB"
   },
   {
      "name": "Ponso",
      "countryCode": "PH",
      "stateCode": "ALB"
   },
   {
      "name": "Potot",
      "countryCode": "PH",
      "stateCode": "ALB"
   },
   {
      "name": "Prieto Diaz",
      "countryCode": "PH",
      "stateCode": "ALB"
   },
   {
      "name": "Province of Albay",
      "countryCode": "PH",
      "stateCode": "ALB"
   },
   {
      "name": "Province of Camarines Norte",
      "countryCode": "PH",
      "stateCode": "ALB"
   },
   {
      "name": "Province of Camarines Sur",
      "countryCode": "PH",
      "stateCode": "ALB"
   },
   {
      "name": "Province of Catanduanes",
      "countryCode": "PH",
      "stateCode": "ALB"
   },
   {
      "name": "Province of Masbate",
      "countryCode": "PH",
      "stateCode": "ALB"
   },
   {
      "name": "Province of Sorsogon",
      "countryCode": "PH",
      "stateCode": "ALB"
   },
   {
      "name": "Puro",
      "countryCode": "PH",
      "stateCode": "ALB"
   },
   {
      "name": "Putiao",
      "countryCode": "PH",
      "stateCode": "ALB"
   },
   {
      "name": "Quezon",
      "countryCode": "PH",
      "stateCode": "ALB"
   },
   {
      "name": "Quitang",
      "countryCode": "PH",
      "stateCode": "ALB"
   },
   {
      "name": "Ragay",
      "countryCode": "PH",
      "stateCode": "ALB"
   },
   {
      "name": "Rapu-Rapu",
      "countryCode": "PH",
      "stateCode": "ALB"
   },
   {
      "name": "Recodo",
      "countryCode": "PH",
      "stateCode": "ALB"
   },
   {
      "name": "Rizal",
      "countryCode": "PH",
      "stateCode": "ALB"
   },
   {
      "name": "Sabang",
      "countryCode": "PH",
      "stateCode": "ALB"
   },
   {
      "name": "Sabang Indan",
      "countryCode": "PH",
      "stateCode": "ALB"
   },
   {
      "name": "Sagnay",
      "countryCode": "PH",
      "stateCode": "ALB"
   },
   {
      "name": "Sagpon",
      "countryCode": "PH",
      "stateCode": "ALB"
   },
   {
      "name": "Sagrada",
      "countryCode": "PH",
      "stateCode": "ALB"
   },
   {
      "name": "Sagrada Familia",
      "countryCode": "PH",
      "stateCode": "ALB"
   },
   {
      "name": "Sagurong",
      "countryCode": "PH",
      "stateCode": "ALB"
   },
   {
      "name": "Salingogan",
      "countryCode": "PH",
      "stateCode": "ALB"
   },
   {
      "name": "Salogon",
      "countryCode": "PH",
      "stateCode": "ALB"
   },
   {
      "name": "Salvacion",
      "countryCode": "PH",
      "stateCode": "ALB"
   },
   {
      "name": "San Agustin",
      "countryCode": "PH",
      "stateCode": "ALB"
   },
   {
      "name": "San Andres",
      "countryCode": "PH",
      "stateCode": "ALB"
   },
   {
      "name": "San Antonio",
      "countryCode": "PH",
      "stateCode": "ALB"
   },
   {
      "name": "San Felipe",
      "countryCode": "PH",
      "stateCode": "ALB"
   },
   {
      "name": "San Fernando",
      "countryCode": "PH",
      "stateCode": "ALB"
   },
   {
      "name": "San Francisco",
      "countryCode": "PH",
      "stateCode": "ALB"
   },
   {
      "name": "San Gabriel",
      "countryCode": "PH",
      "stateCode": "ALB"
   },
   {
      "name": "San Isidro",
      "countryCode": "PH",
      "stateCode": "ALB"
   },
   {
      "name": "San Jacinto",
      "countryCode": "PH",
      "stateCode": "ALB"
   },
   {
      "name": "San Jose",
      "countryCode": "PH",
      "stateCode": "ALB"
   },
   {
      "name": "San Lucas",
      "countryCode": "PH",
      "stateCode": "ALB"
   },
   {
      "name": "San Miguel",
      "countryCode": "PH",
      "stateCode": "ALB"
   },
   {
      "name": "San Pascual",
      "countryCode": "PH",
      "stateCode": "ALB"
   },
   {
      "name": "San Pedro",
      "countryCode": "PH",
      "stateCode": "ALB"
   },
   {
      "name": "San Rafael",
      "countryCode": "PH",
      "stateCode": "ALB"
   },
   {
      "name": "San Ramon",
      "countryCode": "PH",
      "stateCode": "ALB"
   },
   {
      "name": "San Roque",
      "countryCode": "PH",
      "stateCode": "ALB"
   },
   {
      "name": "San Sebastian",
      "countryCode": "PH",
      "stateCode": "ALB"
   },
   {
      "name": "San Vicente",
      "countryCode": "PH",
      "stateCode": "ALB"
   },
   {
      "name": "Santa Cruz",
      "countryCode": "PH",
      "stateCode": "ALB"
   },
   {
      "name": "Santa Elena",
      "countryCode": "PH",
      "stateCode": "ALB"
   },
   {
      "name": "Santa Justina",
      "countryCode": "PH",
      "stateCode": "ALB"
   },
   {
      "name": "Santa Magdalena",
      "countryCode": "PH",
      "stateCode": "ALB"
   },
   {
      "name": "Santa Rosa Sur",
      "countryCode": "PH",
      "stateCode": "ALB"
   },
   {
      "name": "Santa Teresita",
      "countryCode": "PH",
      "stateCode": "ALB"
   },
   {
      "name": "Santo Domingo",
      "countryCode": "PH",
      "stateCode": "ALB"
   },
   {
      "name": "Santo Ni単o",
      "countryCode": "PH",
      "stateCode": "ALB"
   },
   {
      "name": "Sinuknipan",
      "countryCode": "PH",
      "stateCode": "ALB"
   },
   {
      "name": "Sipocot",
      "countryCode": "PH",
      "stateCode": "ALB"
   },
   {
      "name": "Siruma",
      "countryCode": "PH",
      "stateCode": "ALB"
   },
   {
      "name": "Sogod",
      "countryCode": "PH",
      "stateCode": "ALB"
   },
   {
      "name": "Sorsogon",
      "countryCode": "PH",
      "stateCode": "ALB"
   },
   {
      "name": "Sugcad",
      "countryCode": "PH",
      "stateCode": "ALB"
   },
   {
      "name": "Sugod",
      "countryCode": "PH",
      "stateCode": "ALB"
   },
   {
      "name": "Tabaco",
      "countryCode": "PH",
      "stateCode": "ALB"
   },
   {
      "name": "Tagas",
      "countryCode": "PH",
      "stateCode": "ALB"
   },
   {
      "name": "Tagoytoy",
      "countryCode": "PH",
      "stateCode": "ALB"
   },
   {
      "name": "Talisay",
      "countryCode": "PH",
      "stateCode": "ALB"
   },
   {
      "name": "Talubatib",
      "countryCode": "PH",
      "stateCode": "ALB"
   },
   {
      "name": "Tambo",
      "countryCode": "PH",
      "stateCode": "ALB"
   },
   {
      "name": "Tara",
      "countryCode": "PH",
      "stateCode": "ALB"
   },
   {
      "name": "Tariric",
      "countryCode": "PH",
      "stateCode": "ALB"
   },
   {
      "name": "Tigaon",
      "countryCode": "PH",
      "stateCode": "ALB"
   },
   {
      "name": "Tigbao",
      "countryCode": "PH",
      "stateCode": "ALB"
   },
   {
      "name": "Tigbaw",
      "countryCode": "PH",
      "stateCode": "ALB"
   },
   {
      "name": "Tigbinan",
      "countryCode": "PH",
      "stateCode": "ALB"
   },
   {
      "name": "Tinago",
      "countryCode": "PH",
      "stateCode": "ALB"
   },
   {
      "name": "Tinalmud",
      "countryCode": "PH",
      "stateCode": "ALB"
   },
   {
      "name": "Tinambac",
      "countryCode": "PH",
      "stateCode": "ALB"
   },
   {
      "name": "Tinampo",
      "countryCode": "PH",
      "stateCode": "ALB"
   },
   {
      "name": "Tinawagan",
      "countryCode": "PH",
      "stateCode": "ALB"
   },
   {
      "name": "Tiwi",
      "countryCode": "PH",
      "stateCode": "ALB"
   },
   {
      "name": "Tubli",
      "countryCode": "PH",
      "stateCode": "ALB"
   },
   {
      "name": "Tuburan",
      "countryCode": "PH",
      "stateCode": "ALB"
   },
   {
      "name": "Tugos",
      "countryCode": "PH",
      "stateCode": "ALB"
   },
   {
      "name": "Tulay na Lupa",
      "countryCode": "PH",
      "stateCode": "ALB"
   },
   {
      "name": "Tumalaytay",
      "countryCode": "PH",
      "stateCode": "ALB"
   },
   {
      "name": "Umabay",
      "countryCode": "PH",
      "stateCode": "ALB"
   },
   {
      "name": "Usab",
      "countryCode": "PH",
      "stateCode": "ALB"
   },
   {
      "name": "Uson",
      "countryCode": "PH",
      "stateCode": "ALB"
   },
   {
      "name": "Utabi",
      "countryCode": "PH",
      "stateCode": "ALB"
   },
   {
      "name": "Viga",
      "countryCode": "PH",
      "stateCode": "ALB"
   },
   {
      "name": "Villahermosa",
      "countryCode": "PH",
      "stateCode": "ALB"
   },
   {
      "name": "Vinzons",
      "countryCode": "PH",
      "stateCode": "ALB"
   },
   {
      "name": "Virac",
      "countryCode": "PH",
      "stateCode": "ALB"
   }
]