[
   {
      "name": "Alba Posse",
      "countryCode": "AR",
      "stateCode": "N",
      "latitude": "-27.56978000",
      "longitude": "-54.68262000"
   },
   {
      "name": "Almafuerte",
      "countryCode": "AR",
      "stateCode": "N",
      "latitude": "-27.50825000",
      "longitude": "-55.40258000"
   },
   {
      "name": "Aristóbulo del Valle",
      "countryCode": "AR",
      "stateCode": "N",
      "latitude": "-27.09625000",
      "longitude": "-54.89626000"
   },
   {
      "name": "Arroyo del Medio",
      "countryCode": "AR",
      "stateCode": "N",
      "latitude": "-27.69748000",
      "longitude": "-55.40376000"
   },
   {
      "name": "Azara",
      "countryCode": "AR",
      "stateCode": "N",
      "latitude": "-28.06160000",
      "longitude": "-55.67797000"
   },
   {
      "name": "Bernardo de Irigoyen",
      "countryCode": "AR",
      "stateCode": "N",
      "latitude": "-26.25520000",
      "longitude": "-53.64581000"
   },
   {
      "name": "Bonpland",
      "countryCode": "AR",
      "stateCode": "N",
      "latitude": "-27.48218000",
      "longitude": "-55.47756000"
   },
   {
      "name": "Campo Grande",
      "countryCode": "AR",
      "stateCode": "N",
      "latitude": "-27.20770000",
      "longitude": "-54.97977000"
   },
   {
      "name": "Campo Ramón",
      "countryCode": "AR",
      "stateCode": "N",
      "latitude": "-27.45490000",
      "longitude": "-55.02122000"
   },
   {
      "name": "Campo Viera",
      "countryCode": "AR",
      "stateCode": "N",
      "latitude": "-27.33271000",
      "longitude": "-55.05651000"
   },
   {
      "name": "Candelaria",
      "countryCode": "AR",
      "stateCode": "N",
      "latitude": "-27.45950000",
      "longitude": "-55.74536000"
   },
   {
      "name": "Capioví",
      "countryCode": "AR",
      "stateCode": "N",
      "latitude": "-26.92998000",
      "longitude": "-55.06084000"
   },
   {
      "name": "Caraguatay",
      "countryCode": "AR",
      "stateCode": "N",
      "latitude": "-26.60587000",
      "longitude": "-54.78093000"
   },
   {
      "name": "Cerro Azul",
      "countryCode": "AR",
      "stateCode": "N",
      "latitude": "-27.63310000",
      "longitude": "-55.49620000"
   },
   {
      "name": "Cerro Corá",
      "countryCode": "AR",
      "stateCode": "N",
      "latitude": "-27.51310000",
      "longitude": "-55.60896000"
   },
   {
      "name": "Colonia Aurora",
      "countryCode": "AR",
      "stateCode": "N",
      "latitude": "-27.47428000",
      "longitude": "-54.52498000"
   },
   {
      "name": "Concepción de la Sierra",
      "countryCode": "AR",
      "stateCode": "N",
      "latitude": "-27.98311000",
      "longitude": "-55.52031000"
   },
   {
      "name": "Departamento de Apóstoles",
      "countryCode": "AR",
      "stateCode": "N",
      "latitude": "-27.91667000",
      "longitude": "-55.75000000"
   },
   {
      "name": "Departamento de Cainguás",
      "countryCode": "AR",
      "stateCode": "N",
      "latitude": "-27.16667000",
      "longitude": "-54.83333000"
   },
   {
      "name": "Departamento de Candelaria",
      "countryCode": "AR",
      "stateCode": "N",
      "latitude": "-27.50000000",
      "longitude": "-55.50000000"
   },
   {
      "name": "Departamento de Capital",
      "countryCode": "AR",
      "stateCode": "N",
      "latitude": "-27.50000000",
      "longitude": "-55.83333000"
   },
   {
      "name": "Departamento de Concepción de la Sierra",
      "countryCode": "AR",
      "stateCode": "N",
      "latitude": "-27.83333000",
      "longitude": "-55.41667000"
   },
   {
      "name": "Departamento de Eldorado",
      "countryCode": "AR",
      "stateCode": "N",
      "latitude": "-26.25000000",
      "longitude": "-54.41667000"
   },
   {
      "name": "Departamento de General Manuel Belgrano",
      "countryCode": "AR",
      "stateCode": "N",
      "latitude": "-26.16667000",
      "longitude": "-53.91667000"
   },
   {
      "name": "Departamento de Guaraní",
      "countryCode": "AR",
      "stateCode": "N",
      "latitude": "-27.16667000",
      "longitude": "-54.16667000"
   },
   {
      "name": "Departamento de Iguazú",
      "countryCode": "AR",
      "stateCode": "N",
      "latitude": "-25.86667000",
      "longitude": "-54.36667000"
   },
   {
      "name": "Departamento de Leandro N. Alem",
      "countryCode": "AR",
      "stateCode": "N",
      "latitude": "-27.56667000",
      "longitude": "-55.33333000"
   },
   {
      "name": "Departamento de Libertador General San Martín",
      "countryCode": "AR",
      "stateCode": "N",
      "latitude": "-26.91667000",
      "longitude": "-54.91667000"
   },
   {
      "name": "Departamento de Montecarlo",
      "countryCode": "AR",
      "stateCode": "N",
      "latitude": "-26.71667000",
      "longitude": "-54.58333000"
   },
   {
      "name": "Departamento de Oberá",
      "countryCode": "AR",
      "stateCode": "N",
      "latitude": "-27.55000000",
      "longitude": "-55.08333000"
   },
   {
      "name": "Departamento de San Ignacio",
      "countryCode": "AR",
      "stateCode": "N",
      "latitude": "-27.25000000",
      "longitude": "-55.33333000"
   },
   {
      "name": "Departamento de San Javier",
      "countryCode": "AR",
      "stateCode": "N",
      "latitude": "-27.77806000",
      "longitude": "-55.13004000"
   },
   {
      "name": "Departamento de San Pedro",
      "countryCode": "AR",
      "stateCode": "N",
      "latitude": "-26.66667000",
      "longitude": "-54.00000000"
   },
   {
      "name": "Departamento de Veinticinco de Mayo",
      "countryCode": "AR",
      "stateCode": "N",
      "latitude": "-27.41667000",
      "longitude": "-54.66667000"
   },
   {
      "name": "Dos Arroyos",
      "countryCode": "AR",
      "stateCode": "N",
      "latitude": "-27.69946000",
      "longitude": "-55.25207000"
   },
   {
      "name": "Dos de Mayo",
      "countryCode": "AR",
      "stateCode": "N",
      "latitude": "-27.02277000",
      "longitude": "-54.68669000"
   },
   {
      "name": "El Alcázar",
      "countryCode": "AR",
      "stateCode": "N",
      "latitude": "-26.71459000",
      "longitude": "-54.81523000"
   },
   {
      "name": "El Soberbio",
      "countryCode": "AR",
      "stateCode": "N",
      "latitude": "-27.29847000",
      "longitude": "-54.19877000"
   },
   {
      "name": "Florentino Ameghino",
      "countryCode": "AR",
      "stateCode": "N",
      "latitude": "-27.56667000",
      "longitude": "-55.13333000"
   },
   {
      "name": "Garuhapé",
      "countryCode": "AR",
      "stateCode": "N",
      "latitude": "-26.81768000",
      "longitude": "-54.95665000"
   },
   {
      "name": "Garupá",
      "countryCode": "AR",
      "stateCode": "N",
      "latitude": "-27.48171000",
      "longitude": "-55.82921000"
   },
   {
      "name": "General Alvear",
      "countryCode": "AR",
      "stateCode": "N",
      "latitude": "-27.42611000",
      "longitude": "-55.16916000"
   },
   {
      "name": "Gobernador Roca",
      "countryCode": "AR",
      "stateCode": "N",
      "latitude": "-27.18636000",
      "longitude": "-55.46433000"
   },
   {
      "name": "Guaraní",
      "countryCode": "AR",
      "stateCode": "N",
      "latitude": "-27.52323000",
      "longitude": "-55.16077000"
   },
   {
      "name": "Jardín América",
      "countryCode": "AR",
      "stateCode": "N",
      "latitude": "-27.04346000",
      "longitude": "-55.22698000"
   },
   {
      "name": "Loreto",
      "countryCode": "AR",
      "stateCode": "N",
      "latitude": "-27.33177000",
      "longitude": "-55.52499000"
   },
   {
      "name": "Los Helechos",
      "countryCode": "AR",
      "stateCode": "N",
      "latitude": "-27.55051000",
      "longitude": "-55.07908000"
   },
   {
      "name": "Mojón Grande",
      "countryCode": "AR",
      "stateCode": "N",
      "latitude": "-27.71165000",
      "longitude": "-55.15631000"
   },
   {
      "name": "Montecarlo",
      "countryCode": "AR",
      "stateCode": "N",
      "latitude": "-26.56620000",
      "longitude": "-54.75700000"
   },
   {
      "name": "Mártires",
      "countryCode": "AR",
      "stateCode": "N",
      "latitude": "-27.42265000",
      "longitude": "-55.37659000"
   },
   {
      "name": "Oberá",
      "countryCode": "AR",
      "stateCode": "N",
      "latitude": "-27.48706000",
      "longitude": "-55.11994000"
   },
   {
      "name": "Panambí",
      "countryCode": "AR",
      "stateCode": "N",
      "latitude": "-27.72369000",
      "longitude": "-54.91515000"
   },
   {
      "name": "Picada Gobernador López",
      "countryCode": "AR",
      "stateCode": "N",
      "latitude": "-27.67069000",
      "longitude": "-55.24585000"
   },
   {
      "name": "Posadas",
      "countryCode": "AR",
      "stateCode": "N",
      "latitude": "-27.36708000",
      "longitude": "-55.89608000"
   },
   {
      "name": "Puerto Eldorado",
      "countryCode": "AR",
      "stateCode": "N",
      "latitude": "-26.40843000",
      "longitude": "-54.69463000"
   },
   {
      "name": "Puerto Esperanza",
      "countryCode": "AR",
      "stateCode": "N",
      "latitude": "-26.02267000",
      "longitude": "-54.61356000"
   },
   {
      "name": "Puerto Iguazú",
      "countryCode": "AR",
      "stateCode": "N",
      "latitude": "-25.59912000",
      "longitude": "-54.57355000"
   },
   {
      "name": "Puerto Leoni",
      "countryCode": "AR",
      "stateCode": "N",
      "latitude": "-26.98762000",
      "longitude": "-55.16569000"
   },
   {
      "name": "Puerto Libertad",
      "countryCode": "AR",
      "stateCode": "N",
      "latitude": "-25.91958000",
      "longitude": "-54.58229000"
   },
   {
      "name": "Puerto Piray",
      "countryCode": "AR",
      "stateCode": "N",
      "latitude": "-26.46937000",
      "longitude": "-54.70736000"
   },
   {
      "name": "Puerto Rico",
      "countryCode": "AR",
      "stateCode": "N",
      "latitude": "-26.79598000",
      "longitude": "-55.02402000"
   },
   {
      "name": "Ruiz de Montoya",
      "countryCode": "AR",
      "stateCode": "N",
      "latitude": "-26.98333000",
      "longitude": "-55.05000000"
   },
   {
      "name": "San José",
      "countryCode": "AR",
      "stateCode": "N",
      "latitude": "-27.76979000",
      "longitude": "-55.78260000"
   },
   {
      "name": "San Pedro",
      "countryCode": "AR",
      "stateCode": "N",
      "latitude": "-26.62207000",
      "longitude": "-54.10842000"
   },
   {
      "name": "San Vicente",
      "countryCode": "AR",
      "stateCode": "N",
      "latitude": "-26.61667000",
      "longitude": "-54.13333000"
   },
   {
      "name": "Santa María",
      "countryCode": "AR",
      "stateCode": "N",
      "latitude": "-27.93490000",
      "longitude": "-55.40742000"
   },
   {
      "name": "Santo Pipó",
      "countryCode": "AR",
      "stateCode": "N",
      "latitude": "-27.14132000",
      "longitude": "-55.40867000"
   },
   {
      "name": "Tres Capones",
      "countryCode": "AR",
      "stateCode": "N",
      "latitude": "-28.00641000",
      "longitude": "-55.60471000"
   },
   {
      "name": "Veinticinco de Mayo",
      "countryCode": "AR",
      "stateCode": "N",
      "latitude": "-27.37679000",
      "longitude": "-54.74312000"
   },
   {
      "name": "Wanda",
      "countryCode": "AR",
      "stateCode": "N",
      "latitude": "-25.96879000",
      "longitude": "-54.56285000"
   }
]